id,bilissel_performans_skoru
1,5.850587324609678
2,6.009999999999999
3,3.5
4,6.640000000000001
5,4.4
6,5.2299999999999995
7,5.37
8,8.36
9,5.85
10,1.7699999999999998
11,9.997650701561287
12,5.99
13,6.35
14,6.970000000000001
15,6.409999999999999
16,3.9
17,7.75
18,7.75
19,9.999999999999998
20,3.31
21,5.75
22,6.849999999999999
23,3.05
24,4.529999999999999
25,6.3
26,7.29
27,6.24
28,7.779999999999999
29,5.739999999999999
30,8.3
31,8.1
32,6.371761973829034
33,6.57
34,6.95
35,5.183523947658068
36,5.91
37,6.04
38,7.069999999999999
39,6.959999999999998
40,9.27
41,6.5299999999999985
42,4.633539429293542
43,7.528825350780643
44,5.67
45,9.15
46,0.47
47,5.779999999999999
48,7.540000000000001
49,5.2996604189101415
50,8.65
51,8.190000000000001
52,4.76
53,7.34
54,6.4399999999999995
55,4.21
56,7.040000000000001
57,3.3299999999999996
58,4.45
59,4.39
60,6.67
61,8.32
62,7.879999999999999
63,6.13
64,3.97
65,3.4299999999999997
66,6.009999999999999
67,5.790587324609677
68,3.479999999999999
69,6.95
70,1.83
71,4.12
72,7.079999999999999
73,8.86
74,5.36
75,1.8599999999999999
76,5.689999999999999
77,5.479999999999999
78,5.06
79,9.71
80,6.37
81,5.62
82,4.09
83,7.34
84,7.58
85,6.609999999999999
86,5.55
87,7.790000000000001
88,9.37
89,3.51
90,7.7299999999999995
91,4.29
92,5.424111272267745
93,4.36
94,9.999999999999998
95,6.7117619738290335
96,7.522936623048389
97,6.72
98,3.97
99,6.869999999999999
100,9.999999999999998
101,4.04
102,5.25
103,5.99
104,1.88
105,6.09
106,4.2299999999999995
107,8.459999999999999
108,9.27
109,6.982349298438711
110,9.84
111,3.86
112,2.05
113,4.9799999999999995
114,5.57
115,7.388238026170967
116,7.7299999999999995
117,7.69
118,9.15
119,8.0
120,3.67
121,2.62
122,6.05
123,8.742349298438713
124,6.459999999999999
125,0.02
126,8.51
127,5.1
128,7.959999999999998
129,3.88
130,8.64
131,4.64
132,8.93
133,6.2799999999999985
134,5.82
135,7.169999999999999
136,8.459999999999999
137,8.27
138,6.93
139,4.82
140,5.5
141,6.99
142,5.479999999999999
143,5.95
144,5.329999999999999
145,6.659999999999999
146,8.8
147,5.479999999999999
148,8.57
149,5.3100000000000005
150,7.94
151,7.229999999999999
152,3.9
153,4.96
154,5.12
155,8.01
156,9.579999999999998
157,4.9
158,4.55
159,3.76
160,3.15
161,5.87
162,7.718238026170966
163,1.41
164,3.59
165,7.82
166,6.63
167,7.57
168,2.6599999999999997
169,9.02
170,9.2
171,7.83
172,8.77
173,3.36
174,4.949999999999999
175,6.08
176,5.838238026170965
177,7.4
178,5.859999999999999
179,4.32
180,5.65
181,2.46
182,2.3064605707064576
183,4.7700000000000005
184,4.66
185,8.37
186,9.31
187,5.29
188,8.57
189,5.49
190,3.97
191,3.47
192,2.3600000000000003
193,5.25
194,5.3100000000000005
195,9.75
196,6.840000000000001
197,5.5
198,6.17
199,8.379999999999999
200,1.1300000000000001
201,8.14
202,5.779999999999999
203,6.499999999999999
204,4.84
205,9.995888727732254
206,5.970000000000001
207,7.459999999999999
208,3.996476052341932
209,4.8100000000000005
210,6.55
211,2.4999999999999996
212,7.43
213,3.2499999999999996
214,4.5200000000000005
215,6.69
216,9.999999999999998
217,8.05
218,4.36
219,5.42
220,5.89
221,0.48
222,5.3
223,3.3299999999999996
224,8.620000000000001
225,7.4
226,9.3
227,8.209999999999999
228,7.1
229,4.13
230,1.66
231,9.290000000000001
232,8.620000000000001
233,4.949999999999999
234,1.8599999999999999
235,8.11
236,8.338825350780644
237,6.2
238,8.690000000000001
239,6.09
240,5.009999999999999
241,8.209999999999999
242,5.1
243,5.76
244,4.49
245,4.949999999999999
246,1.8488253507806442
247,6.879999999999999
248,6.56
249,9.209999999999999
250,7.74
251,4.419999999999999
252,8.03
253,5.739999999999999
254,6.599999999999999
255,3.6799999999999997
256,9.16
257,6.62
258,4.13
259,6.45
260,5.82
261,0.58
262,6.799999999999999
263,6.9799999999999995
264,3.61
265,5.39
266,7.040000000000001
267,4.41
268,9.42
269,7.699412675390322
270,0.41
271,4.38
272,9.74
273,2.43
274,8.2
275,8.78
276,2.82
277,9.4
278,7.55
279,3.2199999999999998
280,2.2399999999999998
281,5.43
282,8.49
283,7.449999999999999
284,2.55
285,8.940000000000001
286,3.187650701561288
287,6.06
288,8.43
289,3.3899999999999997
290,3.661174649219356
291,1.94
292,5.5
293,4.0600000000000005
294,7.980587324609678
295,7.669999999999999
296,4.37
297,8.26
298,6.72
299,4.84
300,1.56
301,8.2
302,2.91
303,6.24
304,3.55
305,7.709999999999999
306,7.869999999999999
307,8.17
308,5.331761973829034
309,4.949999999999999
310,4.999999999999999
311,6.6499999999999995
312,4.0
313,9.999999999999998
314,8.58
315,3.6
316,6.869999999999999
317,2.41
318,4.15
319,6.14
320,7.42
321,6.5200000000000005
322,5.79
323,2.7399999999999998
324,7.14
325,6.08
326,7.57
327,4.82
328,7.009999999999999
329,4.720000000000001
330,9.997650701561287
331,9.77
332,8.43
333,4.9
334,9.84
335,5.209999999999999
336,4.37
337,8.870000000000001
338,7.05
339,5.36
340,7.58
341,4.83
342,2.46
343,8.48
344,1.95
345,8.059999999999999
346,6.21
347,7.35
348,6.680000000000001
349,5.970000000000001
350,4.25
351,6.13
352,4.25
353,3.97
354,5.88
355,1.83
356,7.05
357,6.470000000000001
358,7.05
359,5.26706337695161
360,9.849999999999998
361,4.779999999999999
362,4.12
363,1.04
364,5.8100000000000005
365,6.397650701561289
366,5.13
367,4.38
368,6.39
369,6.17
370,2.7199999999999998
371,9.2
372,6.18
373,7.05
374,5.84
375,6.06
376,6.489999999999999
377,4.4399999999999995
378,6.55
379,6.790000000000002
380,9.999999999999998
381,9.849999999999998
382,5.479999999999999
383,2.65
384,8.45
385,8.66
386,6.63
387,7.040000000000001
388,8.23
389,9.999999999999998
390,7.94706337695161
391,2.79
392,4.62
393,2.42
394,8.129999999999999
395,7.090000000000001
396,2.9499999999999997
397,5.7299999999999995
398,2.81
399,8.54
400,8.871761973829035
401,8.559999999999999
402,2.2199999999999998
403,2.35
404,7.057650701561287
405,6.69
406,3.78
407,6.57
408,4.89
409,6.75
410,4.3100000000000005
411,5.158825350780644
412,5.3100000000000005
413,7.26
414,8.43
415,4.200587324609678
416,4.2299999999999995
417,5.62
418,6.321761973829034
419,7.83
420,1.58
421,4.93
422,4.479999999999999
423,3.31
424,4.8100000000000005
425,5.065873246096779
426,5.57
427,4.65
428,4.96
429,4.99
430,6.13
431,7.25
432,5.759412675390322
433,8.690000000000001
434,3.8499999999999996
435,4.57
436,3.66
437,7.859999999999999
438,6.43
439,4.4399999999999995
440,9.31
441,6.93
442,1.1051119810649623e-19
443,6.809999999999999
444,3.2299999999999995
445,5.55
446,4.16
447,7.18
448,3.91
449,9.17
450,4.029999999999999
451,6.9799999999999995
452,7.009999999999999
453,8.23
454,4.67
455,4.76
456,7.069999999999999
457,1.92
458,3.8200000000000003
459,6.779999999999999
460,5.539999999999999
461,4.21
462,8.39
463,9.23
464,3.3400000000000003
465,5.0200000000000005
466,9.120000000000001
467,8.39
468,6.590000000000001
469,5.71
470,7.529999999999999
471,5.799999999999999
472,5.7700000000000005
473,9.040000000000001
474,2.7
475,3.67
476,6.76
477,7.809999999999999
478,7.869999999999999
479,9.11
480,1.9699999999999998
481,5.83
482,7.9799999999999995
483,6.6499999999999995
484,5.99
485,7.6099999999999985
486,7.470000000000001
487,2.92
488,5.42293662304839
489,4.54
490,5.9799999999999995
491,9.91
492,2.69
493,6.13
494,1.0498808078590754e-19
495,7.409999999999999
496,7.29
497,7.19
498,9.61
499,4.3
500,8.02
501,5.2299999999999995
502,5.41
503,8.32
504,4.4399999999999995
505,3.65
506,6.119999999999999
507,7.48
508,7.379999999999999
509,9.549999999999999
510,1.63
511,8.25
512,7.079999999999999
513,5.45
514,4.25
515,5.08
516,9.83
517,3.2999999999999994
518,8.98
519,4.0600000000000005
520,2.88
521,6.39
522,5.34
523,1.47
524,9.45
525,5.209999999999999
526,4.55
527,2.7699999999999996
528,5.57
529,7.279999999999999
530,7.449999999999999
531,6.04
532,3.471174649219356
533,8.77
534,8.16
535,8.7
536,4.7
537,7.879999999999999
538,9.28
539,4.26
540,5.75
541,6.94
542,7.3
543,9.66
544,6.709999999999999
545,9.995888727732254
546,5.46
547,2.46
548,7.14
549,7.059999999999999
550,6.779999999999999
551,6.54
552,6.281761973829033
553,8.82
554,5.61
555,4.76
556,6.879999999999999
557,5.1899999999999995
558,5.04
559,3.9899999999999998
560,2.05
561,8.708238026170966
562,8.18
563,7.659999999999999
564,5.65
565,6.1253014031225765
566,8.949446098905993e-20
567,7.24
568,5.68
569,3.46
570,8.059999999999999
571,7.040000000000001
572,8.99
573,7.879999999999999
574,9.64
575,4.09
576,4.921174649219356
577,9.25
578,3.97
579,7.169999999999999
580,4.36
581,6.9
582,3.9299999999999997
583,5.5600000000000005
584,3.97
585,7.95
586,5.5
587,8.059999999999999
588,5.859999999999999
589,6.2799999999999985
590,7.659999999999999
591,4.49
592,3.7299999999999995
593,9.24
594,5.45
595,7.359999999999999
596,8.74
597,4.37
598,2.919412675390322
599,6.14
600,7.76
601,8.290000000000001
602,4.7299999999999995
603,6.62
604,2.94
605,1.8
606,7.8
607,7.35
608,5.39
609,4.58
610,7.68
611,5.159999999999999
612,2.15
613,7.790000000000001
614,5.014698596877423
615,6.1899999999999995
616,7.069999999999999
617,5.95
618,8.42
619,1.3379316793900817e-19
620,5.96
621,5.96
622,4.479999999999999
623,8.124139169714783e-20
624,8.27
625,7.009999999999999
626,3.7999999999999994
627,6.081174649219356
628,4.76
629,8.28
630,5.71
631,7.779999999999999
632,5.63
633,7.13
634,6.35
635,2.57
636,4.18
637,6.55
638,6.0
639,5.45
640,4.62
641,3.7682380261709665
642,9.559999999999999
643,4.55
644,6.4799999999999995
645,2.7399999999999998
646,5.5600000000000005
647,9.999999999999998
648,5.11
649,8.72
650,1.46
651,9.899999999999999
652,6.45
653,3.55
654,4.18
655,6.0200000000000005
656,5.91
657,5.811174649219357
658,8.459999999999999
659,5.131761973829033
660,2.94
661,3.9788253507806433
662,7.8
663,7.209999999999999
664,8.14
665,4.5600000000000005
666,9.999999999999998
667,4.689999999999999
668,4.57
669,8.129999999999999
670,7.909999999999998
671,6.25
672,7.0200000000000005
673,6.26
674,8.23
675,7.449999999999999
676,7.090000000000001
677,7.9
678,8.72
679,1.03
680,8.76
681,3.6
682,7.62
683,2.7800000000000002
684,8.440000000000001
685,2.68
686,8.14
687,5.99
688,6.45
689,7.229999999999999
690,7.529999999999999
691,6.379999999999999
692,4.45
693,3.84
694,6.640000000000001
695,7.12
696,5.7
697,4.59
698,5.720000000000001
699,1.7199999999999998
700,4.16
701,9.999999999999998
702,5.209999999999999
703,3.9399999999999995
704,2.8699999999999997
705,6.16
706,8.65
707,1.62
708,6.16
709,9.49
710,3.5200000000000005
711,9.24
712,5.5200000000000005
713,9.5
714,6.95
715,3.88
716,6.029999999999999
717,2.16
718,6.83
719,4.38706337695161
720,7.33
721,5.1899999999999995
722,6.009999999999999
723,7.679412675390322
724,9.995301403122575
725,2.82
726,5.15
727,7.24
728,6.25
729,6.119999999999999
730,5.13
731,8.32
732,8.67
733,3.29
734,2.4666375639915924e-19
735,9.999999999999998
736,6.6499999999999995
737,5.739999999999999
738,6.75
739,6.21
740,5.2
741,6.3
742,8.18
743,6.599999999999999
744,7.2700000000000005
745,5.95
746,1.9100000000000001
747,7.962936623048389
748,4.59
749,9.359999999999998
750,5.823523947658068
751,4.25
752,9.2
753,7.409999999999999
754,4.34
755,6.72
756,8.957650701561287
757,6.5299999999999985
758,4.76
759,6.2299999999999995
760,9.999999999999998
761,5.39
762,6.499999999999999
763,5.9799999999999995
764,7.24
765,9.999999999999998
766,7.169999999999999
767,8.57
768,3.7999999999999994
769,0.056476052341932155
770,5.4
771,6.16
772,2.12
773,7.18
774,6.859999999999999
775,6.009999999999999
776,6.959999999999998
777,5.7
778,4.2
779,6.869999999999999
780,3.03
781,7.599999999999999
782,9.999999999999998
783,8.309999999999999
784,5.859999999999999
785,6.859999999999999
786,7.869999999999999
787,5.85
788,8.059999999999999
789,4.99
790,7.14
791,6.959999999999998
792,4.629999999999999
793,8.02
794,6.849999999999999
795,4.75
796,6.51
797,5.95
798,4.21
799,6.39
800,3.9299999999999997
801,5.06
802,6.4399999999999995
803,6.590000000000001
804,6.809999999999999
805,4.65
806,4.0200000000000005
807,8.64
808,4.7
809,5.66
810,5.49
811,9.120000000000001
812,9.259999999999998
813,6.06
814,7.279999999999999
815,2.55
816,5.549412675390322
817,4.7299999999999995
818,4.279999999999999
819,5.92
820,6.13
821,7.840000000000001
822,5.799999999999999
823,6.06
824,3.5799999999999996
825,1.54
826,6.45
827,5.4
828,8.379999999999999
829,5.689999999999999
830,3.5299999999999994
831,5.06
832,7.590000000000002
833,6.790000000000002
834,5.63
835,8.709999999999999
836,5.2299999999999995
837,5.159999999999999
838,4.41
839,6.76
840,4.5200000000000005
841,7.529999999999999
842,8.1
843,5.9399999999999995
844,7.790000000000001
845,4.14
846,4.36
847,3.07
848,5.58
849,5.61
850,1.93
851,8.52
852,5.6282380261709655
853,5.11
854,6.3100000000000005
855,9.999999999999998
856,3.26
857,1.35
858,0.73
859,6.09
860,8.53
861,8.09
862,6.17706337695161
863,5.91
864,7.43
865,4.13
866,8.8
867,5.66
868,3.8200000000000003
869,4.3
870,5.1899999999999995
871,8.85
872,7.32
873,5.37
874,2.44
875,9.999999999999998
876,4.04
877,6.4399999999999995
878,3.03
879,8.68
880,6.460587324609677
881,5.12
882,6.29
883,5.3100000000000005
884,8.11
885,5.6
886,1.93
887,2.8600000000000003
888,2.63
889,7.7700000000000005
890,8.790000000000001
891,2.85
892,7.709999999999999
893,5.64
894,6.029999999999999
895,6.16
896,2.8
897,4.59
898,3.79
899,9.290000000000001
900,9.999999999999998
901,7.75
902,3.3700000000000006
903,8.53
904,0.36
905,3.26
906,8.16
907,8.379999999999999
908,4.15
909,6.0
910,6.859999999999999
911,4.15
912,9.359999999999998
913,7.82
914,6.76
915,7.1
916,4.21
917,6.63
918,6.849999999999999
919,6.4
920,7.72
921,7.6099999999999985
922,6.459999999999999
923,9.18
924,5.96
925,8.809999999999999
926,9.88
927,8.07
928,8.03
929,8.790000000000001
930,6.740000000000001
931,9.973306297993995
932,9.33
933,2.81
934,2.69
935,4.789999999999999
936,1.6700000000000002
937,7.43
938,8.59
939,7.95
940,2.2399999999999998
941,8.129999999999999
942,3.6399999999999997
943,9.15
944,6.11
945,5.88
946,7.529999999999999
947,7.63
948,8.65
949,4.949999999999999
950,7.109999999999999
951,3.9399999999999995
952,3.0599999999999996
953,5.96
954,5.99
955,3.8899999999999997
956,4.64
957,3.56
958,2.3899999999999997
959,1.6999999999999997
960,2.8600000000000003
961,8.92
962,5.859999999999999
963,4.2
964,8.92
965,3.78
966,7.9
967,5.45
968,6.2299999999999995
969,3.97
970,5.42
971,5.95
972,7.079999999999999
973,6.55
974,2.35
975,7.040000000000001
976,4.12
977,4.9
978,8.45
979,5.25
980,5.85
981,8.120000000000001
982,9.33
983,9.31
984,6.879999999999999
985,0.06999999999999995
986,9.379999999999999
987,8.2
988,3.720587324609678
989,3.79
990,4.29
991,6.58
992,5.35
993,6.3100000000000005
994,5.8999999999999995
995,8.22
996,6.06
997,9.259999999999998
998,3.66
999,4.739999999999999
1000,6.18
1001,5.970000000000001
1002,6.95
1003,9.120000000000001
1004,9.24
1005,2.97
1006,1.51
1007,4.739999999999999
1008,6.55
1009,3.62
1010,6.42
1011,5.18
1012,8.41
1013,5.4
1014,6.94
1015,6.2799999999999985
1016,8.52
1017,9.16
1018,9.999999999999998
1019,5.799999999999999
1020,5.14
1021,2.7399999999999998
1022,5.050000000000001
1023,7.58
1024,7.1
1025,5.171174649219356
1026,7.590000000000002
1027,6.93
1028,4.13
1029,4.2
1030,5.720000000000001
1031,5.92
1032,8.36
1033,8.72
1034,8.459999999999999
1035,5.92
1036,6.220000000000001
1037,5.5600000000000005
1038,5.59
1039,8.620000000000001
1040,7.5
1041,4.24
1042,6.740000000000001
1043,7.56
1044,7.85
1045,5.8100000000000005
1046,6.56
1047,6.45
1048,2.575888727732254
1049,5.29
1050,8.02
1051,7.379999999999999
1052,7.12
1053,0.63
1054,6.94
1055,4.75
1056,4.59
1057,3.76
1058,7.2
1059,8.03
1060,3.4670633769516104
1061,9.994714078512898
1062,8.209999999999999
1063,4.5600000000000005
1064,8.379999999999999
1065,5.65
1066,7.63
1067,8.05
1068,6.56
1069,7.529999999999999
1070,8.17
1071,9.994126753903219
1072,7.37
1073,6.220000000000001
1074,9.73
1075,7.8
1076,6.11
1077,4.279999999999999
1078,7.699999999999999
1079,3.2
1080,2.88
1081,9.999999999999998
1082,6.849999999999999
1083,5.009999999999999
1084,3.41
1085,6.17
1086,2.83
1087,3.78
1088,0.19
1089,3.9899999999999998
1090,6.76
1091,3.88
1092,4.49
1093,5.79587324609678
1094,6.3
1095,6.909999999999999
1096,8.760587324609679
1097,6.69
1098,4.54
1099,5.68
1100,5.11
1101,6.599999999999999
1102,7.43
1103,3.5200000000000005
1104,6.35
1105,5.93
1106,2.69
1107,9.440000000000001
1108,4.14
1109,7.159999999999999
1110,2.2099999999999995
1111,4.88
1112,3.55
1113,6.58
1114,5.741174649219356
1115,4.13
1116,3.9299999999999997
1117,5.779999999999999
1118,6.45
1119,9.76
1120,9.75
1121,9.99
1122,6.879999999999999
1123,5.04
1124,4.949999999999999
1125,3.26
1126,7.05
1127,4.4399999999999995
1128,9.73
1129,3.3700000000000006
1130,5.59
1131,1.88
1132,7.4399999999999995
1133,3.28
1134,1.9699999999999998
1135,7.209999999999999
1136,6.659999999999999
1137,3.17
1138,5.49
1139,7.159999999999999
1140,8.22
1141,5.43
1142,2.09
1143,7.169999999999999
1144,3.471174649219356
1145,2.31
1146,6.99
1147,1.56
1148,3.9399999999999995
1149,5.35
1150,7.5
1151,8.861761973829033
1152,8.059999999999999
1153,5.2299999999999995
1154,4.61
1155,6.0200000000000005
1156,4.9
1157,6.409999999999999
1158,1.66
1159,5.12
1160,5.29
1161,7.25
1162,5.87
1163,8.309999999999999
1164,5.35
1165,8.790000000000001
1166,6.500587324609677
1167,7.26
1168,8.0
1169,4.470000000000001
1170,4.2299999999999995
1171,3.86
1172,7.63
1173,4.24
1174,9.24
1175,3.5799999999999996
1176,3.38
1177,4.61
1178,7.540000000000001
1179,6.1899999999999995
1180,2.9299999999999997
1181,7.34
1182,9.949999999999998
1183,2.25
1184,2.2600000000000002
1185,7.58
1186,3.3999999999999995
1187,4.5
1188,6.56
1189,1.6999999999999997
1190,5.069999999999999
1191,4.88
1192,6.54
1193,3.7299999999999995
1194,7.55
1195,3.29
1196,3.45
1197,7.278238026170966
1198,7.29
1199,3.3400000000000003
1200,1.66
1201,7.68
1202,7.169999999999999
1203,4.9399999999999995
1204,8.25
1205,3.8299999999999996
1206,8.8
1207,4.07
1208,5.3100000000000005
1209,7.0
1210,8.76
1211,5.779999999999999
1212,5.997650701561287
1213,8.45
1214,9.359999999999998
1215,7.6099999999999985
1216,3.0599999999999996
1217,8.77
1218,3.3400000000000003
1219,5.220000000000001
1220,7.809999999999999
1221,6.069999999999999
1222,7.95
1223,3.7199999999999998
1224,3.78
1225,8.39
1226,9.87
1227,6.2799999999999985
1228,2.57
1229,5.88
1230,6.18
1231,9.994126753903219
1232,6.161761973829034
1233,6.92
1234,7.83
1235,5.75
1236,9.35
1237,3.2299999999999995
1238,9.39
1239,3.7199999999999998
1240,7.99
1241,6.14
1242,6.37
1243,4.9799999999999995
1244,5.17
1245,5.5
1246,6.699999999999999
1247,6.3
1248,5.050000000000001
1249,7.959999999999998
1250,5.26
1251,8.55
1252,5.689999999999999
1253,9.995888727732254
1254,2.32
1255,5.209999999999999
1256,6.609999999999999
1257,5.92
1258,7.37
1259,7.63
1260,5.2
1261,8.15
1262,8.47
1263,6.1
1264,8.08
1265,5.799999999999999
1266,8.05
1267,9.999999999999998
1268,9.81
1269,7.52
1270,9.999999999999998
1271,7.169999999999999
1272,4.71
1273,6.26
1274,6.3929366230483895
1275,8.92
1276,4.26
1277,0.19
1278,4.54
1279,2.85
1280,4.528238026170966
1281,3.3899999999999997
1282,5.67
1283,2.09
1284,5.279999999999999
1285,6.0200000000000005
1286,6.16
1287,3.3400000000000003
1288,7.51
1289,8.28
1290,0.05
1291,8.1
1292,4.88
1293,6.220000000000001
1294,3.6799999999999997
1295,7.699999999999999
1296,8.11
1297,4.43
1298,2.79
1299,3.45
1300,8.35
1301,8.93
1302,4.04
1303,4.76
1304,4.11
1305,5.456476052341932
1306,4.93
1307,5.1
1308,4.029999999999999
1309,5.96
1310,5.970000000000001
1311,3.28
1312,6.51
1313,6.2799999999999985
1314,7.52
1315,3.47
1316,9.37
1317,2.3600000000000003
1318,3.2499999999999996
1319,1.3199999999999998
1320,7.0299999999999985
1321,6.15
1322,5.999412675390322
1323,6.590000000000001
1324,5.76
1325,7.959999999999998
1326,9.202349298438712
1327,6.99
1328,3.0
1329,8.55
1330,6.7299999999999995
1331,7.390000000000001
1332,6.92
1333,7.859999999999999
1334,3.63
1335,5.39
1336,6.779999999999999
1337,1.9699999999999998
1338,3.2299999999999995
1339,4.36
1340,7.209999999999999
1341,5.59
1342,7.25
1343,4.689999999999999
1344,6.069999999999999
1345,2.2399999999999998
1346,7.35
1347,7.15
1348,2.73
1349,7.040000000000001
1350,6.640000000000001
1351,3.16
1352,6.7299999999999995
1353,4.38
1354,5.55
1355,6.05
1356,6.2299999999999995
1357,6.0
1358,6.29
1359,6.42
1360,4.51
1361,9.470587324609678
1362,9.009999999999998
1363,5.88
1364,5.46
1365,5.51
1366,3.3200000000000003
1367,9.18
1368,6.859999999999999
1369,5.59
1370,4.66
1371,9.61
1372,2.96
1373,6.83
1374,5.61
1375,8.23
1376,7.059999999999999
1377,4.82
1378,6.699999999999999
1379,5.58
1380,7.15
1381,3.0599999999999996
1382,9.66
1383,1.1699999999999997
1384,7.92
1385,9.999999999999998
1386,1.19
1387,5.17
1388,8.459999999999999
1389,6.09
1390,3.5399999999999996
1391,0.99
1392,2.18
1393,5.82
1394,6.17
1395,4.89
1396,5.75
1397,6.5299999999999985
1398,9.649412675390323
1399,6.56
1400,4.71
1401,4.4
1402,7.409999999999999
1403,9.24
1404,4.981174649219355
1405,8.046313724563918
1406,3.88
1407,4.999999999999999
1408,2.83
1409,4.999999999999999
1410,4.789999999999999
1411,9.31
1412,5.7700000000000005
1413,5.49
1414,9.997650701561287
1415,9.996476052341931
1416,4.0600000000000005
1417,2.8
1418,8.74
1419,6.93
1420,1.22
1421,8.75
1422,9.74
1423,9.34
1424,7.42
1425,9.72
1426,7.76
1427,3.6276352199258137
1428,2.8999999999999995
1429,7.7700000000000005
1430,2.71
1431,7.13
1432,5.82
1433,7.590000000000002
1434,5.59
1435,7.85
1436,7.6099999999999985
1437,6.790000000000002
1438,6.609999999999999
1439,6.609999999999999
1440,8.55
1441,5.67
1442,8.59
1443,8.5
1444,3.8499999999999996
1445,9.03
1446,5.96
1447,4.9399999999999995
1448,8.59
1449,6.1899999999999995
1450,7.58
1451,8.952349298438712
1452,5.36
1453,3.5
1454,6.799999999999999
1455,7.57
1456,8.54
1457,6.8388253507806445
1458,6.21
1459,6.17
1460,1.846056326283753e-19
1461,7.7700000000000005
1462,2.4
1463,2.9529521046838645
1464,5.59
1465,3.9299999999999997
1466,5.050000000000001
1467,6.809999999999999
1468,7.659999999999999
1469,8.99
1470,4.5600000000000005
1471,6.869999999999999
1472,0.42
1473,8.0
1474,4.84
1475,2.46
1476,7.379999999999999
1477,5.720000000000001
1478,3.84
1479,1.44
1480,6.76
1481,7.55
1482,6.7299999999999995
1483,1.7199999999999998
1484,4.417063376951609
1485,9.849999999999998
1486,2.67
1487,5.3
1488,2.2
1489,5.63
1490,4.33
1491,4.99
1492,4.3100000000000005
1493,8.440000000000001
1494,5.88
1495,8.379999999999999
1496,5.5200000000000005
1497,5.49
1498,7.6499999999999995
1499,5.279999999999999
1500,9.479999999999999
1501,3.7299999999999995
1502,7.8
1503,4.231761973829033
1504,4.93
1505,3.2299999999999995
1506,6.72
1507,5.06
1508,6.54
1509,4.51
1510,6.43
1511,9.999999999999998
1512,1.78
1513,0.77
1514,9.59
1515,7.449999999999999
1516,6.62
1517,8.889999999999999
1518,7.040000000000001
1519,4.34
1520,3.3499999999999996
1521,5.82
1522,4.470000000000001
1523,7.220000000000001
1524,0.94
1525,4.01
1526,7.9611746492193545
1527,3.979999999999999
1528,6.58
1529,7.572349298438712
1530,8.47
1531,4.35
1532,2.25
1533,5.5200000000000005
1534,4.419999999999999
1535,3.6799999999999997
1536,9.78
1537,5.6505873246096785
1538,6.83
1539,5.476476052341932
1540,4.0200000000000005
1541,6.849999999999999
1542,5.95
1543,9.34
1544,7.69
1545,3.74
1546,9.14
1547,5.9799999999999995
1548,8.26
1549,7.2
1550,6.56
1551,2.56
1552,6.2799999999999985
1553,2.831174649219356
1554,3.8499999999999996
1555,6.94
1556,9.999999999999998
1557,9.99
1558,5.84
1559,5.39
1560,7.5
1561,7.76
1562,8.59
1563,5.5
1564,3.207650701561288
1565,5.5200000000000005
1566,7.51
1567,6.58
1568,4.91
1569,2.65
1570,4.419999999999999
1571,7.35
1572,7.93
1573,2.6399999999999997
1574,5.92
1575,6.11
1576,7.970000000000001
1577,4.51
1578,7.55
1579,2.67
1580,7.0299999999999985
1581,8.059999999999999
1582,3.38
1583,3.74
1584,3.5799999999999996
1585,7.51
1586,4.901174649219357
1587,8.879999999999999
1588,6.7700000000000005
1589,4.84
1590,5.41
1591,8.93
1592,8.09
1593,2.25706337695161
1594,4.109412675390322
1595,0.37
1596,2.7682380261709656
1597,5.06
1598,8.55
1599,4.7
1600,3.968238026170966
1601,8.1
1602,8.48
1603,4.26
1604,8.2
1605,4.419999999999999
1606,9.999999999999998
1607,9.994714078512898
1608,3.95
1609,4.36
1610,7.590000000000002
1611,7.790000000000001
1612,7.879999999999999
1613,5.17
1614,4.59
1615,2.41
1616,7.090000000000001
1617,4.8
1618,4.949999999999999
1619,7.56
1620,5.18
1621,6.0
1622,6.409999999999999
1623,7.94
1624,6.4
1625,7.33
1626,8.85
1627,8.98
1628,4.679999999999999
1629,5.7299999999999995
1630,2.3699999999999997
1631,9.65
1632,7.6499999999999995
1633,9.834698596877423
1634,8.459999999999999
1635,9.18
1636,4.5
1637,7.29
1638,7.69
1639,9.02
1640,5.220000000000001
1641,7.090000000000001
1642,4.46
1643,4.479999999999999
1644,6.909999999999999
1645,6.329999999999999
1646,4.7299999999999995
1647,5.18
1648,8.43
1649,3.51
1650,3.96
1651,3.2
1652,9.579999999999998
1653,4.96
1654,5.34
1655,8.08
1656,1.0
1657,8.83
1658,3.57
1659,9.8
1660,8.459999999999999
1661,7.19
1662,7.449999999999999
1663,5.61
1664,6.58
1665,6.220000000000001
1666,6.0200000000000005
1667,3.08
1668,7.35
1669,8.790000000000001
1670,5.8100000000000005
1671,5.7
1672,3.01
1673,9.999999999999998
1674,5.479999999999999
1675,2.23
1676,5.99
1677,4.9
1678,3.3264760523419317
1679,6.37
1680,3.4399999999999995
1681,5.029999999999999
1682,1.2783986643246652e-19
1683,7.090000000000001
1684,7.459999999999999
1685,9.379999999999999
1686,4.32
1687,2.0
1688,7.090000000000001
1689,4.5
1690,4.529999999999999
1691,5.6
1692,9.209999999999999
1693,6.640000000000001
1694,5.83
1695,0.6
1696,5.29
1697,8.309999999999999
1698,6.58
1699,6.2
1700,7.079999999999999
1701,3.17
1702,4.029999999999999
1703,7.470000000000001
1704,7.341761973829034
1705,4.86
1706,5.15
1707,5.713523947658068
1708,7.599999999999999
1709,8.22
1710,6.05
1711,8.790000000000001
1712,5.470000000000001
1713,5.607650701561289
1714,7.93
1715,7.220000000000001
1716,7.0299999999999985
1717,4.5600000000000005
1718,4.540587324609678
1719,7.279999999999999
1720,7.599999999999999
1721,5.76
1722,4.18
1723,4.54
1724,1.8599999999999999
1725,9.999999999999998
1726,5.18
1727,3.75
1728,6.799999999999999
1729,5.3100000000000005
1730,4.83
1731,8.32
1732,7.079999999999999
1733,8.2
1734,5.89
1735,2.17
1736,9.579999999999998
1737,6.519412675390322
1738,9.999999999999998
1739,8.53
1740,8.309999999999999
1741,0.9
1742,8.61
1743,6.590000000000001
1744,7.079999999999999
1745,7.835285921487102
1746,8.08
1747,7.33
1748,7.659999999999999
1749,1.3699999999999999
1750,4.789999999999999
1751,8.37
1752,8.64
1753,5.4
1754,4.65
1755,5.36
1756,7.069999999999999
1757,9.999999999999998
1758,4.58
1759,5.37
1760,7.279999999999999
1761,3.1100000000000003
1762,5.329999999999999
1763,1.3800000000000001
1764,3.4899999999999998
1765,4.14
1766,5.31293662304839
1767,4.9799999999999995
1768,9.995301403122575
1769,3.5
1770,4.04
1771,3.27
1772,4.5600000000000005
1773,3.7700000000000005
1774,6.459999999999999
1775,7.14
1776,4.84
1777,8.01
1778,5.58
1779,9.78
1780,8.68
1781,9.05
1782,6.409999999999999
1783,8.67
1784,9.03
1785,3.3200000000000003
1786,4.83
1787,5.789412675390322
1788,5.09
1789,9.259999999999998
1790,9.999999999999998
1791,8.889999999999999
1792,4.779999999999999
1793,5.319999999999999
1794,5.61
1795,1.83
1796,8.620000000000001
1797,7.43
1798,4.7
1799,1.8999999999999997
1800,5.0200000000000005
1801,3.7199999999999998
1802,3.8899999999999997
1803,8.872349298438712
1804,7.25
1805,8.909999999999998
1806,5.2
1807,1.1199999999999999
1808,6.2299999999999995
1809,5.3
1810,9.278238026170966
1811,4.46
1812,8.17
1813,6.24
1814,2.8899999999999997
1815,6.955285921487102
1816,6.72
1817,3.9
1818,7.18
1819,8.15
1820,7.6099999999999985
1821,8.34
1822,8.17
1823,3.1100000000000003
1824,9.16
1825,5.68
1826,7.51
1827,9.994126753903219
1828,3.490587324609678
1829,3.3200000000000003
1830,4.16
1831,3.97
1832,6.26
1833,7.43
1834,2.06
1835,5.5200000000000005
1836,5.49
1837,3.9
1838,5.36
1839,7.6099999999999985
1840,7.0200000000000005
1841,3.27
1842,6.709999999999999
1843,8.26
1844,2.67
1845,8.27
1846,5.46
1847,9.379999999999999
1848,8.47
1849,6.9
1850,5.89
1851,6.83
1852,4.970000000000001
1853,2.84
1854,4.87
1855,6.55
1856,2.05
1857,5.739999999999999
1858,4.01
1859,3.3999999999999995
1860,6.35
1861,3.24
1862,8.92
1863,5.83
1864,4.45
1865,5.2
1866,9.999999999999998
1867,8.59
1868,6.54
1869,6.877650701561287
1870,6.590000000000001
1871,6.16
1872,5.0200000000000005
1873,5.35
1874,1.64
1875,3.1
1876,4.448238026170966
1877,7.48
1878,3.6
1879,1.85
1880,6.840000000000001
1881,4.0200000000000005
1882,6.56
1883,5.319999999999999
1884,9.995301403122575
1885,8.110587324609677
1886,4.877650701561287
1887,7.599999999999999
1888,4.75
1889,7.470000000000001
1890,5.470000000000001
1891,7.379999999999999
1892,7.859999999999999
1893,9.540000000000001
1894,6.680000000000001
1895,7.32
1896,7.0299999999999985
1897,5.67
1898,5.68
1899,9.1
1900,9.28
1901,7.4399999999999995
1902,7.028825350780642
1903,3.9299999999999997
1904,3.5799999999999996
1905,6.640000000000001
1906,5.84
1907,3.57
1908,6.4399999999999995
1909,8.43
1910,8.9
1911,6.879999999999999
1912,4.51
1913,7.0299999999999985
1914,7.42
1915,2.83
1916,3.86
1917,4.029999999999999
1918,8.129999999999999
1919,2.8617619738290343
1920,6.51
1921,7.18
1922,7.56
1923,5.2553014031225755
1924,8.08
1925,9.999999999999998
1926,5.91
1927,8.45
1928,8.129999999999999
1929,5.87
1930,7.709999999999999
1931,1.7512476225370552e-19
1932,6.35
1933,3.3299999999999996
1934,6.34
1935,5.681761973829033
1936,1.8999999999999997
1937,6.08
1938,2.1564760523419326
1939,4.51
1940,4.85
1941,4.6
1942,6.14
1943,9.66
1944,2.62
1945,3.6899999999999995
1946,8.36
1947,9.999999999999998
1948,8.589412675390323
1949,5.1
1950,2.06
1951,7.009999999999999
1952,7.8
1953,4.01
1954,2.44
1955,2.67
1956,6.119999999999999
1957,6.599999999999999
1958,8.76
1959,1.5
1960,8.86
1961,5.799999999999999
1962,4.8100000000000005
1963,8.45
1964,7.37
1965,3.61
1966,9.8
1967,6.1
1968,6.379999999999999
1969,7.631174649219355
1970,5.58
1971,5.285832200509179
1972,9.35
1973,7.459999999999999
1974,4.18
1975,6.809999999999999
1976,6.69
1977,6.2299999999999995
1978,8.8
1979,7.669999999999999
1980,4.11
1981,1.54
1982,5.9799999999999995
1983,5.57
1984,7.869999999999999
1985,4.561761973829034
1986,4.8100000000000005
1987,3.8899999999999997
1988,5.92
1989,2.9499999999999997
1990,5.799999999999999
1991,4.85
1992,9.02
1993,6.680000000000001
1994,1.6
1995,5.96
1996,7.449999999999999
1997,8.809999999999999
1998,5.4
1999,4.999999999999999
2000,8.531174649219356
2001,2.92
2002,7.63
2003,5.5200000000000005
2004,8.47
2005,6.8817619738290325
2006,7.12
2007,3.8299999999999996
2008,1.02
2009,3.38
2010,5.25
2011,5.89
2012,6.29
2013,8.73
2014,6.640000000000001
2015,2.9299999999999997
2016,5.539999999999999
2017,4.99
2018,6.4399999999999995
2019,7.409999999999999
2020,6.869999999999999
2021,3.24
2022,5.95
2023,6.571761973829034
2024,6.93
2025,6.06
2026,9.75
2027,6.67
2028,1.8199999999999998
2029,0.3399999999999999
2030,8.129999999999999
2031,5.1
2032,9.65
2033,6.790000000000002
2034,3.46
2035,4.679999999999999
2036,7.93
2037,4.92
2038,2.44
2039,7.74
2040,8.5
2041,4.32
2042,7.7700000000000005
2043,3.91
2044,5.62
2045,6.790000000000002
2046,8.493523947658067
2047,6.06
2048,1.51
2049,6.470000000000001
2050,4.18
2051,3.2999999999999994
2052,1.34
2053,2.3399999999999994
2054,4.41
2055,6.4399999999999995
2056,2.32
2057,7.809999999999999
2058,7.220000000000001
2059,6.999412675390322
2060,6.849999999999999
2061,4.51
2062,5.12
2063,6.409999999999999
2064,3.46
2065,4.999999999999999
2066,8.08
2067,9.997063376951608
2068,7.159999999999999
2069,6.14
2070,6.470000000000001
2071,7.669999999999999
2072,3.36
2073,3.1899999999999995
2074,3.4194126753903222
2075,4.49
2076,4.6717619738290335
2077,3.47
2078,5.268825350780644
2079,7.19
2080,6.24
2081,9.998238026170965
2082,6.599999999999999
2083,8.41
2084,6.169412675390323
2085,6.94
2086,8.14
2087,1.47
2088,8.909999999999998
2089,9.39
2090,8.76
2091,3.17
2092,3.2299999999999995
2093,6.51
2094,5.7
2095,4.0670633769516105
2096,4.970000000000001
2097,7.590000000000002
2098,7.4399999999999995
2099,2.2600000000000002
2100,7.159999999999999
2101,3.95
2102,6.970000000000001
2103,8.74
2104,7.26
2105,3.1100000000000003
2106,8.040000000000001
2107,3.4399999999999995
2108,2.2399999999999998
2109,6.36
2110,5.68
2111,6.127650701561288
2112,4.3
2113,5.260587324609677
2114,8.64
2115,6.14
2116,2.48
2117,8.26
2118,5.91
2119,6.45
2120,5.859999999999999
2121,6.32
2122,2.779412675390322
2123,2.31
2124,5.91
2125,6.499999999999999
2126,4.629999999999999
2127,5.470000000000001
2128,6.24
2129,5.5299999999999985
2130,7.05
2131,6.4799999999999995
2132,5.209999999999999
2133,5.35
2134,6.36
2135,2.2399999999999998
2136,2.45
2137,8.49
2138,5.009999999999999
2139,6.659999999999999
2140,2.16
2141,8.39
2142,2.08
2143,6.6499999999999995
2144,6.7700000000000005
2145,9.995301403122575
2146,8.43
2147,6.5200000000000005
2148,4.739999999999999
2149,8.36
2150,7.26
2151,2.92
2152,5.277643667849912
2153,5.539999999999999
2154,7.4399999999999995
2155,6.779999999999999
2156,5.5200000000000005
2157,5.61
2158,7.0299999999999985
2159,9.23
2160,5.029999999999999
2161,1.95
2162,8.940000000000001
2163,5.87
2164,7.578238026170966
2165,6.2299999999999995
2166,6.92
2167,8.379999999999999
2168,5.87
2169,5.67
2170,6.779999999999999
2171,6.42
2172,9.999999999999998
2173,2.1100000000000003
2174,3.4299999999999997
2175,6.840000000000001
2176,8.49
2177,8.379999999999999
2178,8.15
2179,5.64
2180,6.4399999999999995
2181,1.69
2182,4.17
2183,5.87
2184,9.64
2185,7.169999999999999
2186,7.82
2187,1.78
2188,7.0200000000000005
2189,6.11
2190,2.31
2191,7.51
2192,9.397650701561288
2193,6.93
2194,7.32
2195,9.999999999999998
2196,9.88
2197,9.959999999999999
2198,3.9299999999999997
2199,7.24
2200,7.93
2201,8.75
2202,8.49
2203,5.0200000000000005
2204,8.878825350780643
2205,9.42
2206,5.79
2207,6.67
2208,5.84
2209,8.37
2210,3.2
2211,6.2799999999999985
2212,8.3
2213,6.72
2214,9.57
2215,7.12
2216,4.9399999999999995
2217,7.37
2218,3.5399999999999996
2219,2.69
2220,8.64
2221,8.34
2222,8.788238026170967
2223,2.84
2224,6.849999999999999
2225,7.83
2226,5.7
2227,6.119999999999999
2228,6.27
2229,8.97
2230,8.26
2231,5.08
2232,8.909999999999998
2233,6.680000000000001
2234,8.14
2235,6.1
2236,5.71
2237,7.459999999999999
2238,4.37
2239,6.92
2240,7.959999999999998
2241,3.31
2242,4.14
2243,9.22293662304839
2244,6.640000000000001
2245,7.959999999999998
2246,6.5200000000000005
2247,9.999999999999998
2248,6.26
2249,5.42
2250,4.35
2251,6.4
2252,6.56
2253,6.39
2254,9.87
2255,4.27
2256,6.0
2257,6.9799999999999995
2258,7.13
2259,4.9399999999999995
2260,4.35
2261,9.290000000000001
2262,9.629999999999999
2263,4.08
2264,8.991174649219355
2265,4.689999999999999
2266,7.76
2267,6.18
2268,2.15
2269,8.7
2270,7.15
2271,4.9399999999999995
2272,2.71
2273,3.9899999999999998
2274,6.63
2275,8.8
2276,8.16
2277,6.0200000000000005
2278,6.470000000000001
2279,8.92
2280,3.768825350780644
2281,5.91
2282,4.29
2283,7.05
2284,6.119999999999999
2285,3.1899999999999995
2286,5.84
2287,5.36
2288,3.979999999999999
2289,4.36
2290,7.6099999999999985
2291,9.849999999999998
2292,8.98
2293,7.669999999999999
2294,2.92
2295,4.1
2296,8.629999999999999
2297,5.13
2298,7.470000000000001
2299,7.25
2300,3.8299999999999996
2301,4.0200000000000005
2302,8.258825350780644
2303,7.449999999999999
2304,6.25
2305,6.82
2306,4.5600000000000005
2307,5.45
2308,8.75
2309,4.5
2310,1.4
2311,8.25
2312,6.51
2313,7.26
2314,7.840000000000001
2315,3.45
2316,7.83
2317,8.9
2318,7.381761973829033
2319,6.699999999999999
2320,5.68
2321,4.35
2322,2.31
2323,9.77
2324,7.159999999999999
2325,7.970000000000001
2326,6.919412675390322
2327,5.4399999999999995
2328,3.2
2329,2.6599999999999997
2330,5.25
2331,6.2799999999999985
2332,6.489999999999999
2333,7.42
2334,6.43
2335,7.1
2336,5.069999999999999
2337,4.96
2338,8.39
2339,4.918238026170966
2340,4.34
2341,3.12
2342,3.7299999999999995
2343,3.88
2344,4.41
2345,5.46
2346,4.14
2347,9.999999999999998
2348,7.0299999999999985
2349,6.220000000000001
2350,3.7199999999999998
2351,5.5299999999999985
2352,3.9200000000000004
2353,6.93
2354,6.57
2355,8.359412675390322
2356,8.379999999999999
2357,3.0
2358,3.4299999999999997
2359,6.659999999999999
2360,5.859999999999999
2361,2.6100000000000003
2362,2.6399999999999997
2363,8.440000000000001
2364,6.55
2365,5.75
2366,7.33
2367,9.52
2368,8.01
2369,2.32
2370,2.13
2371,6.799999999999999
2372,4.031761973829033
2373,7.459999999999999
2374,3.06706337695161
2375,1.98
2376,6.659999999999999
2377,5.640587324609678
2378,8.48
2379,3.81
2380,3.67
2381,9.39
2382,8.7
2383,3.9
2384,8.99
2385,6.849999999999999
2386,5.79
2387,6.000587324609677
2388,3.3299999999999996
2389,5.8999999999999995
2390,7.4399999999999995
2391,7.760587324609678
2392,5.88
2393,8.889999999999999
2394,7.109999999999999
2395,1.3599999999999999
2396,7.74
2397,7.14
2398,2.83
2399,9.009999999999998
2400,8.58
2401,5.85
2402,9.64
2403,5.0200000000000005
2404,6.82
2405,8.66
2406,7.56
2407,3.16
2408,9.570587324609678
2409,4.86
2410,5.3100000000000005
2411,9.03
2412,6.11
2413,7.92
2414,3.31
2415,5.779999999999999
2416,5.12
2417,7.62
2418,8.24
2419,4.999999999999999
2420,5.220000000000001
2421,4.41
2422,9.74
2423,2.08
2424,3.95
2425,1.1748651891403432e-19
2426,9.74
2427,5.2
2428,0.82
2429,7.48
2430,0.9
2431,4.89
2432,8.33
2433,3.51
2434,7.773523947658068
2435,6.859999999999999
2436,6.740000000000001
2437,5.279999999999999
2438,3.979999999999999
2439,7.809999999999999
2440,7.19
2441,2.62
2442,5.5
2443,5.12
2444,8.040000000000001
2445,7.95
2446,4.46
2447,7.7299999999999995
2448,9.985888727732254
2449,4.87
2450,5.04
2451,6.58
2452,7.909999999999998
2453,4.91
2454,5.65
2455,6.790000000000002
2456,3.13
2457,9.41
2458,9.34
2459,6.94
2460,4.16
2461,6.43
2462,4.11
2463,4.18
2464,5.050000000000001
2465,8.41
2466,6.740000000000001
2467,6.83
2468,7.279999999999999
2469,9.99
2470,4.64
2471,4.37
2472,8.33
2473,5.95
2474,5.5200000000000005
2475,2.94
2476,5.159999999999999
2477,5.37
2478,5.970000000000001
2479,4.18
2480,9.27
2481,5.4511746492193565
2482,7.069999999999999
2483,2.0376352199258134
2484,8.07
2485,2.9299999999999997
2486,7.3
2487,5.279999999999999
2488,3.84
2489,5.43
2490,5.41
2491,5.779999999999999
2492,2.6
2493,7.278238026170966
2494,6.959999999999998
2495,4.08
2496,6.869999999999999
2497,5.850587324609678
2498,4.1899999999999995
2499,6.99
2500,4.65
2501,8.83
2502,5.4
2503,6.2
2504,4.39
2505,9.040000000000001
2506,8.43
2507,4.6
2508,6.3100000000000005
2509,5.96
2510,8.07
2511,9.190000000000001
2512,6.35
2513,4.05
2514,5.66
2515,5.75
2516,4.96
2517,4.41
2518,3.4200000000000004
2519,5.209999999999999
2520,4.779999999999999
2521,4.07
2522,9.997650701561287
2523,7.090000000000001
2524,2.85
2525,9.999999999999998
2526,7.059999999999999
2527,9.540000000000001
2528,5.9799999999999995
2529,3.9299999999999997
2530,8.67
2531,8.11
2532,9.579999999999998
2533,6.24
2534,8.120000000000001
2535,4.86
2536,5.84
2537,8.05
2538,7.8
2539,6.6499999999999995
2540,7.58
2541,6.1
2542,6.909999999999999
2543,8.790000000000001
2544,3.3299999999999996
2545,4.75
2546,4.13
2547,5.470000000000001
2548,5.799999999999999
2549,8.25
2550,8.309999999999999
2551,2.8600000000000003
2552,6.35
2553,8.54
2554,7.169999999999999
2555,4.8100000000000005
2556,2.8999999999999995
2557,7.2700000000000005
2558,9.57
2559,6.927650701561288
2560,6.35
2561,7.669999999999999
2562,4.85
2563,5.159999999999999
2564,5.64
2565,5.18
2566,7.970000000000001
2567,7.6099999999999985
2568,4.1899999999999995
2569,1.93
2570,4.62
2571,6.859999999999999
2572,5.720000000000001
2573,3.41
2574,7.890000000000001
2575,9.290000000000001
2576,5.57
2577,4.8100000000000005
2578,7.4729366230483905
2579,4.0200000000000005
2580,6.809999999999999
2581,9.999999999999998
2582,6.4399999999999995
2583,7.19
2584,5.46
2585,6.489999999999999
2586,3.96
2587,2.281174649219356
2588,6.63
2589,5.39
2590,6.890000000000001
2591,7.669999999999999
2592,8.809999999999999
2593,4.13
2594,8.959999999999997
2595,2.3699999999999997
2596,3.6799999999999997
2597,8.45
2598,8.800587324609678
2599,3.76
2600,2.395301403122576
2601,3.63
2602,7.13
2603,6.680000000000001
2604,6.379999999999999
2605,2.88
2606,5.84
2607,8.15
2608,7.220000000000001
2609,7.93
2610,6.24
2611,6.83
2612,4.32
2613,9.81
2614,2.9299999999999997
2615,4.84
2616,7.12
2617,3.15
2618,8.879999999999999
2619,7.76
2620,0.6641267539032203
2621,3.5388253507806438
2622,8.870000000000001
2623,8.870000000000001
2624,8.1
2625,7.390000000000001
2626,9.529999999999998
2627,5.59
2628,0.72
2629,9.999999999999998
2630,6.6499999999999995
2631,5.799999999999999
2632,7.790000000000001
2633,7.6099999999999985
2634,7.76
2635,0.53
2636,6.45
2637,6.58
2638,6.782349298438711
2639,6.82
2640,7.169999999999999
2641,5.470000000000001
2642,5.62
2643,8.01
2644,7.2
2645,6.99
2646,6.699999999999999
2647,3.8899999999999997
2648,9.090000000000002
2649,8.440000000000001
2650,4.82
2651,7.37
2652,6.16
2653,4.7700000000000005
2654,6.809999999999999
2655,5.59
2656,8.59
2657,4.92
2658,4.739999999999999
2659,4.479999999999999
2660,8.36
2661,8.379999999999999
2662,6.329999999999999
2663,5.689999999999999
2664,7.489999999999999
2665,5.63
2666,3.6899999999999995
2667,8.59
2668,4.96
2669,6.25
2670,5.24
2671,6.420587324609677
2672,3.2999999999999994
2673,6.849999999999999
2674,6.779999999999999
2675,7.590000000000002
2676,8.74
2677,4.220000000000001
2678,8.01
2679,6.04
2680,4.848238026170966
2681,2.56
2682,8.1
2683,2.91
2684,5.479999999999999
2685,7.26
2686,4.8100000000000005
2687,6.92
2688,2.2800000000000002
2689,7.359999999999999
2690,2.92
2691,7.540000000000001
2692,9.999999999999998
2693,2.7399999999999998
2694,2.7
2695,3.3700000000000006
2696,4.21
2697,3.3899999999999997
2698,4.39
2699,9.88
2700,2.18
2701,3.979999999999999
2702,4.64
2703,6.859999999999999
2704,9.061761973829034
2705,5.49
2706,6.67
2707,7.34
2708,4.689999999999999
2709,3.18
2710,8.26
2711,6.43
2712,6.94
2713,9.999999999999998
2714,3.6399999999999997
2715,3.8499999999999996
2716,2.1
2717,2.82
2718,4.926476052341932
2719,5.36
2720,4.7
2721,7.069999999999999
2722,7.5
2723,6.67
2724,3.9235394292935424
2725,5.68
2726,9.77
2727,7.85
2728,5.5600000000000005
2729,1.9899999999999998
2730,7.279999999999999
2731,7.159999999999999
2732,5.04
2733,6.029999999999999
2734,8.14
2735,7.069999999999999
2736,2.32
2737,6.3100000000000005
2738,5.38
2739,8.136476052341932
2740,5.5600000000000005
2741,7.6499999999999995
2742,5.89
2743,3.15
2744,5.43
2745,9.629999999999999
2746,5.37
2747,1.2499999999999998
2748,8.14
2749,6.45
2750,5.04
2751,6.34
2752,7.69
2753,6.99
2754,6.5200000000000005
2755,8.24
2756,4.15
2757,7.62
2758,4.64
2759,4.85
2760,8.1
2761,6.72
2762,0.67
2763,6.909999999999999
2764,5.49
2765,6.446476052341932
2766,5.29
2767,9.090000000000002
2768,5.76
2769,5.66
2770,1.1758732460967796
2771,6.34
2772,5.470000000000001
2773,8.240587324609677
2774,7.279999999999999
2775,7.56
2776,8.040000000000001
2777,4.99
2778,7.311174649219355
2779,6.740000000000001
2780,7.390000000000001
2781,6.0200000000000005
2782,8.879999999999999
2783,8.02
2784,6.351761973829033
2785,4.09
2786,4.41
2787,7.74
2788,6.0200000000000005
2789,5.220000000000001
2790,4.07
2791,8.45
2792,0.3399999999999999
2793,2.46
2794,2.5799999999999996
2795,0.65
2796,6.58
2797,7.279999999999999
2798,5.5200000000000005
2799,4.13
2800,3.9899999999999998
2801,2.52
2802,9.14
2803,5.51
2804,6.82
2805,5.41
2806,3.1399999999999992
2807,7.9
2808,7.470000000000001
2809,6.599999999999999
2810,6.790000000000002
2811,1.3547812712308834e-19
2812,8.839999999999998
2813,3.4899999999999998
2814,3.5799999999999996
2815,9.23
2816,7.040000000000001
2817,4.7
2818,2.81
2819,8.440000000000001
2820,8.47
2821,7.379999999999999
2822,4.1211746492193555
2823,6.1
2824,4.55
2825,5.92
2826,9.967109821858033
2827,6.25
2828,6.2799999999999985
2829,8.37
2830,4.279999999999999
2831,6.499999999999999
2832,7.82
2833,0.3299999999999999
2834,4.14
2835,5.24
2836,2.9499999999999997
2837,4.8100000000000005
2838,9.94
2839,4.55
2840,7.2
2841,2.03
2842,9.67
2843,5.09
2844,6.779999999999999
2845,3.5200000000000005
2846,5.82
2847,5.779999999999999
2848,4.93
2849,5.39
2850,4.64
2851,1.49
2852,8.47
2853,5.470000000000001
2854,4.629999999999999
2855,9.580587324609677
2856,4.7299999999999995
2857,9.999999999999998
2858,7.0200000000000005
2859,4.61
2860,6.879999999999999
2861,8.190000000000001
2862,7.6099999999999985
2863,8.879999999999999
2864,7.26
2865,5.35
2866,9.440000000000001
2867,4.57
2868,9.22
2869,9.997063376951608
2870,5.1
2871,5.55
2872,7.19
2873,8.839999999999998
2874,3.0599999999999996
2875,6.959999999999998
2876,4.96
2877,4.62
2878,6.21
2879,4.91
2880,4.39
2881,9.994714078512898
2882,3.6799999999999997
2883,6.92
2884,6.7299999999999995
2885,7.76
2886,1.2219325719568008e-19
2887,7.868238026170966
2888,9.64
2889,7.82
2890,8.1
2891,9.07
2892,7.809999999999999
2893,5.5200000000000005
2894,9.68
2895,4.62
2896,8.14
2897,6.82
2898,3.31
2899,5.38
2900,6.391174649219356
2901,5.36
2902,7.9799999999999995
2903,9.1
2904,4.82
2905,7.079999999999999
2906,7.533523947658067
2907,8.26
2908,6.379999999999999
2909,0.028238026170966078
2910,7.6099999999999985
2911,8.75
2912,3.7
2913,8.32
2914,3.07
2915,4.39
2916,6.970000000000001
2917,2.4999999999999996
2918,8.03
2919,5.35
2920,7.18
2921,7.599999999999999
2922,4.971174649219357
2923,6.63
2924,5.63
2925,6.45
2926,5.1899999999999995
2927,0.9
2928,2.65
2929,7.69
2930,4.51
2931,3.2
2932,8.54
2933,4.67
2934,3.6799999999999997
2935,5.009999999999999
2936,9.090000000000002
2937,2.97
2938,5.050000000000001
2939,5.91
2940,5.84
2941,8.43
2942,4.419999999999999
2943,6.72
2944,3.4399999999999995
2945,6.39
2946,8.459999999999999
2947,7.669999999999999
2948,0.77
2949,7.299412675390322
2950,5.5200000000000005
2951,5.89
2952,7.57
2953,4.779999999999999
2954,5.46
2955,2.53
2956,4.35
2957,6.959999999999998
2958,7.040000000000001
2959,5.159999999999999
2960,6.379999999999999
2961,3.07
2962,7.13
2963,7.669999999999999
2964,2.07
2965,3.7199999999999998
2966,3.4200000000000004
2967,5.68
2968,8.74
2969,5.71
2970,4.59
2971,6.840000000000001
2972,9.994126753903219
2973,5.38
2974,5.65
2975,6.2
2976,7.359999999999999
2977,4.43
2978,8.33
2979,9.32
2980,3.1100000000000003
2981,9.65
2982,3.0505873246096775
2983,5.470000000000001
2984,8.05
2985,6.784698596877423
2986,7.699999999999999
2987,8.9
2988,7.709999999999999
2989,8.928238026170966
2990,8.72
2991,6.2299999999999995
2992,3.97
2993,5.069999999999999
2994,5.539999999999999
2995,8.5
2996,8.57
2997,9.999999999999998
2998,5.84
2999,3.62
3000,9.16
3001,8.440000000000001
3002,7.1
3003,5.4
3004,8.629999999999999
3005,5.859999999999999
3006,6.409999999999999
3007,7.869999999999999
3008,8.74
3009,7.48
3010,5.36
3011,4.32
3012,7.457063376951609
3013,8.309999999999999
3014,5.859999999999999
3015,0.74
3016,8.39
3017,6.680000000000001
3018,7.34
3019,5.15
3020,3.65
3021,5.4399999999999995
3022,5.64
3023,4.14
3024,8.51
3025,3.9
3026,2.9899999999999998
3027,6.877650701561287
3028,7.2011746492193565
3029,5.050000000000001
3030,7.854698596877423
3031,4.57
3032,6.909999999999999
3033,5.06
3034,8.99
3035,7.05
3036,7.62
3037,4.419999999999999
3038,5.689412675390321
3039,8.28
3040,5.970000000000001
3041,5.91
3042,2.7199999999999998
3043,2.52
3044,7.449999999999999
3045,6.06
3046,8.440000000000001
3047,7.8
3048,7.58
3049,7.040000000000001
3050,6.102349298438711
3051,5.79
3052,3.2682380261709665
3053,6.27
3054,8.72
3055,8.4
3056,6.54
3057,7.93
3058,9.61
3059,6.16
3060,1.9600000000000002
3061,3.3499999999999996
3062,4.4
3063,6.57
3064,2.2099999999999995
3065,5.12
3066,6.890000000000001
3067,5.27
3068,5.069999999999999
3069,3.16
3070,6.5200000000000005
3071,7.181761973829034
3072,4.34
3073,6.444698596877424
3074,5.6
3075,7.75
3076,3.2
3077,7.220000000000001
3078,6.847650701561287
3079,7.9799999999999995
3080,8.864111272267746
3081,6.1
3082,7.25
3083,7.040000000000001
3084,7.19
3085,8.940000000000001
3086,5.8023492984387115
3087,4.720000000000001
3088,4.739999999999999
3089,5.57
3090,9.995301403122575
3091,7.18
3092,5.159999999999999
3093,6.119999999999999
3094,3.6899999999999995
3095,1.93
3096,1.95
3097,5.63
3098,8.290000000000001
3099,3.16
3100,5.4
3101,4.029999999999999
3102,7.63
3103,9.190000000000001
3104,5.85
3105,5.470000000000001
3106,7.99
3107,3.87
3108,7.331174649219356
3109,8.32
3110,8.630587324609676
3111,6.220000000000001
3112,6.188825350780643
3113,6.56
3114,5.1899999999999995
3115,8.09
3116,8.39
3117,8.629999999999999
3118,5.050000000000001
3119,9.999999999999998
3120,3.51
3121,6.19706337695161
3122,6.758238026170966
3123,5.3100000000000005
3124,6.63
3125,6.009999999999999
3126,6.06
3127,5.58
3128,2.67
3129,6.63
3130,4.49
3131,5.329999999999999
3132,5.62
3133,5.7299999999999995
3134,8.07
3135,3.7199999999999998
3136,1.7399999999999995
3137,1.06
3138,1.54
3139,7.92
3140,9.999999999999998
3141,7.040000000000001
3142,7.94
3143,9.129999999999999
3144,4.9799999999999995
3145,2.29
3146,5.329999999999999
3147,8.16
3148,4.83
3149,7.449999999999999
3150,5.15
3151,6.27
3152,4.6
3153,2.25
3154,4.54
3155,3.55
3156,8.040000000000001
3157,8.17
3158,7.57
3159,6.82
3160,3.1
3161,7.1
3162,4.21
3163,7.63
3164,7.6499999999999995
3165,7.82
3166,4.5600000000000005
3167,2.41
3168,7.959999999999998
3169,4.01
3170,5.58
3171,5.36
3172,8.26
3173,3.3700000000000006
3174,6.5299999999999985
3175,4.21
3176,5.158825350780644
3177,7.95
3178,5.83
3179,2.82
3180,7.13
3181,5.27
3182,2.04
3183,6.05
3184,9.559999999999999
3185,5.04
3186,6.220000000000001
3187,7.0299999999999985
3188,8.059999999999999
3189,1.0
3190,3.6899999999999995
3191,7.774698596877425
3192,4.529999999999999
3193,6.93
3194,7.531174649219355
3195,3.96
3196,8.37
3197,5.62
3198,8.57
3199,4.29
3200,6.4799999999999995
3201,9.25
3202,8.43
3203,5.704111272267746
3204,8.040000000000001
3205,7.74
3206,4.999999999999999
3207,7.220000000000001
3208,5.799999999999999
3209,2.1
3210,7.19
3211,1.94
3212,9.273006400201824e-20
3213,8.82
3214,5.96
3215,5.779999999999999
3216,6.840000000000001
3217,4.41
3218,2.2099999999999995
3219,5.43
3220,8.48
3221,4.57
3222,8.55
3223,5.11
3224,5.87
3225,1.59
3226,6.029999999999999
3227,8.49
3228,4.771174649219356
3229,8.879999999999999
3230,8.98
3231,7.699999999999999
3232,6.2299999999999995
3233,6.43
3234,5.970000000000001
3235,9.995301403122575
3236,5.988238026170966
3237,8.3
3238,3.4899999999999998
3239,6.16
3240,6.29
3241,7.75
3242,6.699999999999999
3243,3.3546985968774234
3244,8.66
3245,6.387635219925813
3246,1.95
3247,4.981761973829033
3248,8.18
3249,2.55
3250,6.609999999999999
3251,5.25
3252,5.6
3253,3.0599999999999996
3254,3.479999999999999
3255,4.434698596877424
3256,9.973306297993995
3257,5.7
3258,9.579999999999998
3259,7.4399999999999995
3260,6.659999999999999
3261,7.792349298438713
3262,8.809999999999999
3263,9.94
3264,4.7700000000000005
3265,7.228238026170965
3266,7.890000000000001
3267,8.040000000000001
3268,6.6499999999999995
3269,6.27
3270,5.09
3271,3.6776507015612876
3272,6.108238026170966
3273,8.11
3274,0.44000000000000006
3275,7.55
3276,6.36
3277,2.53
3278,4.279999999999999
3279,9.999999999999998
3280,6.489999999999999
3281,4.89
3282,7.34
3283,8.36
3284,7.959999999999998
3285,6.04
3286,4.7
3287,9.529999999999998
3288,6.459999999999999
3289,5.1899999999999995
3290,6.959999999999998
3291,5.4
3292,4.71
3293,7.069999999999999
3294,6.740000000000001
3295,5.3
3296,8.2
3297,6.5299999999999985
3298,7.52
3299,5.65
3300,6.92
3301,3.86
3302,5.55
3303,4.92
3304,7.040000000000001
3305,5.96
3306,5.99
3307,5.12
3308,4.999999999999999
3309,7.2
3310,4.9399999999999995
3311,8.379999999999999
3312,5.830587324609678
3313,5.009999999999999
3314,7.669999999999999
3315,7.220000000000001
3316,6.6499999999999995
3317,9.82
3318,2.79
3319,6.3100000000000005
3320,7.82
3321,5.12
3322,1.1224259225173156e-19
3323,9.65
3324,6.08
3325,5.515301403122576
3326,9.999999999999998
3327,8.15
3328,5.88
3329,5.0200000000000005
3330,8.3
3331,6.05
3332,7.6499999999999995
3333,3.88
3334,3.13
3335,5.689999999999999
3336,4.07
3337,3.4899999999999998
3338,6.95
3339,5.93
3340,7.29
3341,7.869999999999999
3342,6.9799999999999995
3343,4.04
3344,4.41
3345,6.329999999999999
3346,6.4
3347,8.66
3348,7.58
3349,7.379999999999999
3350,9.64
3351,4.05
3352,7.0299999999999985
3353,7.590000000000002
3354,5.0200000000000005
3355,3.8200000000000003
3356,6.009999999999999
3357,9.040000000000001
3358,7.25
3359,4.35
3360,6.498238026170966
3361,8.67
3362,8.43
3363,8.1
3364,6.029999999999999
3365,3.15
3366,5.6
3367,6.82
3368,8.837063376951608
3369,6.740000000000001
3370,6.6499999999999995
3371,5.319999999999999
3372,6.909999999999999
3373,8.137650701561288
3374,6.76
3375,6.558238026170965
3376,7.909999999999998
3377,5.09
3378,6.54
3379,6.72
3380,6.740000000000001
3381,6.5299999999999985
3382,3.9399999999999995
3383,6.379999999999999
3384,5.7
3385,9.73
3386,2.75
3387,6.9
3388,9.997650701561287
3389,7.69
3390,7.6499999999999995
3391,7.68
3392,5.58
3393,6.329999999999999
3394,8.39
3395,4.89
3396,4.970000000000001
3397,7.34
3398,8.690000000000001
3399,2.8600000000000003
3400,8.879999999999999
3401,7.56
3402,6.029999999999999
3403,3.66
3404,7.62
3405,5.75
3406,8.120000000000001
3407,7.009999999999999
3408,4.46
3409,3.01
3410,4.62
3411,3.3400000000000003
3412,4.18
3413,6.76
3414,4.45
3415,6.93
3416,3.79
3417,5.84
3418,4.49
3419,6.25
3420,4.1899999999999995
3421,6.779999999999999
3422,7.51
3423,6.2299999999999995
3424,6.1
3425,3.66
3426,7.599999999999999
3427,6.58
3428,4.679999999999999
3429,5.4
3430,7.659999999999999
3431,6.088238026170965
3432,1.1787634636108129e-19
3433,5.15
3434,6.27
3435,4.629999999999999
3436,5.63
3437,5.2
3438,9.331174649219356
3439,6.699999999999999
3440,6.909999999999999
3441,0.8800000000000001
3442,7.0299999999999985
3443,3.9899999999999998
3444,5.742349298438712
3445,5.7
3446,8.15
3447,9.11
3448,3.1
3449,4.43
3450,7.090000000000001
3451,7.209999999999999
3452,9.290000000000001
3453,9.33
3454,2.04
3455,3.1399999999999992
3456,4.629999999999999
3457,6.51
3458,5.84
3459,9.64
3460,0.02
3461,5.7299999999999995
3462,5.2
3463,4.8100000000000005
3464,7.0299999999999985
3465,4.08
3466,6.11
3467,5.009999999999999
3468,5.36
3469,4.18
3470,5.62
3471,3.5
3472,3.4399999999999995
3473,4.25
3474,8.1
3475,3.8376507015612877
3476,4.4
3477,3.0599999999999996
3478,4.2299999999999995
3479,5.55
3480,7.040000000000001
3481,5.14
3482,6.879999999999999
3483,9.999999999999998
3484,7.72
3485,7.090000000000001
3486,4.99
3487,4.92
3488,6.13
3489,1.7399999999999995
3490,5.1
3491,8.8
3492,9.998238026170965
3493,6.890000000000001
3494,9.999999999999998
3495,6.590000000000001
3496,8.73
3497,3.2141112722677456
3498,6.7700000000000005
3499,7.8
3500,7.85
3501,2.98
3502,1.3699999999999999
3503,3.29
3504,4.869412675390322
3505,1.1265241377459425e-19
3506,8.42
3507,8.09
3508,4.91
3509,5.65
3510,5.0200000000000005
3511,7.35
3512,6.67
3513,6.05
3514,7.959999999999998
3515,5.473987523621802
3516,6.32
3517,9.52
3518,1.3716271876340522e-19
3519,6.56
3520,6.0
3521,4.96
3522,9.995888727732254
3523,5.5600000000000005
3524,8.07
3525,8.870000000000001
3526,1.0730215227408908e-19
3527,7.079999999999999
3528,9.559999999999999
3529,9.601761973829033
3530,8.03
3531,3.1888253507806437
3532,4.999999999999999
3533,7.68
3534,7.599999999999999
3535,9.37
3536,6.2799999999999985
3537,4.55
3538,6.499999999999999
3539,8.75706337695161
3540,4.41
3541,7.56
3542,7.492349298438712
3543,9.15
3544,9.22
3545,7.890000000000001
3546,8.889999999999999
3547,6.909999999999999
3548,4.27
3549,4.83
3550,6.06
3551,9.54293662304839
3552,8.98
3553,7.0200000000000005
3554,4.55
3555,6.15
3556,7.009999999999999
3557,3.07
3558,2.68
3559,5.58
3560,5.3
3561,8.7
3562,6.790000000000002
3563,8.809999999999999
3564,9.17
3565,6.849999999999999
3566,7.26
3567,7.95
3568,5.7447140785128985
3569,5.84
3570,5.9799999999999995
3571,7.51
3572,1.62
3573,6.99
3574,6.51
3575,4.34
3576,6.99
3577,4.32
3578,7.74
3579,3.08
3580,7.3
3581,0.42999999999999994
3582,7.459999999999999
3583,5.779999999999999
3584,3.3200000000000003
3585,8.909999999999998
3586,6.37
3587,5.5
3588,3.63
3589,5.62
3590,0.8
3591,8.707047895316135
3592,6.55
3593,8.09
3594,8.16
3595,4.83
3596,7.74
3597,4.54
3598,4.540587324609678
3599,7.610587324609677
3600,5.85
3601,6.67
3602,5.799999999999999
3603,9.82352394765807
3604,5.18
3605,4.99
3606,0.009412675390322027
3607,4.88
3608,6.379999999999999
3609,6.357650701561289
3610,4.7117619738290335
3611,7.35
3612,6.99
3613,3.75
3614,4.96
3615,8.339502960729909e-20
3616,5.64
3617,7.26
3618,6.54
3619,8.66
3620,4.32
3621,5.67
3622,2.09
3623,4.8
3624,9.49
3625,7.76
3626,9.77
3627,6.790000000000002
3628,5.88
3629,3.5200000000000005
3630,8.49
3631,7.824807519831878e-20
3632,9.559999999999999
3633,7.489999999999999
3634,6.640000000000001
3635,4.8100000000000005
3636,6.840000000000001
3637,2.6599999999999997
3638,4.51
3639,2.65
3640,3.71
3641,5.7700000000000005
3642,5.1
3643,7.05
3644,4.01
3645,6.640000000000001
3646,5.96
3647,4.720000000000001
3648,8.459999999999999
3649,9.998825350780644
3650,8.41
3651,7.74
3652,8.07
3653,4.739999999999999
3654,7.085888727732255
3655,8.559999999999999
3656,3.5
3657,9.999999999999998
3658,5.470000000000001
3659,3.15
3660,9.72
3661,5.319999999999999
3662,6.970000000000001
3663,6.76
3664,7.879999999999999
3665,4.51
3666,7.4
3667,7.790000000000001
3668,7.19
3669,4.65
3670,2.3
3671,6.63
3672,3.5399999999999996
3673,5.36
3674,4.27
3675,1.1
3676,7.590000000000002
3677,6.5299999999999985
3678,3.24
3679,7.3
3680,9.999999999999998
3681,2.0
3682,8.379999999999999
3683,9.1
3684,1.9699999999999998
3685,4.1899999999999995
3686,7.0
3687,7.37
3688,1.2899999999999998
3689,7.779999999999999
3690,5.34
3691,8.35
3692,8.57
3693,9.629999999999999
3694,6.37
3695,7.56
3696,6.63
3697,8.02
3698,6.27
3699,4.788238026170966
3700,6.2299999999999995
3701,4.66
3702,9.64
3703,1.78
3704,7.040000000000001
3705,8.459999999999999
3706,5.585888727732255
3707,5.13
3708,3.78
3709,6.640000000000001
3710,3.55
3711,9.959999999999999
3712,7.68
3713,4.4
3714,5.7
3715,7.63
3716,5.5600000000000005
3717,5.66
3718,6.4799999999999995
3719,7.669999999999999
3720,8.209999999999999
3721,8.190000000000001
3722,6.9799999999999995
3723,3.78
3724,7.62
3725,6.959999999999998
3726,2.62
3727,5.89
3728,8.54
3729,8.18
3730,1.1052475630665095e-19
3731,4.817650701561289
3732,4.0200000000000005
3733,8.290000000000001
3734,6.32
3735,1.2
3736,4.739999999999999
3737,4.57
3738,7.0
3739,9.120000000000001
3740,6.24
3741,2.46
3742,9.7
3743,4.5200000000000005
3744,4.08
3745,4.38
3746,9.998238026170965
3747,7.764698596877424
3748,6.56
3749,7.715888727732254
3750,2.38
3751,5.1899999999999995
3752,6.9
3753,4.3
3754,3.67
3755,6.11
3756,2.4999999999999996
3757,7.809999999999999
3758,6.14
3759,6.63
3760,8.85
3761,5.17
3762,4.62
3763,8.39
3764,5.96
3765,9.27
3766,3.18
3767,5.67
3768,5.779999999999999
3769,4.829412675390322
3770,3.41
3771,7.82
3772,3.1899999999999995
3773,5.09
3774,3.4299999999999997
3775,4.779999999999999
3776,6.83
3777,1.2676090989174297e-19
3778,4.8
3779,5.213523947658067
3780,4.08
3781,2.795888727732254
3782,6.58
3783,2.83
3784,5.58
3785,8.33
3786,1.9899999999999998
3787,8.807063376951609
3788,3.5200000000000005
3789,6.1
3790,8.07
3791,6.25
3792,9.34
3793,3.3299999999999996
3794,7.0200000000000005
3795,3.84
3796,1.8
3797,6.93
3798,3.59
3799,7.379999999999999
3800,4.739999999999999
3801,9.16
3802,5.0200000000000005
3803,1.7399999999999995
3804,9.120000000000001
3805,5.15
3806,8.95
3807,3.96
3808,3.96
3809,7.9799999999999995
3810,4.43
3811,6.029999999999999
3812,7.34
3813,7.32
3814,5.92
3815,7.31
3816,4.7
3817,5.42
3818,1.9699999999999998
3819,6.2799999999999985
3820,9.379999999999999
3821,3.5399999999999996
3822,7.15
3823,8.24
3824,9.22
3825,8.01
3826,4.0600000000000005
3827,8.35
3828,4.470000000000001
3829,7.0200000000000005
3830,5.45
3831,9.040000000000001
3832,9.45
3833,4.37
3834,6.5299999999999985
3835,9.81
3836,6.13
3837,2.71
3838,6.67
3839,6.065888727732254
3840,8.040000000000001
3841,7.709999999999999
3842,7.009999999999999
3843,4.450587324609678
3844,4.09
3845,8.33
3846,4.16
3847,5.7700000000000005
3848,7.409999999999999
3849,2.47
3850,7.6099999999999985
3851,2.7
3852,6.94
3853,6.4399999999999995
3854,2.68
3855,3.591761973829034
3856,0.16999999999999996
3857,7.079999999999999
3858,9.999999999999998
3859,3.5
3860,5.29
3861,6.29
3862,2.83
3863,4.26
3864,9.18
3865,4.8100000000000005
3866,3.9899999999999998
3867,5.8999999999999995
3868,1.15
3869,5.64
3870,5.779999999999999
3871,6.790000000000002
3872,7.63
3873,3.8299999999999996
3874,4.57
3875,8.23
3876,5.799999999999999
3877,7.980587324609678
3878,6.0200000000000005
3879,3.08
3880,6.890000000000001
3881,5.799999999999999
3882,6.849999999999999
3883,8.75
3884,7.890000000000001
3885,3.97
3886,2.94
3887,2.7699999999999996
3888,6.1
3889,7.4
3890,9.74
3891,7.92
3892,3.79
3893,1.73
3894,6.92
3895,5.4399999999999995
3896,4.5200000000000005
3897,3.9200000000000004
3898,7.459999999999999
3899,1.09
3900,5.12
3901,6.4
3902,9.379999999999999
3903,6.16
3904,3.84
3905,5.598825350780644
3906,3.2199999999999998
3907,7.94
3908,5.68
3909,0.18
3910,6.62
3911,6.590000000000001
3912,1.9100000000000001
3913,5.06
3914,6.459999999999999
3915,7.52
3916,9.52
3917,3.2999999999999994
3918,4.69706337695161
3919,6.809999999999999
3920,1.0056814531049476e-19
3921,6.2799999999999985
3922,4.01
3923,7.438825350780644
3924,5.13
3925,8.45
3926,5.66
3927,1.46
3928,6.849999999999999
3929,4.1
3930,7.220000000000001
3931,5.029999999999999
3932,0.77
3933,5.0200000000000005
3934,1.6564760523419322
3935,4.67
3936,7.013523947658067
3937,5.37
3938,4.470000000000001
3939,4.8100000000000005
3940,8.53
3941,1.2
3942,1.66
3943,6.9
3944,3.5399999999999996
3945,5.79
3946,5.2
3947,7.29
3948,8.83
3949,1.6999999999999997
3950,4.419999999999999
3951,4.6
3952,5.08
3953,7.13
3954,5.45
3955,6.35
3956,7.25
3957,7.2
3958,3.24
3959,8.51
3960,8.66
3961,3.51
3962,6.76
3963,3.7199999999999998
3964,5.08
3965,7.529999999999999
3966,7.090000000000001
3967,4.49
3968,6.840000000000001
3969,1.49
3970,8.059999999999999
3971,9.999999999999998
3972,4.66
3973,4.14
3974,7.470000000000001
3975,4.670587324609677
3976,8.093523947658067
3977,8.85
3978,0.11000000000000001
3979,6.790000000000002
3980,4.0600000000000005
3981,7.33
3982,9.999999999999998
3983,9.579999999999998
3984,2.79
3985,9.040000000000001
3986,6.92
3987,3.12
3988,7.9
3989,6.06
3990,4.43
3991,3.28
3992,6.09
3993,8.7
3994,4.16
3995,3.03
3996,9.508238026170964
3997,6.790000000000002
3998,5.13
3999,5.08
4000,3.3200000000000003
4001,7.379999999999999
4002,6.21
4003,3.17
4004,6.92
4005,3.47
4006,3.8200000000000003
4007,5.970000000000001
4008,7.138238026170966
4009,8.59
4010,6.699999999999999
4011,8.2
4012,0.32
4013,3.5299999999999994
4014,1.1
4015,5.1899999999999995
4016,1.87
4017,1.2499999999999998
4018,8.18
4019,7.4399999999999995
4020,7.9799999999999995
4021,0.24
4022,6.95
4023,7.99
4024,6.859999999999999
4025,0.54
4026,8.14
4027,7.52
4028,4.7700000000000005
4029,7.8
4030,8.14
4031,8.57
4032,4.5600000000000005
4033,7.169999999999999
4034,5.692936623048388
4035,6.55
4036,9.33706337695161
4037,7.68
4038,6.0
4039,4.720000000000001
4040,1.28
4041,8.98
4042,6.640000000000001
4043,8.68
4044,8.54
4045,8.959999999999997
4046,5.92
4047,2.16
4048,7.159999999999999
4049,4.886476052341932
4050,5.45
4051,2.45
4052,4.999999999999999
4053,6.13
4054,8.4
4055,4.99
4056,8.3
4057,7.93
4058,9.24
4059,6.3746985968774235
4060,8.18
4061,7.599999999999999
4062,4.18
4063,8.39
4064,4.720000000000001
4065,2.18
4066,6.27
4067,5.46
4068,4.75
4069,8.26
4070,7.93
4071,3.6899999999999995
4072,8.24
4073,9.090000000000002
4074,5.95
4075,5.329999999999999
4076,4.17
4077,6.04
4078,6.37
4079,8.97
4080,0.48
4081,3.26
4082,3.7999999999999994
4083,2.73
4084,7.7299999999999995
4085,5.689999999999999
4086,9.549999999999999
4087,6.709999999999999
4088,7.209999999999999
4089,4.82
4090,5.428825350780644
4091,8.11
4092,8.42
4093,3.07
4094,9.259999999999998
4095,6.35
4096,7.72
4097,6.840000000000001
4098,7.220000000000001
4099,4.8100000000000005
4100,1.6700000000000002
4101,6.9799999999999995
4102,6.57
4103,7.879999999999999
4104,2.75
4105,8.66
4106,6.92
4107,4.35
4108,6.5299999999999985
4109,5.83
4110,4.65
4111,6.470000000000001
4112,7.52
4113,3.328825350780644
4114,6.781761973829033
4115,8.54
4116,7.94
4117,6.39
4118,2.81
4119,6.869999999999999
4120,6.970000000000001
4121,6.3
4122,7.970000000000001
4123,3.24
4124,9.0
4125,4.34
4126,6.809999999999999
4127,6.470000000000001
4128,5.209999999999999
4129,2.8999999999999995
4130,3.16
4131,6.14
4132,8.059999999999999
4133,5.649412675390322
4134,1.02
4135,6.56
4136,7.2700000000000005
4137,4.0200000000000005
4138,1.1300000000000001
4139,7.51
4140,4.45
4141,6.890000000000001
4142,1.4
4143,8.0
4144,5.36
4145,5.49
4146,5.36
4147,4.82
4148,5.118238026170967
4149,7.58
4150,4.04
4151,9.17
4152,2.91
4153,8.190000000000001
4154,8.72
4155,9.529999999999998
4156,3.9899999999999998
4157,4.89
4158,3.2
4159,2.54
4160,5.5200000000000005
4161,8.58
4162,5.779999999999999
4163,7.24
4164,7.29
4165,4.529999999999999
4166,6.060417870630368e-20
4167,6.25
4168,6.790000000000002
4169,5.11
4170,2.1
4171,3.4035239476580674
4172,5.478825350780643
4173,7.34
4174,6.1976507015612885
4175,5.6
4176,3.3499999999999996
4177,8.72
4178,2.38
4179,5.79
4180,7.790000000000001
4181,4.04
4182,6.56
4183,5.159999999999999
4184,6.709999999999999
4185,7.83
4186,6.09
4187,8.54
4188,6.09
4189,7.599999999999999
4190,3.3299999999999996
4191,7.859999999999999
4192,6.959999999999998
4193,6.13
4194,4.54
4195,8.85
4196,9.39
4197,0.52
4198,3.45
4199,9.15
4200,6.859999999999999
4201,8.559999999999999
4202,6.779999999999999
4203,7.31
4204,8.9
4205,2.69
4206,4.220000000000001
4207,9.72
4208,3.76
4209,3.47
4210,4.3100000000000005
4211,5.95
4212,6.9
4213,2.97
4214,7.229999999999999
4215,4.65
4216,5.95
4217,8.1
4218,5.15
4219,4.9399999999999995
4220,8.08
4221,6.94
4222,3.829412675390322
4223,9.3
4224,5.85
4225,4.15
4226,6.489999999999999
4227,2.5799999999999996
4228,0.09
4229,4.0
4230,5.99
4231,4.39
4232,6.35
4233,3.63
4234,6.63
4235,5.65
4236,6.220000000000001
4237,5.83
4238,5.7299999999999995
4239,8.629999999999999
4240,9.34
4241,7.29
4242,7.8
4243,6.05
4244,8.74
4245,6.06
4246,5.63
4247,2.7600000000000002
4248,4.5670633769516105
4249,8.49
4250,3.3899999999999997
4251,1.6
4252,9.31
4253,3.13
4254,4.83
4255,3.45
4256,5.5600000000000005
4257,4.93
4258,7.0
4259,8.83
4260,6.462349298438711
4261,2.1100000000000003
4262,4.96
4263,4.76
4264,4.999999999999999
4265,5.35
4266,6.740000000000001
4267,4.87
4268,7.32
4269,7.059999999999999
4270,5.63
4271,9.040000000000001
4272,6.17
4273,3.96
4274,2.48
4275,4.65
4276,6.92
4277,7.359999999999999
4278,6.29
4279,2.31
4280,8.618825350780645
4281,7.18
4282,5.26
4283,4.76
4284,7.5
4285,5.17
4286,5.220000000000001
4287,4.7299999999999995
4288,6.6499999999999995
4289,7.19
4290,6.92
4291,6.76
4292,9.999999999999998
4293,6.459999999999999
4294,5.82
4295,4.16
4296,5.38
4297,3.79
4298,3.0599999999999996
4299,4.84
4300,7.449999999999999
4301,4.029999999999999
4302,7.599999999999999
4303,5.745285921487102
4304,7.470000000000001
4305,8.28
4306,8.51
4307,6.7299999999999995
4308,5.479999999999999
4309,6.1
4310,9.11
4311,6.119999999999999
4312,8.03
4313,6.640000000000001
4314,7.483523947658068
4315,6.14
4316,3.95
4317,7.7700000000000005
4318,7.009412675390322
4319,8.01
4320,4.87
4321,3.3899999999999997
4322,7.009999999999999
4323,4.43
4324,4.078825350780644
4325,7.640000000000001
4326,6.1611746492193555
4327,6.83
4328,4.61
4329,2.9899999999999998
4330,4.90706337695161
4331,1.31
4332,4.49
4333,2.9899999999999998
4334,8.3
4335,5.14
4336,6.510587324609678
4337,6.05
4338,6.42
4339,5.34706337695161
4340,5.64
4341,2.9188253507806436
4342,3.09
4343,3.9
4344,7.72
4345,1.75
4346,3.3499999999999996
4347,4.18
4348,7.52
4349,5.65
4350,7.779999999999999
4351,8.03
4352,6.641761973829034
4353,7.83
4354,5.68
4355,5.209999999999999
4356,5.692349298438711
4357,7.85
4358,4.840587324609678
4359,6.45
4360,6.4399999999999995
4361,5.62
4362,8.201174649219356
4363,2.97
4364,8.22
4365,9.32
4366,8.25
4367,4.34
4368,8.92
4369,3.65
4370,5.050000000000001
4371,3.2
4372,5.29
4373,7.52
4374,4.949999999999999
4375,5.82
4376,1.73
4377,6.840000000000001
4378,4.529999999999999
4379,5.329999999999999
4380,6.32
4381,6.36
4382,5.34
4383,4.779999999999999
4384,7.24
4385,5.279999999999999
4386,9.98
4387,6.62
4388,8.14
4389,9.3
4390,1.3699999999999999
4391,5.12
4392,9.17
4393,6.0200000000000005
4394,8.4
4395,7.32
4396,5.5200000000000005
4397,2.91
4398,9.999999999999998
4399,5.92
4400,4.89
4401,4.32
4402,8.03
4403,4.36
4404,8.54
4405,8.73
4406,2.7199999999999998
4407,9.37
4408,4.18
4409,9.379999999999999
4410,4.999999999999999
4411,1.8399999999999999
4412,6.95
4413,1.59
4414,4.59
4415,2.59
4416,3.4899999999999998
4417,5.63
4418,7.409999999999999
4419,4.8100000000000005
4420,4.51
4421,8.27
4422,6.92
4423,6.34
4424,5.329999999999999
4425,7.6499999999999995
4426,9.49
4427,6.3
4428,2.32
4429,7.15
4430,5.7299999999999995
4431,3.04
4432,2.96
4433,5.8100000000000005
4434,1.7699999999999998
4435,4.9799999999999995
4436,6.879999999999999
4437,3.2
4438,6.470000000000001
4439,4.479999999999999
4440,9.026476052341932
4441,9.996476052341931
4442,5.029999999999999
4443,8.86
4444,8.459999999999999
4445,3.5299999999999994
4446,3.0
4447,2.79
4448,5.7299999999999995
4449,2.97
4450,3.12
4451,8.95
4452,3.5411746492193554
4453,5.45
4454,2.51
4455,3.1399999999999992
4456,7.599999999999999
4457,6.659999999999999
4458,3.3200000000000003
4459,9.05
4460,6.9729366230483905
4461,7.059999999999999
4462,4.0200000000000005
4463,4.62
4464,7.459999999999999
4465,2.33
4466,8.8
4467,4.57
4468,6.4799999999999995
4469,9.999999999999998
4470,6.395285921487101
4471,5.319999999999999
4472,3.97
4473,2.2800000000000002
4474,2.42
4475,5.42
4476,3.7199999999999998
4477,3.9899999999999998
4478,3.5323492984387115
4479,7.32
4480,4.11
4481,6.69
4482,4.12
4483,7.12
4484,5.83
4485,4.16
4486,4.17
4487,9.997650701561287
4488,7.659999999999999
4489,6.17
4490,4.16
4491,4.5
4492,9.995301403122575
4493,5.4399999999999995
4494,8.459999999999999
4495,1.241761973829034
4496,2.68
4497,3.0
4498,1.78
4499,2.13
4500,5.51
4501,6.76
4502,0.8599999999999999
4503,3.611174649219356
4504,2.6311746492193557
4505,6.75
4506,3.7199999999999998
4507,8.77
4508,9.67
4509,4.2299999999999995
4510,5.76
4511,7.05
4512,7.0299999999999985
4513,7.529999999999999
4514,8.6
4515,6.4799999999999995
4516,4.92
4517,3.45
4518,6.599999999999999
4519,1.1690822253381935e-19
4520,8.379999999999999
4521,5.51
4522,4.694111272267745
4523,7.409999999999999
4524,5.99
4525,8.93
4526,7.95
4527,8.67
4528,8.08
4529,5.220000000000001
4530,6.4
4531,3.75
4532,3.121761973829034
4533,9.999999999999998
4534,9.429999999999998
4535,6.45
4536,6.11
4537,8.68
4538,6.14
4539,7.43
4540,5.029999999999999
4541,3.78
4542,2.3399999999999994
4543,5.18
4544,7.55
4545,5.06
4546,5.209999999999999
4547,5.89
4548,3.07
4549,8.16
4550,4.96
4551,3.75
4552,5.89
4553,8.24
4554,5.009999999999999
4555,9.8
4556,5.26
4557,7.74
4558,3.13
4559,8.08
4560,5.479999999999999
4561,7.159999999999999
4562,2.81
4563,5.8999999999999995
4564,9.429999999999998
4565,1.4
4566,9.379999999999999
4567,6.120587324609677
4568,5.67
4569,5.42
4570,5.59
4571,4.3
4572,7.19
4573,8.68
4574,6.67
4575,4.87
4576,5.5200000000000005
4577,5.9399999999999995
4578,6.218825350780645
4579,8.01
4580,8.49
4581,8.8
4582,6.1899999999999995
4583,8.73
4584,4.2299999999999995
4585,6.890000000000001
4586,6.840000000000001
4587,8.24
4588,7.779999999999999
4589,8.120000000000001
4590,5.5088253507806435
4591,8.709999999999999
4592,8.39
4593,7.52
4594,6.43
4595,4.529999999999999
4596,5.42
4597,7.470000000000001
4598,6.4
4599,4.911761973829035
4600,7.359999999999999
4601,6.409999999999999
4602,4.43
4603,7.869999999999999
4604,7.29
4605,9.05
4606,6.67
4607,8.72
4608,5.472349298438712
4609,7.57
4610,3.8499999999999996
4611,7.879999999999999
4612,4.09
4613,3.6899999999999995
4614,7.2700000000000005
4615,7.169999999999999
4616,7.061761973829033
4617,6.75
4618,5.35
4619,7.279999999999999
4620,7.85
4621,6.55
4622,7.24
4623,2.1100000000000003
4624,3.81
4625,3.9299999999999997
4626,5.1
4627,9.7
4628,3.9
4629,4.17
4630,6.470000000000001
4631,5.2299999999999995
4632,7.32
4633,8.64
4634,7.513523947658068
4635,4.279999999999999
4636,5.18
4637,6.69
4638,6.609999999999999
4639,6.51
4640,9.999999999999998
4641,6.4399999999999995
4642,5.57
4643,8.67
4644,4.4
4645,7.9799999999999995
4646,5.739999999999999
4647,1.6700000000000002
4648,5.17
4649,7.83
4650,5.82
4651,9.629999999999999
4652,4.91
4653,9.790000000000001
4654,6.499999999999999
4655,9.93
4656,6.93
4657,5.689999999999999
4658,1.46
4659,7.4
4660,5.5600000000000005
4661,6.799999999999999
4662,1.28
4663,8.27
4664,6.709999999999999
4665,3.3970633769516096
4666,6.680000000000001
4667,3.75
4668,8.709999999999999
4669,6.379999999999999
4670,5.220000000000001
4671,6.840000000000001
4672,5.050000000000001
4673,7.459999999999999
4674,8.41
4675,0.62
4676,7.0
4677,1.7699999999999998
4678,8.45
4679,6.009999999999999
4680,6.08
4681,5.29
4682,4.5600000000000005
4683,9.790000000000001
4684,7.92
4685,7.74
4686,7.62
4687,6.36
4688,6.9799999999999995
4689,9.997650701561287
4690,5.17
4691,8.49
4692,7.220000000000001
4693,8.23
4694,6.489999999999999
4695,2.85
4696,4.75
4697,5.4399999999999995
4698,6.04
4699,4.029999999999999
4700,1.6999999999999997
4701,5.7299999999999995
4702,7.390000000000001
4703,5.5299999999999985
4704,4.11
4705,5.83
4706,3.62
4707,5.63
4708,5.84
4709,1.8199999999999998
4710,9.2
4711,6.16
4712,6.24
4713,4.25
4714,5.539999999999999
4715,5.43
4716,5.17
4717,4.96
4718,6.11
4719,6.2299999999999995
4720,8.35
4721,2.59
4722,5.069999999999999
4723,6.36
4724,4.789999999999999
4725,3.62
4726,6.63
4727,5.739999999999999
4728,9.129999999999999
4729,1.2156195160988488e-19
4730,1.68
4731,4.25
4732,5.8100000000000005
4733,7.48
4734,6.11
4735,7.85
4736,5.1899999999999995
4737,7.459999999999999
4738,9.93
4739,6.7700000000000005
4740,6.9799999999999995
4741,8.49
4742,6.72
4743,6.799999999999999
4744,6.869999999999999
4745,6.29
4746,5.41
4747,9.040000000000001
4748,6.58
4749,6.3
4750,6.27
4751,7.92
4752,7.009999999999999
4753,9.801258103197739e-20
4754,7.4
4755,7.42
4756,5.06
4757,5.34
4758,9.35
4759,4.12
4760,6.18
4761,5.642349298438712
4762,6.34
4763,8.18
4764,5.67
4765,6.790000000000002
4766,7.29
4767,6.92
4768,4.12
4769,3.9299999999999997
4770,4.86
4771,5.5600000000000005
4772,6.809999999999999
4773,6.56
4774,4.45
4775,7.909999999999998
4776,4.29
4777,7.459999999999999
4778,7.68
4779,9.068238026170967
4780,6.25
4781,4.64
4782,7.99
4783,4.12
4784,3.71
4785,4.67
4786,7.169999999999999
4787,5.720000000000001
4788,8.47
4789,6.35
4790,6.29
4791,8.51
4792,6.3205873246096775
4793,6.5299999999999985
4794,5.1899999999999995
4795,5.41
4796,6.859999999999999
4797,3.76
4798,3.3700000000000006
4799,8.58
4800,3.7729366230483903
4801,9.999412675390321
4802,7.5
4803,4.65
4804,4.9399999999999995
4805,7.34
4806,5.58
4807,3.4811746492193554
4808,7.379999999999999
4809,8.0
4810,7.92
4811,4.08
4812,5.2
4813,6.56
4814,2.7199999999999998
4815,7.079999999999999
4816,3.21
4817,4.35
4818,3.2499999999999996
4819,4.970000000000001
4820,7.82
4821,6.63
4822,6.740000000000001
4823,8.24
4824,2.52
4825,6.9799999999999995
4826,6.4799999999999995
4827,4.5200000000000005
4828,6.51
4829,4.99
4830,4.58
4831,2.55
4832,6.16
4833,5.009999999999999
4834,4.888238026170965
4835,5.13
4836,8.36
4837,6.840000000000001
4838,4.38
4839,8.22
4840,2.9499999999999997
4841,4.234126753903221
4842,7.52
4843,8.41
4844,6.699999999999999
4845,8.038825350780645
4846,5.45
4847,7.7299999999999995
4848,5.39
4849,2.0
4850,0.76
4851,7.379999999999999
4852,6.849999999999999
4853,2.5799999999999996
4854,7.19
4855,3.9200000000000004
4856,2.4999999999999996
4857,5.49
4858,6.37
4859,6.029999999999999
4860,9.999999999999998
4861,6.54
4862,3.2499999999999996
4863,4.916973823009495
4864,7.58
4865,5.96
4866,1.6999999999999997
4867,2.7088253507806437
4868,7.2
4869,7.279999999999999
4870,7.56
4871,6.32
4872,6.499999999999999
4873,3.9299999999999997
4874,7.0200000000000005
4875,5.329999999999999
4876,8.493523947658067
4877,8.120000000000001
4878,4.970000000000001
4879,6.35
4880,5.12
4881,8.98
4882,5.15
4883,4.2
4884,7.699999999999999
4885,6.680000000000001
4886,2.8899999999999997
4887,7.51
4888,8.93
4889,4.85
4890,5.470000000000001
4891,4.51
4892,6.809999999999999
4893,4.26
4894,4.999999999999999
4895,5.159999999999999
4896,5.470000000000001
4897,9.28
4898,6.599999999999999
4899,9.999999999999998
4900,5.55
4901,5.13
4902,5.04
4903,5.96
4904,4.419999999999999
4905,6.599999999999999
4906,3.17
4907,8.68
4908,9.636596294832636e-20
4909,7.2700000000000005
4910,9.59
4911,4.26
4912,5.334111272267745
4913,6.76
4914,6.62
4915,3.3700000000000006
4916,4.628825350780644
4917,4.75
4918,3.38
4919,7.94
4920,3.8499999999999996
4921,8.3
4922,7.590000000000002
4923,5.3100000000000005
4924,5.84
4925,2.0
4926,3.59
4927,6.799999999999999
4928,6.7700000000000005
4929,5.9399999999999995
4930,8.41
4931,4.559412675390322
4932,8.34
4933,7.9799999999999995
4934,4.57
4935,9.999999999999998
4936,6.7700000000000005
4937,9.999999999999998
4938,1.92
4939,1.81
4940,7.159999999999999
4941,4.9799999999999995
4942,2.5799999999999996
4943,5.279999999999999
4944,7.9799999999999995
4945,5.539999999999999
4946,6.11
4947,5.83
4948,9.914291980929329e-20
4949,4.17
4950,3.08
4951,8.51
4952,8.98
4953,3.4899999999999998
4954,4.9
4955,4.21
4956,6.69
4957,7.51
4958,8.85
4959,4.25
4960,6.1
4961,1.89
4962,6.409999999999999
4963,5.12
4964,7.0200000000000005
4965,7.1
4966,9.18
4967,7.94
4968,0.27
4969,7.94
4970,4.86
4971,5.84
4972,6.94
4973,0.13
4974,4.92
4975,8.057063376951609
4976,4.35
4977,7.941174649219356
4978,6.16
4979,3.65
4980,4.9799999999999995
4981,5.49
4982,7.7299999999999995
4983,2.91
4984,7.869999999999999
4985,3.74
4986,8.07
4987,2.88
4988,2.46
4989,7.079999999999999
4990,7.72
4991,8.72
4992,6.331761973829034
4993,6.599999999999999
4994,8.67
4995,5.75
4996,6.599999999999999
4997,3.63
4998,5.720000000000001
4999,7.95
5000,4.84
5001,6.659999999999999
5002,7.52
5003,6.1899999999999995
5004,4.86
5005,5.61
5006,5.93
5007,7.99
5008,4.5600000000000005
5009,5.8999999999999995
5010,5.159999999999999
5011,6.069999999999999
5012,5.739999999999999
5013,3.95
5014,3.18
5015,5.08
5016,6.72
5017,5.38
5018,6.42
5019,7.3
5020,6.16
5021,6.7299999999999995
5022,5.689999999999999
5023,5.641761973829034
5024,5.8999999999999995
5025,6.809999999999999
5026,5.83
5027,4.91
5028,5.279999999999999
5029,3.4200000000000004
5030,4.982349298438711
5031,6.7700000000000005
5032,7.353523947658068
5033,5.96
5034,7.99
5035,3.95
5036,7.25
5037,8.35
5038,9.996476052341931
5039,7.640000000000001
5040,5.310587324609678
5041,5.93
5042,7.69
5043,9.49
5044,5.4
5045,6.54
5046,5.93
5047,4.96
5048,7.76
5049,8.85
5050,5.79
5051,1.4300000000000002
5052,6.18
5053,6.470000000000001
5054,1.9100000000000001
5055,1.0675014980496348e-19
5056,7.109999999999999
5057,6.2
5058,3.1899999999999995
5059,4.17
5060,6.34
5061,4.71
5062,4.86
5063,3.27
5064,9.91
5065,8.7
5066,5.6
5067,5.14
5068,7.549412675390323
5069,5.8999999999999995
5070,9.45
5071,7.640000000000001
5072,5.92
5073,6.06
5074,4.85
5075,5.029999999999999
5076,6.799999999999999
5077,3.01
5078,5.7700000000000005
5079,2.12
5080,8.26
5081,9.999999999999998
5082,1.7600000000000002
5083,6.29
5084,4.76
5085,2.27
5086,6.858238026170966
5087,4.9399999999999995
5088,9.579999999999998
5089,4.8
5090,5.329999999999999
5091,5.319999999999999
5092,2.69
5093,8.61
5094,5.6
5095,5.799999999999999
5096,1.02
5097,4.08
5098,4.24
5099,8.73
5100,1.85
5101,7.590000000000002
5102,7.63
5103,5.09
5104,9.929903412346508
5105,0.54
5106,6.215301403122577
5107,4.3
5108,4.627063376951609
5109,5.159999999999999
5110,7.069999999999999
5111,3.2523492984387117
5112,6.42
5113,6.970000000000001
5114,4.720000000000001
5115,1.9699999999999998
5116,9.549999999999999
5117,7.0
5118,4.9399999999999995
5119,6.329999999999999
5120,5.08
5121,4.12
5122,6.2299999999999995
5123,7.2700000000000005
5124,7.74
5125,3.2199999999999998
5126,5.34
5127,6.1899999999999995
5128,4.37
5129,8.54
5130,4.419999999999999
5131,7.35
5132,3.2299999999999995
5133,7.72
5134,6.57
5135,5.58
5136,6.35
5137,3.15
5138,8.36
5139,5.984111272267746
5140,4.87
5141,8.299798658478979e-20
5142,4.6
5143,1.48
5144,3.17
5145,4.62
5146,5.7299999999999995
5147,7.19
5148,6.76
5149,3.41
5150,4.779999999999999
5151,6.220000000000001
5152,8.95
5153,8.129999999999999
5154,6.58
5155,5.9799999999999995
5156,6.329999999999999
5157,8.2
5158,4.51
5159,5.96
5160,2.29
5161,5.220000000000001
5162,8.059999999999999
5163,7.640000000000001
5164,7.9799999999999995
5165,8.040000000000001
5166,8.209999999999999
5167,3.02
5168,9.999999999999998
5169,1.21
5170,6.17
5171,7.31
5172,7.42
5173,3.4899999999999998
5174,5.68
5175,5.4
5176,9.999999999999998
5177,9.999999999999998
5178,7.970000000000001
5179,0.75
5180,3.5399999999999996
5181,1.1393780224344304e-19
5182,6.36
5183,3.5799999999999996
5184,6.869999999999999
5185,5.75
5186,7.0
5187,9.23
5188,5.720000000000001
5189,1.85
5190,6.58
5191,5.5600000000000005
5192,4.87
5193,9.999999999999998
5194,5.42
5195,3.47
5196,2.8899999999999997
5197,4.87
5198,4.1
5199,7.489999999999999
5200,4.51
5201,7.079999999999999
5202,8.0
5203,1.6499999999999997
5204,5.970000000000001
5205,9.46
5206,1.9600000000000002
5207,7.970000000000001
5208,5.66
5209,5.79
5210,7.890000000000001
5211,6.17
5212,9.059999999999999
5213,3.66
5214,7.659999999999999
5215,8.23
5216,9.009999999999998
5217,4.1
5218,8.24
5219,5.3100000000000005
5220,6.740000000000001
5221,6.37
5222,3.4299999999999997
5223,6.379999999999999
5224,8.07
5225,5.46
5226,6.34
5227,5.5299999999999985
5228,4.419999999999999
5229,6.0200000000000005
5230,4.54
5231,5.89
5232,6.76
5233,2.0
5234,4.14
5235,7.750587324609678
5236,4.895301403122577
5237,8.559999999999999
5238,6.27
5239,6.27
5240,6.17
5241,6.4
5242,9.86
5243,4.41
5244,3.838238026170966
5245,3.5200000000000005
5246,9.86
5247,9.31
5248,4.33
5249,9.990587324609677
5250,8.209999999999999
5251,8.53
5252,5.279999999999999
5253,7.109999999999999
5254,1.85
5255,5.75
5256,8.24
5257,4.66
5258,6.76
5259,4.82
5260,4.0
5261,6.119999999999999
5262,4.62
5263,8.14
5264,7.809999999999999
5265,9.25
5266,5.789412675390322
5267,5.9799999999999995
5268,6.890000000000001
5269,3.9299999999999997
5270,9.996476052341931
5271,6.13
5272,5.64
5273,5.57
5274,6.849999999999999
5275,2.71
5276,5.41
5277,7.3
5278,4.99
5279,7.449999999999999
5280,3.46
5281,6.918238026170966
5282,7.069999999999999
5283,1.2899999999999998
5284,3.36
5285,7.12
5286,9.995888727732254
5287,6.56
5288,8.116476052341932
5289,3.2
5290,7.8
5291,3.13
5292,6.659999999999999
5293,4.24
5294,5.04
5295,5.08
5296,7.57
5297,8.35
5298,7.15
5299,9.71
5300,3.8299999999999996
5301,9.46
5302,4.12
5303,2.17
5304,3.5
5305,5.91
5306,4.029999999999999
5307,1.52
5308,9.999999999999998
5309,7.090000000000001
5310,4.4399999999999995
5311,7.51
5312,5.71
5313,0.77
5314,6.659999999999999
5315,5.069999999999999
5316,4.21
5317,4.11
5318,4.12
5319,5.93
5320,9.0
5321,5.328238026170966
5322,4.62
5323,4.71
5324,4.54
5325,5.968238026170967
5326,5.069999999999999
5327,4.09
5328,4.91
5329,8.08
5330,1.64
5331,8.65
5332,2.85
5333,5.85
5334,4.08706337695161
5335,1.02
5336,7.169999999999999
5337,3.709412675390322
5338,8.478825350780644
5339,6.669412675390322
5340,7.699999999999999
5341,8.11
5342,1.1199999999999999
5343,8.15
5344,5.319999999999999
5345,5.305888727732254
5346,5.43
5347,4.999999999999999
5348,6.82
5349,8.92
5350,6.24
5351,4.029999999999999
5352,7.6099999999999985
5353,6.869999999999999
5354,5.3
5355,5.470000000000001
5356,4.59
5357,2.69
5358,9.35
5359,6.09
5360,8.08
5361,8.837650701561287
5362,7.229999999999999
5363,6.499999999999999
5364,6.92
5365,1.46
5366,4.949999999999999
5367,7.470000000000001
5368,5.984698596877423
5369,4.1899999999999995
5370,8.08
5371,6.659999999999999
5372,9.620000000000001
5373,1.46
5374,1.7600000000000002
5375,7.699999999999999
5376,7.890000000000001
5377,5.416476052341932
5378,7.470000000000001
5379,6.1
5380,3.4200000000000004
5381,4.949999999999999
5382,2.91
5383,5.5200000000000005
5384,4.64
5385,7.95
5386,3.21
5387,7.640000000000001
5388,1.44
5389,6.15
5390,7.809999999999999
5391,6.57
5392,7.2
5393,8.51
5394,6.220000000000001
5395,8.909999999999998
5396,4.25
5397,3.8200000000000003
5398,6.0
5399,3.57
5400,3.7199999999999998
5401,6.32
5402,7.93
5403,2.69
5404,2.52
5405,6.009999999999999
5406,5.38
5407,5.88
5408,4.33
5409,7.220000000000001
5410,2.46
5411,9.998238026170965
5412,3.09
5413,7.1
5414,8.290000000000001
5415,6.459999999999999
5416,3.91
5417,7.56
5418,4.720000000000001
5419,4.67
5420,8.82
5421,7.470000000000001
5422,2.3899999999999997
5423,6.5299999999999985
5424,6.63
5425,4.54
5426,6.809999999999999
5427,2.6
5428,8.4
5429,9.32
5430,3.6899999999999995
5431,5.689999999999999
5432,9.690000000000001
5433,1.0
5434,5.04
5435,7.93
5436,4.029999999999999
5437,3.17
5438,5.2
5439,6.2
5440,4.33
5441,9.678825350780645
5442,8.55
5443,8.17
5444,8.49
5445,7.18
5446,9.040000000000001
5447,5.34
5448,8.28
5449,6.57
5450,1.69
5451,8.55
5452,9.999999999999998
5453,3.1899999999999995
5454,2.7399999999999998
5455,3.61
5456,2.01
5457,5.799999999999999
5458,6.56
5459,6.3
5460,5.87
5461,4.55
5462,7.58293662304839
5463,6.11
5464,6.17
5465,7.9799999999999995
5466,6.0200000000000005
5467,1.69
5468,4.08
5469,6.56
5470,3.81
5471,9.690000000000001
5472,3.74
5473,8.25
5474,7.43
5475,5.63
5476,4.999999999999999
5477,6.99
5478,6.2299999999999995
5479,6.75
5480,7.93
5481,9.52
5482,4.84
5483,5.720000000000001
5484,7.859999999999999
5485,7.669999999999999
5486,7.05
5487,8.03
5488,3.04
5489,6.0
5490,1.9600000000000002
5491,9.440000000000001
5492,5.009999999999999
5493,1.9600000000000002
5494,9.429999999999998
5495,2.43
5496,6.17
5497,8.9
5498,8.1
5499,6.869999999999999
5500,6.866476052341931
5501,5.41
5502,3.59
5503,8.49
5504,5.220000000000001
5505,7.99
5506,4.24
5507,7.42
5508,5.4399999999999995
5509,3.57
5510,9.090000000000002
5511,7.0200000000000005
5512,8.121761973829035
5513,8.07
5514,6.11
5515,8.42
5516,5.470000000000001
5517,6.599999999999999
5518,3.7005873246096783
5519,9.120000000000001
5520,2.19
5521,8.889999999999999
5522,3.9299999999999997
5523,8.23
5524,4.529999999999999
5525,4.716460570706458
5526,6.69
5527,7.18
5528,7.544698596877424
5529,7.109999999999999
5530,5.539999999999999
5531,7.470000000000001
5532,4.7299999999999995
5533,7.890000000000001
5534,7.840000000000001
5535,7.43
5536,9.11
5537,8.57
5538,2.47
5539,5.61
5540,3.5799999999999996
5541,6.840000000000001
5542,5.479412675390321
5543,6.651761973829034
5544,5.71
5545,7.779999999999999
5546,5.61
5547,5.95
5548,8.209999999999999
5549,9.25
5550,6.58
5551,4.25
5552,9.998238026170965
5553,4.93
5554,5.8999999999999995
5555,9.999999999999998
5556,7.48
5557,6.890000000000001
5558,4.9
5559,3.81
5560,3.95
5561,3.59
5562,4.25
5563,5.25
5564,5.43
5565,3.2999999999999994
5566,7.48
5567,3.8200000000000003
5568,6.909999999999999
5569,8.53
5570,3.7199999999999998
5571,5.76
5572,4.164111272267745
5573,5.050000000000001
5574,1.23
5575,9.999999999999998
5576,6.779999999999999
5577,1.714714078512898
5578,6.029999999999999
5579,9.15
5580,6.34
5581,5.89
5582,8.11
5583,9.999999999999998
5584,7.640000000000001
5585,6.590000000000001
5586,2.88
5587,1.16
5588,9.996476052341931
5589,7.95
5590,6.08
5591,2.6599999999999997
5592,2.1
5593,5.82
5594,5.65
5595,4.18
5596,3.79
5597,7.809999999999999
5598,8.27
5599,5.5600000000000005
5600,6.509412675390322
5601,7.19
5602,5.3100000000000005
5603,5.58
5604,5.84
5605,6.751174649219356
5606,2.38
5607,5.470000000000001
5608,8.1
5609,2.25
5610,6.93
5611,4.0
5612,7.57
5613,5.91
5614,5.209999999999999
5615,6.909999999999999
5616,6.069999999999999
5617,6.317650701561288
5618,5.09
5619,7.809999999999999
5620,8.08
5621,3.588238026170966
5622,7.590000000000002
5623,5.37
5624,3.5799999999999996
5625,5.67
5626,5.799999999999999
5627,2.8999999999999995
5628,9.040000000000001
5629,9.57
5630,5.39
5631,4.3
5632,4.739999999999999
5633,6.08
5634,5.689999999999999
5635,5.799999999999999
5636,6.55
5637,8.82
5638,8.07
5639,6.35
5640,4.34
5641,4.629999999999999
5642,8.32
5643,3.61
5644,7.33
5645,0.41
5646,1.5699999999999996
5647,0.45999999999999996
5648,4.32
5649,2.71
5650,5.71
5651,1.4300000000000002
5652,3.2982380261709654
5653,4.67
5654,7.540000000000001
5655,6.42
5656,9.629999999999999
5657,8.07442753417956e-20
5658,0.6599999999999999
5659,6.840000000000001
5660,8.558825350780642
5661,3.62
5662,6.9799999999999995
5663,6.709999999999999
5664,6.680000000000001
5665,6.09
5666,5.528956600476147e-20
5667,6.29
5668,0.72
5669,8.209999999999999
5670,4.75
5671,6.909999999999999
5672,5.220000000000001
5673,7.1
5674,4.13
5675,6.11
5676,5.64
5677,7.9799999999999995
5678,6.869999999999999
5679,9.74
5680,5.009999999999999
5681,3.159412675390322
5682,1.4300000000000002
5683,9.41
5684,8.68
5685,8.01
5686,8.209999999999999
5687,4.04
5688,8.57
5689,6.56
5690,5.75
5691,6.220000000000001
5692,8.15
5693,9.429999999999998
5694,6.970000000000001
5695,4.91
5696,7.279999999999999
5697,3.3700000000000006
5698,6.26
5699,5.009999999999999
5700,7.066476052341931
5701,1.1006989787660294e-19
5702,5.99
5703,1.95
5704,6.04
5705,6.13
5706,4.529999999999999
5707,6.75
5708,8.78
5709,6.3
5710,8.08
5711,7.76
5712,9.6
5713,6.779999999999999
5714,8.14
5715,7.590000000000002
5716,1.21
5717,6.790000000000002
5718,3.8299999999999996
5719,5.62
5720,4.55
5721,5.42
5722,9.359999999999998
5723,5.11
5724,2.59
5725,8.93
5726,4.1899999999999995
5727,6.37
5728,5.8100000000000005
5729,7.669999999999999
5730,4.99
5731,4.49
5732,8.98
5733,6.82
5734,8.51
5735,4.83
5736,6.26
5737,5.4399999999999995
5738,3.76
5739,6.859999999999999
5740,5.91
5741,3.9399999999999995
5742,9.87
5743,5.597650701561288
5744,4.7700000000000005
5745,7.459999999999999
5746,5.95
5747,2.23
5748,7.279999999999999
5749,7.0200000000000005
5750,9.1
5751,7.040000000000001
5752,4.67
5753,8.55
5754,4.629999999999999
5755,5.92
5756,0.99
5757,3.3999999999999995
5758,6.601761973829033
5759,9.995301403122575
5760,7.51
5761,5.64
5762,1.47
5763,2.43
5764,4.689999999999999
5765,6.75
5766,4.61
5767,9.999412675390321
5768,4.15
5769,6.2517619738290335
5770,0.24
5771,4.948825350780644
5772,6.680000000000001
5773,4.38
5774,7.0200000000000005
5775,6.5200000000000005
5776,3.97
5777,6.54
5778,5.64
5779,7.869999999999999
5780,8.0
5781,6.609999999999999
5782,3.8899999999999997
5783,1.85
5784,2.17
5785,3.0599999999999996
5786,7.6499999999999995
5787,7.83
5788,7.32
5789,6.06
5790,8.73
5791,4.351174649219355
5792,4.91
5793,7.709999999999999
5794,3.6799999999999997
5795,8.55
5796,4.689999999999999
5797,9.990587324609677
5798,6.99
5799,4.15
5800,7.9799999999999995
5801,3.65
5802,5.3
5803,9.529999999999998
5804,2.5799999999999996
5805,8.48
5806,7.859999999999999
5807,9.46
5808,6.55293662304839
5809,4.85
5810,7.809999999999999
5811,6.04
5812,8.34
5813,7.489999999999999
5814,4.949999999999999
5815,4.2299999999999995
5816,6.06
5817,5.319999999999999
5818,6.890000000000001
5819,8.7
5820,9.359999999999998
5821,9.629999999999999
5822,4.18
5823,9.45
5824,7.26
5825,6.740000000000001
5826,9.97
5827,6.21
5828,8.42
5829,3.5
5830,3.62
5831,6.27
5832,5.5200000000000005
5833,4.75
5834,7.63
5835,3.02
5836,3.8200000000000003
5837,5.59
5838,6.699999999999999
5839,7.6499999999999995
5840,6.799999999999999
5841,4.0200000000000005
5842,7.36706337695161
5843,8.85
5844,9.999999999999998
5845,9.17
5846,1.7199999999999998
5847,6.0200000000000005
5848,8.209999999999999
5849,6.009999999999999
5850,0.8800000000000001
5851,6.599999999999999
5852,2.92
5853,8.39
5854,5.43
5855,4.779999999999999
5856,7.26
5857,5.7700000000000005
5858,9.84
5859,7.29
5860,4.15
5861,6.39
5862,7.079999999999999
5863,4.0958887277322535
5864,9.88
5865,6.2299999999999995
5866,1.4499999999999997
5867,2.02
5868,2.71
5869,8.35
5870,5.04
5871,4.51
5872,5.585888727732255
5873,9.5
5874,5.41
5875,6.42
5876,6.29
5877,6.25
5878,6.4
5879,1.66
5880,7.33
5881,5.009999999999999
5882,0.72
5883,4.8100000000000005
5884,7.379999999999999
5885,3.458825350780644
5886,8.45
5887,8.59
5888,8.61
5889,5.36
5890,7.12
5891,4.85
5892,7.13
5893,8.93
5894,6.329999999999999
5895,5.59
5896,5.470000000000001
5897,4.45
5898,6.82
5899,4.13
5900,6.9
5901,4.8
5902,2.869412675390322
5903,5.970000000000001
5904,7.489999999999999
5905,6.869999999999999
5906,1.09
5907,5.6
5908,8.189412675390322
5909,4.51
5910,2.7699999999999996
5911,5.5
5912,5.35
5913,6.83
5914,3.03
5915,7.0
5916,6.459999999999999
5917,8.839999999999998
5918,6.268825350780644
5919,4.46
5920,9.683523947658069
5921,7.75
5922,4.51
5923,3.51
5924,9.995888727732254
5925,6.1941267539032205
5926,5.29
5927,6.799999999999999
5928,4.67
5929,6.09
5930,6.809999999999999
5931,6.93
5932,8.61
5933,3.84
5934,8.05
5935,3.26
5936,6.62
5937,6.75
5938,4.5200000000000005
5939,6.276445089070982
5940,6.67
5941,9.11
5942,4.2
5943,6.5299999999999985
5944,6.92
5945,7.066324027060401
5946,9.654111272267746
5947,2.4999999999999996
5948,4.949999999999999
5949,3.6
5950,1.234738552266303e-19
5951,7.709999999999999
5952,5.51
5953,6.11
5954,7.809999999999999
5955,7.0200000000000005
5956,9.999999999999998
5957,8.65
5958,6.57
5959,5.8999999999999995
5960,4.16
5961,9.17
5962,4.1899999999999995
5963,5.238238026170966
5964,3.86
5965,6.51
5966,3.8499999999999996
5967,9.46
5968,3.3499999999999996
5969,4.04
5970,4.54
5971,3.88
5972,9.0
5973,5.55
5974,5.58
5975,8.82
5976,8.45
5977,9.999999999999998
5978,6.36
5979,9.999999999999998
5980,5.5
5981,7.699999999999999
5982,3.979999999999999
5983,8.909999999999998
5984,5.3100000000000005
5985,8.0
5986,4.279999999999999
5987,5.89
5988,2.7399999999999998
5989,5.66
5990,8.209999999999999
5991,6.709999999999999
5992,5.66
5993,7.869999999999999
5994,4.43
5995,1.85
5996,5.27
5997,4.24
5998,4.71
5999,4.7
6000,5.64
6001,7.7700000000000005
6002,4.82
6003,6.220000000000001
6004,4.71
6005,6.119999999999999
6006,9.17
6007,9.999999999999998
6008,9.76
6009,6.04
6010,8.120000000000001
6011,5.539999999999999
6012,2.88
6013,3.8299999999999996
6014,5.799999999999999
6015,6.119999999999999
6016,9.14
6017,4.18
6018,7.109999999999999
6019,7.92
6020,2.17
6021,8.11
6022,6.42
6023,5.37
6024,4.9799999999999995
6025,7.75
6026,9.11
6027,7.879999999999999
6028,2.7600000000000002
6029,7.43
6030,6.26
6031,7.540000000000001
6032,9.501761973829034
6033,4.65
6034,4.7299999999999995
6035,5.14
6036,9.41
6037,6.499999999999999
6038,6.9
6039,9.73
6040,2.4999999999999996
6041,7.790000000000001
6042,7.52
6043,8.4
6044,9.7
6045,5.319999999999999
6046,6.2299999999999995
6047,0.29
6048,2.69
6049,5.49
6050,8.95
6051,3.59
6052,6.481174649219356
6053,2.44
6054,8.72
6055,3.41
6056,1.7199999999999998
6057,4.85
6058,7.2
6059,3.3499999999999996
6060,3.21
6061,5.64
6062,5.35
6063,6.45
6064,4.0600000000000005
6065,5.89
6066,7.24
6067,4.64
6068,8.2
6069,5.43
6070,2.82
6071,6.21
6072,4.25
6073,1.41
6074,6.93
6075,4.13
6076,2.5799999999999996
6077,5.65
6078,5.34
6079,2.47
6080,4.82
6081,9.35
6082,4.27
6083,7.409999999999999
6084,6.5200000000000005
6085,5.279999999999999
6086,8.388238026170967
6087,4.55
6088,5.15
6089,6.36293662304839
6090,5.348825350780643
6091,6.489999999999999
6092,9.33
6093,5.539999999999999
6094,8.37
6095,6.08
6096,8.290108371448321
6097,5.050000000000001
6098,8.65
6099,9.18
6100,2.67
6101,6.009999999999999
6102,5.84
6103,1.0664871332746587e-19
6104,7.18
6105,9.22
6106,5.970000000000001
6107,6.24
6108,6.9799999999999995
6109,9.52
6110,2.2199999999999998
6111,5.58
6112,4.34
6113,6.029999999999999
6114,5.0958887277322535
6115,8.045888727732255
6116,3.46
6117,7.359999999999999
6118,8.65
6119,4.36
6120,5.08
6121,9.47
6122,0.35
6123,3.38
6124,7.76
6125,8.38706337695161
6126,9.999999999999998
6127,8.93
6128,2.91
6129,2.33
6130,3.36
6131,6.362349298438712
6132,8.97
6133,9.009999999999998
6134,6.779999999999999
6135,4.600587324609678
6136,3.2299999999999995
6137,4.17
6138,4.07
6139,3.8200000000000003
6140,7.359999999999999
6141,3.7
6142,4.949999999999999
6143,7.55
6144,6.39
6145,4.408359308361381
6146,7.699999999999999
6147,7.63
6148,5.15
6149,5.46
6150,7.32
6151,4.1
6152,4.88
6153,3.3299999999999996
6154,7.279999999999999
6155,9.2
6156,3.3200000000000003
6157,5.66
6158,5.25
6159,6.32
6160,4.66
6161,7.699999999999999
6162,7.51
6163,7.0200000000000005
6164,7.51
6165,5.9799999999999995
6166,6.680000000000001
6167,6.599999999999999
6168,4.779999999999999
6169,2.57
6170,5.85
6171,1.2899999999999998
6172,7.15
6173,6.725285921487101
6174,2.03
6175,5.75
6176,8.13234929843871
6177,6.2
6178,7.860587324609678
6179,9.871761973829033
6180,7.1
6181,3.2499999999999996
6182,7.63
6183,0.5
6184,4.88
6185,3.51
6186,6.9
6187,4.419999999999999
6188,4.529999999999999
6189,9.8
6190,8.209999999999999
6191,7.58
6192,6.220000000000001
6193,4.61
6194,6.409999999999999
6195,5.2299999999999995
6196,5.720000000000001
6197,7.489999999999999
6198,8.16
6199,7.669999999999999
6200,6.25
6201,5.5
6202,3.96
6203,4.36
6204,2.56
6205,8.16
6206,6.93
6207,6.21
6208,9.379999999999999
6209,3.7299999999999995
6210,6.36
6211,3.3299999999999996
6212,5.66
6213,6.817480911016359
6214,5.63
6215,5.61
6216,4.37
6217,7.9
6218,4.38
6219,7.6499999999999995
6220,3.311761973829034
6221,3.97
6222,4.1899999999999995
6223,8.9
6224,4.46
6225,5.96
6226,8.7
6227,5.528238026170965
6228,8.559999999999999
6229,5.11
6230,6.67
6231,6.62
6232,5.92
6233,8.37
6234,7.0017619738290335
6235,7.75
6236,5.0200000000000005
6237,5.67
6238,8.25
6239,4.51
6240,8.709999999999999
6241,3.59
6242,6.27
6243,2.3699999999999997
6244,7.379999999999999
6245,6.659999999999999
6246,7.109999999999999
6247,7.1
6248,8.909999999999998
6249,6.75412675390322
6250,5.41
6251,9.996476052341931
6252,2.3600000000000003
6253,7.5
6254,6.34
6255,6.29
6256,6.83
6257,6.25
6258,5.59
6259,2.31
6260,5.68
6261,7.699999999999999
6262,9.559999999999999
6263,7.379999999999999
6264,6.67
6265,8.67
6266,2.38
6267,4.689999999999999
6268,5.59
6269,7.909999999999998
6270,5.402349298438712
6271,5.27
6272,8.66281298601e-20
6273,8.36
6274,4.970000000000001
6275,2.2800000000000002
6276,4.679999999999999
6277,5.209999999999999
6278,7.470000000000001
6279,8.48
6280,8.49
6281,1.6499999999999997
6282,5.67
6283,3.6899999999999995
6284,8.35
6285,7.33
6286,5.25
6287,7.529999999999999
6288,9.479999999999999
6289,2.47
6290,3.97
6291,3.8899999999999997
6292,1.3699999999999999
6293,3.4299999999999997
6294,4.71
6295,3.3999999999999995
6296,5.91
6297,7.24
6298,7.99
6299,1.8999999999999997
6300,6.05
6301,2.45
6302,3.07
6303,3.979999999999999
6304,4.8
6305,6.680000000000001
6306,7.51
6307,7.169999999999999
6308,4.71
6309,4.26
6310,7.6099999999999985
6311,9.999999999999998
6312,7.159999999999999
6313,1.49
6314,7.879999999999999
6315,4.479999999999999
6316,8.459999999999999
6317,9.41
6318,3.479999999999999
6319,4.3100000000000005
6320,6.489999999999999
6321,3.09
6322,8.39
6323,2.3399999999999994
6324,3.3999999999999995
6325,6.890000000000001
6326,5.89
6327,4.84
6328,6.26
6329,6.879999999999999
6330,2.32
6331,9.999999999999998
6332,5.539999999999999
6333,7.72
6334,5.9799999999999995
6335,6.799999999999999
6336,6.962349298438711
6337,3.12
6338,9.15
6339,2.23
6340,6.146130306955899
6341,5.82
6342,5.220000000000001
6343,6.82
6344,2.395301403122576
6345,5.6
6346,6.459999999999999
6347,4.7
6348,3.7299999999999995
6349,8.15
6350,7.33
6351,7.95
6352,2.6399999999999997
6353,5.329999999999999
6354,9.842349298438712
6355,7.379412675390322
6356,7.359999999999999
6357,5.1899999999999995
6358,5.15
6359,7.209999999999999
6360,8.39
6361,6.489999999999999
6362,8.66
6363,4.38
6364,4.89
6365,7.109999999999999
6366,7.4
6367,9.17
6368,7.959999999999998
6369,7.99
6370,2.5799999999999996
6371,8.75
6372,4.24
6373,5.7011746492193565
6374,9.93
6375,9.540000000000001
6376,2.2800000000000002
6377,4.54
6378,2.18
6379,8.879999999999999
6380,4.11
6381,3.17
6382,4.0600000000000005
6383,7.009999999999999
6384,8.01
6385,7.57
6386,5.96
6387,6.849999999999999
6388,5.8100000000000005
6389,6.740000000000001
6390,7.489999999999999
6391,6.4799999999999995
6392,4.651174649219357
6393,5.069999999999999
6394,4.18
6395,6.37
6396,2.1100000000000003
6397,5.67
6398,6.18
6399,3.87
6400,9.65
6401,6.970000000000001
6402,8.52
6403,7.459999999999999
6404,1.5299999999999998
6405,9.190000000000001
6406,6.4799999999999995
6407,6.799999999999999
6408,5.46
6409,7.13
6410,5.050000000000001
6411,8.940000000000001
6412,5.209999999999999
6413,3.1399999999999992
6414,2.46
6415,4.772349298438712
6416,1.1699999999999997
6417,2.67
6418,6.21
6419,9.999999999999998
6420,5.64
6421,9.999999999999998
6422,8.33
6423,7.639412675390322
6424,7.359999999999999
6425,8.39
6426,4.4
6427,5.65
6428,6.680000000000001
6429,2.44
6430,6.35
6431,2.68
6432,9.02
6433,1.56
6434,6.499999999999999
6435,9.17
6436,3.979999999999999
6437,6.029999999999999
6438,8.08
6439,4.629999999999999
6440,4.220000000000001
6441,8.4
6442,2.01
6443,4.43
6444,9.57
6445,7.37
6446,9.998238026170965
6447,4.32
6448,5.88
6449,4.279999999999999
6450,4.38
6451,8.55
6452,9.996476052341931
6453,4.679999999999999
6454,6.45
6455,8.22
6456,7.289412675390322
6457,9.999999999999998
6458,2.15
6459,1.6099999999999999
6460,4.9799999999999995
6461,8.37
6462,9.02
6463,5.67
6464,9.23
6465,7.890000000000001
6466,5.7700000000000005
6467,8.559999999999999
6468,6.62
6469,6.890000000000001
6470,9.129999999999999
6471,8.129999999999999
6472,2.83
6473,4.55
6474,8.52
6475,7.12
6476,5.27
6477,9.25
6478,8.14
6479,9.998238026170965
6480,6.15
6481,6.029999999999999
6482,4.7
6483,5.329999999999999
6484,4.15
6485,6.37
6486,5.1
6487,3.8899999999999997
6488,9.997063376951608
6489,5.04
6490,4.99
6491,4.27
6492,5.45
6493,2.3699999999999997
6494,5.5200000000000005
6495,4.5853014031225765
6496,7.35
6497,6.24
6498,3.65
6499,6.879999999999999
6500,9.999999999999998
6501,0.9499999999999998
6502,3.86
6503,8.190000000000001
6504,9.98
6505,4.4
6506,6.05
6507,6.499999999999999
6508,5.75
6509,5.93
6510,6.51
6511,7.9
6512,6.57
6513,5.92
6514,4.4399999999999995
6515,5.458825350780644
6516,8.97
6517,4.05
6518,4.470000000000001
6519,5.61
6520,7.699999999999999
6521,3.9200000000000004
6522,4.38
6523,3.31
6524,9.214111272267745
6525,5.758222544535492
6526,7.489999999999999
6527,2.2199999999999998
6528,6.729412675390321
6529,2.48
6530,6.29
6531,8.440000000000001
6532,0.9499999999999998
6533,9.280587324609678
6534,6.43
6535,3.57
6536,6.08
6537,8.23
6538,5.781761973829033
6539,5.84
6540,6.76
6541,6.749412675390323
6542,2.12
6543,7.229999999999999
6544,6.43
6545,3.88
6546,9.995301403122575
6547,4.88
6548,5.5
6549,4.85
6550,7.709999999999999
6551,3.4399999999999995
6552,5.482349298438711
6553,8.290000000000001
6554,3.8499999999999996
6555,3.75
6556,6.15
6557,0.94
6558,6.69
6559,9.7
6560,2.7199999999999998
6561,6.680000000000001
6562,6.849999999999999
6563,5.5299999999999985
6564,4.5
6565,3.3400000000000003
6566,9.74
6567,6.93
6568,7.72
6569,0.8800000000000001
6570,8.440000000000001
6571,7.0
6572,3.55
6573,3.18
6574,6.909999999999999
6575,5.13
6576,4.75
6577,6.809999999999999
6578,8.69706337695161
6579,4.96
6580,3.31
6581,3.38
6582,8.67
6583,9.790000000000001
6584,7.6499999999999995
6585,8.93
6586,9.109412675390322
6587,6.09
6588,2.3
6589,7.359999999999999
6590,7.3
6591,9.31
6592,8.909999999999998
6593,7.72
6594,5.461174649219355
6595,7.379999999999999
6596,7.779999999999999
6597,6.45
6598,8.3
6599,4.09
6600,7.85
6601,7.640000000000001
6602,4.61
6603,6.34
6604,7.646476052341932
6605,5.89
6606,8.35
6607,5.7700000000000005
6608,8.36
6609,0.03
6610,0.61
6611,9.999999999999998
6612,4.779999999999999
6613,3.3499999999999996
6614,3.5494126753903217
6615,6.699999999999999
6616,5.0200000000000005
6617,0.97
6618,6.610587324609678
6619,2.0
6620,5.25
6621,7.51
6622,7.82
6623,7.590000000000002
6624,1.9699999999999998
6625,8.14
6626,3.673539429293542
6627,5.83
6628,5.209999999999999
6629,9.190000000000001
6630,6.2299999999999995
6631,7.42
6632,4.679999999999999
6633,7.93
6634,6.3100000000000005
6635,8.52
6636,5.63
6637,0.77
6638,3.51
6639,6.609999999999999
6640,5.43
6641,8.14
6642,5.38
6643,3.319412675390322
6644,7.2700000000000005
6645,9.009999999999998
6646,9.3
6647,1.6099999999999999
6648,4.8100000000000005
6649,3.97
6650,4.999999999999999
6651,6.403523947658068
6652,9.999999999999998
6653,3.09
6654,9.999999999999998
6655,5.84
6656,7.82
6657,6.2799999999999985
6658,9.999999999999998
6659,4.07
6660,2.38
6661,9.1
6662,9.997063376951608
6663,6.5200000000000005
6664,7.863523947658067
6665,5.88
6666,6.809999999999999
6667,3.75
6668,4.789999999999999
6669,8.75
6670,6.119999999999999
6671,6.56
6672,5.06
6673,3.08
6674,8.03
6675,8.37
6676,8.37
6677,9.061761973829034
6678,6.659999999999999
6679,5.279999999999999
6680,7.659999999999999
6681,4.4
6682,3.8299999999999996
6683,6.26
6684,4.75
6685,3.979999999999999
6686,6.849999999999999
6687,8.39
6688,6.859999999999999
6689,5.96
6690,5.83
6691,5.281761973829034
6692,9.861761973829033
6693,3.479999999999999
6694,6.640000000000001
6695,7.51
6696,6.62
6697,5.799999999999999
6698,4.41
6699,5.4399999999999995
6700,5.24
6701,2.7699999999999996
6702,7.93
6703,8.64
6704,5.279999999999999
6705,7.0
6706,9.3
6707,4.65
6708,8.83
6709,5.42
6710,6.609999999999999
6711,9.31
6712,7.0299999999999985
6713,4.37
6714,7.279999999999999
6715,3.07
6716,7.879999999999999
6717,3.96
6718,4.739999999999999
6719,6.7700000000000005
6720,8.05
6721,3.03
6722,5.7700000000000005
6723,6.9799999999999995
6724,9.999999999999998
6725,6.7299999999999995
6726,3.55
6727,7.8
6728,2.19
6729,3.9776507015612874
6730,7.94
6731,3.28
6732,6.75
6733,7.74
6734,8.01
6735,2.8600000000000003
6736,6.08
6737,3.8200000000000003
6738,5.89
6739,4.86
6740,7.2700000000000005
6741,7.939412675390322
6742,9.999412675390321
6743,7.390000000000001
6744,8.17
6745,1.3252686407094753e-19
6746,6.43
6747,6.869999999999999
6748,4.5200000000000005
6749,8.949412675390322
6750,4.87
6751,6.3
6752,9.22
6753,6.1
6754,7.75
6755,7.69
6756,3.01
6757,4.01
6758,5.387650701561288
6759,8.868197689380847e-20
6760,6.32
6761,4.39
6762,5.09
6763,5.29
6764,5.65
6765,4.49
6766,2.52
6767,9.529999999999998
6768,8.120000000000001
6769,3.3200000000000003
6770,8.37
6771,5.68
6772,9.72
6773,0.2799999999999999
6774,6.04
6775,7.0299999999999985
6776,1.85
6777,5.799999999999999
6778,6.959999999999998
6779,3.7
6780,6.21
6781,5.3100000000000005
6782,8.379999999999999
6783,5.9799999999999995
6784,6.45
6785,7.572349298438712
6786,6.92
6787,6.32
6788,5.372349298438713
6789,1.41
6790,6.16
6791,6.29
6792,5.93
6793,6.779999999999999
6794,3.3700000000000006
6795,3.2499999999999996
6796,9.99
6797,4.58
6798,5.17
6799,9.999412675390321
6800,9.15
6801,7.229999999999999
6802,5.4399999999999995
6803,9.110587324609678
6804,6.89484304365006
6805,3.88
6806,3.18
6807,3.967650701561288
6808,5.38
6809,6.849999999999999
6810,6.42
6811,7.25
6812,6.1899999999999995
6813,8.1
6814,3.9299999999999997
6815,2.53
6816,8.93
6817,4.3100000000000005
6818,6.879999999999999
6819,7.489999999999999
6820,9.3
6821,5.8100000000000005
6822,3.9899999999999998
6823,6.58
6824,5.720000000000001
6825,7.35
6826,7.2700000000000005
6827,9.999999999999998
6828,4.779999999999999
6829,3.95
6830,7.390000000000001
6831,8.9
6832,1.1800000000000002
6833,7.63
6834,6.0200000000000005
6835,9.71
6836,7.209999999999999
6837,9.996476052341931
6838,3.3700000000000006
6839,6.840000000000001
6840,3.76
6841,6.5200000000000005
6842,6.2299999999999995
6843,4.31293662304839
6844,3.79
6845,4.8
6846,4.99
6847,5.62
6848,8.22
6849,2.05
6850,5.76
6851,2.6599999999999997
6852,4.49
6853,5.5600000000000005
6854,8.58
6855,3.76
6856,1.1800000000000002
6857,8.34
6858,6.779999999999999
6859,7.409999999999999
6860,4.3100000000000005
6861,5.3100000000000005
6862,7.470000000000001
6863,4.017063376951611
6864,2.03
6865,6.5894126753903235
6866,3.07
6867,8.86293662304839
6868,5.42
6869,7.93
6870,5.0200000000000005
6871,6.1
6872,6.57
6873,5.8100000000000005
6874,6.34
6875,6.06
6876,7.0994126753903215
6877,5.92
6878,3.79
6879,3.7999999999999994
6880,7.169999999999999
6881,7.25
6882,8.08
6883,8.36
6884,7.2
6885,7.311174649219355
6886,3.6399999999999997
6887,3.79
6888,3.26
6889,8.459999999999999
6890,2.23
6891,4.4399999999999995
6892,8.290000000000001
6893,5.44706337695161
6894,9.67
6895,6.6717619738290335
6896,6.29
6897,2.51
6898,8.58
6899,7.4694126753903225
6900,3.56
6901,9.999999999999998
6902,8.16
6903,6.809999999999999
6904,6.35
6905,3.88
6906,6.16
6907,4.54
6908,9.129999999999999
6909,9.77
6910,3.02
6911,7.42
6912,2.8699999999999997
6913,7.4399999999999995
6914,8.1
6915,5.1899999999999995
6916,7.2
6917,5.720000000000001
6918,5.5600000000000005
6919,5.06
6920,1.54
6921,6.95
6922,9.45
6923,6.849999999999999
6924,7.869999999999999
6925,6.809999999999999
6926,3.81
6927,4.629999999999999
6928,7.72
6929,8.99
6930,9.998238026170965
6931,6.54
6932,6.5299999999999985
6933,7.669999999999999
6934,5.92
6935,9.910587324609677
6936,3.65
6937,8.48
6938,8.3
6939,8.14
6940,3.24
6941,7.209999999999999
6942,5.050000000000001
6943,3.6899999999999995
6944,6.409999999999999
6945,6.1899999999999995
6946,9.16
6947,4.35
6948,3.7299999999999995
6949,3.8200000000000003
6950,4.7299999999999995
6951,3.88
6952,7.6099999999999985
6953,2.69
6954,4.82
6955,7.220000000000001
6956,5.99
6957,7.590000000000002
6958,3.79
6959,2.97
6960,3.17
6961,4.45
6962,7.42
6963,6.9835239476580675
6964,4.82
6965,9.997650701561287
6966,6.3100000000000005
6967,6.659999999999999
6968,1.28
6969,4.529999999999999
6970,5.5600000000000005
6971,5.3100000000000005
6972,5.5
6973,3.29
6974,4.05
6975,4.75
6976,4.39
6977,6.24
6978,7.31
6979,8.28
6980,6.17
6981,3.479999999999999
6982,3.07
6983,5.87
6984,5.79
6985,7.640000000000001
6986,1.98
6987,3.628238026170966
6988,7.7700000000000005
6989,3.12
6990,3.84
6991,1.269084738944928e-19
6992,7.25
6993,3.979999999999999
6994,7.449999999999999
6995,5.34
6996,4.58
6997,4.76
6998,9.190000000000001
6999,9.65
7000,3.88
7001,6.590000000000001
7002,7.669999999999999
7003,4.5
7004,7.169999999999999
7005,5.8100000000000005
7006,7.63
7007,6.740000000000001
7008,7.93
7009,5.8999999999999995
7010,6.26
7011,2.7
7012,8.690000000000001
7013,9.849999999999998
7014,2.82
7015,4.7299999999999995
7016,4.739999999999999
7017,1.09
7018,7.42
7019,5.2
7020,9.999999999999998
7021,2.7199999999999998
7022,2.94
7023,7.599999999999999
7024,7.83
7025,3.6
7026,4.55
7027,9.71
7028,5.26
7029,5.46
7030,5.24
7031,9.999999999999998
7032,3.91
7033,5.67
7034,6.6499999999999995
7035,5.65
7036,6.809999999999999
7037,6.959999999999998
7038,8.47
7039,6.67
7040,9.690000000000001
7041,9.998238026170965
7042,4.09
7043,3.07
7044,4.39
7045,5.13
7046,9.999999999999998
7047,1.9699999999999998
7048,5.15
7049,7.19
7050,9.540000000000001
7051,7.52
7052,8.209999999999999
7053,5.2
7054,3.5
7055,5.069999999999999
7056,2.52
7057,5.95
7058,6.640000000000001
7059,8.48
7060,6.9
7061,4.36
7062,7.69
7063,8.08
7064,2.81
7065,7.0299999999999985
7066,0.9099999999999999
7067,4.789999999999999
7068,5.029999999999999
7069,3.9899999999999998
7070,1.98
7071,8.02
7072,7.040000000000001
7073,4.83
7074,6.029999999999999
7075,7.9799999999999995
7076,9.579999999999998
7077,5.57
7078,6.740000000000001
7079,8.57
7080,3.61
7081,5.5600000000000005
7082,8.959999999999997
7083,4.479999999999999
7084,8.291761973829034
7085,5.329999999999999
7086,7.109999999999999
7087,6.26
7088,3.8299999999999996
7089,4.479999999999999
7090,9.999999999999998
7091,6.470000000000001
7092,4.59
7093,8.459999999999999
7094,9.359999999999998
7095,5.08
7096,6.251174649219355
7097,9.821761973829034
7098,4.2299999999999995
7099,8.55
7100,8.3
7101,8.161761973829034
7102,7.6099999999999985
7103,6.14
7104,8.51
7105,6.258238026170965
7106,3.26
7107,6.04
7108,8.36
7109,9.009999999999998
7110,4.55
7111,6.1899999999999995
7112,3.18
7113,6.11
7114,5.902349298438712
7115,6.99
7116,9.16
7117,2.4899999999999998
7118,7.040000000000001
7119,7.19
7120,4.43
7121,6.069999999999999
7122,3.3700000000000006
7123,3.91
7124,4.17
7125,4.720000000000001
7126,7.459999999999999
7127,5.62
7128,8.55
7129,5.83
7130,9.31
7131,8.68
7132,5.601174649219356
7133,8.690000000000001
7134,8.940000000000001
7135,7.981174649219356
7136,1.22
7137,5.92
7138,3.56
7139,4.85
7140,5.42
7141,9.247650701561287
7142,4.279999999999999
7143,4.1899999999999995
7144,0.11000000000000001
7145,5.38
7146,5.99
7147,6.35
7148,4.2299999999999995
7149,9.479999999999999
7150,5.99
7151,8.451761973829033
7152,5.99
7153,1.6
7154,8.059999999999999
7155,7.63
7156,3.1399999999999992
7157,6.13
7158,2.8
7159,5.9399999999999995
7160,5.26
7161,7.489999999999999
7162,7.529999999999999
7163,6.970000000000001
7164,7.52
7165,6.879999999999999
7166,3.31
7167,6.640000000000001
7168,3.31
7169,4.37
7170,5.88
7171,3.76
7172,7.037650701561289
7173,8.870000000000001
7174,9.999999999999998
7175,2.4
7176,8.1
7177,3.8452239949452034
7178,7.8
7179,7.879999999999999
7180,5.04
7181,6.009999999999999
7182,3.84
7183,7.540000000000001
7184,2.7800000000000002
7185,5.868238026170967
7186,7.1
7187,5.050000000000001
7188,2.257650701561288
7189,5.66
7190,8.059999999999999
7191,4.67
7192,9.999999999999998
7193,8.23
7194,4.1
7195,8.35
7196,5.41
7197,7.209999999999999
7198,5.26
7199,8.209999999999999
7200,6.409999999999999
7201,6.67
7202,7.29
7203,7.459999999999999
7204,4.39
7205,2.68
7206,7.72
7207,6.57
7208,7.220000000000001
7209,6.3100000000000005
7210,6.470000000000001
7211,5.539999999999999
7212,5.029999999999999
7213,5.974111272267747
7214,4.747650701561288
7215,3.3899999999999997
7216,3.88
7217,8.34
7218,3.9899999999999998
7219,6.7700000000000005
7220,3.07
7221,8.01
7222,6.08
7223,5.6
7224,6.57
7225,5.470000000000001
7226,6.58
7227,4.46
7228,4.92
7229,6.890000000000001
7230,6.45
7231,0.8
7232,7.709999999999999
7233,8.925888727732254
7234,9.747060570252443e-20
7235,4.0600000000000005
7236,7.090000000000001
7237,6.82
7238,9.999999999999998
7239,6.5200000000000005
7240,5.76
7241,3.5399999999999996
7242,9.92
7243,9.86
7244,1.8
7245,6.220000000000001
7246,4.16
7247,1.8999999999999997
7248,3.55
7249,6.34
7250,5.89
7251,5.84
7252,3.5
7253,6.890000000000001
7254,7.699999999999999
7255,3.7299999999999995
7256,8.190000000000001
7257,4.84
7258,4.32
7259,8.5
7260,9.379999999999999
7261,7.0299999999999985
7262,5.24
7263,4.86
7264,2.3399999999999994
7265,6.82
7266,3.0
7267,2.2199999999999998
7268,4.46
7269,3.56
7270,8.120000000000001
7271,4.9399999999999995
7272,7.809999999999999
7273,8.95
7274,2.98
7275,6.04
7276,6.310587324609679
7277,7.0200000000000005
7278,7.19
7279,5.95
7280,5.42
7281,9.949999999999998
7282,6.56
7283,4.739999999999999
7284,7.3
7285,5.209999999999999
7286,3.4399999999999995
7287,5.67
7288,6.26
7289,5.14
7290,8.338825350780644
7291,2.6
7292,3.36
7293,4.970000000000001
7294,6.34
7295,9.8
7296,7.988825350780644
7297,7.62
7298,4.529999999999999
7299,8.909999999999998
7300,3.29
7301,8.25
7302,5.24
7303,4.55
7304,8.07
7305,7.869999999999999
7306,6.94
7307,6.119999999999999
7308,4.5200000000000005
7309,6.5299999999999985
7310,0.5900000000000001
7311,6.459999999999999
7312,8.41741757026174
7313,6.72
7314,6.640000000000001
7315,6.7299999999999995
7316,5.009999999999999
7317,5.87
7318,1.95
7319,8.27
7320,3.62
7321,5.39
7322,5.04
7323,5.029999999999999
7324,4.14
7325,7.590000000000002
7326,6.4399999999999995
7327,6.869999999999999
7328,7.659999999999999
7329,2.3600000000000003
7330,6.27
7331,2.53
7332,7.090000000000001
7333,7.75
7334,4.2
7335,5.49
7336,6.251174649219355
7337,3.03
7338,4.59
7339,5.887650701561287
7340,5.5200000000000005
7341,4.970000000000001
7342,4.9799999999999995
7343,9.479412675390321
7344,4.999999999999999
7345,1.21
7346,7.169999999999999
7347,8.65
7348,7.55
7349,6.75
7350,4.7700000000000005
7351,5.26
7352,7.14
7353,4.479999999999999
7354,7.6099999999999985
7355,7.4399999999999995
7356,7.18
7357,9.120000000000001
7358,6.790000000000002
7359,4.629999999999999
7360,8.040000000000001
7361,9.998238026170965
7362,8.629999999999999
7363,2.04
7364,6.17
7365,4.71
7366,5.93
7367,5.64
7368,3.6
7369,7.779999999999999
7370,3.9299999999999997
7371,9.999999999999998
7372,5.62
7373,9.620000000000001
7374,7.31
7375,3.2999999999999994
7376,5.87
7377,7.33
7378,4.51
7379,9.995888727732254
7380,9.33
7381,4.76
7382,7.220000000000001
7383,3.96
7384,7.449999999999999
7385,4.529999999999999
7386,6.609999999999999
7387,6.42
7388,5.66
7389,4.9799999999999995
7390,7.75
7391,6.859999999999999
7392,4.5600000000000005
7393,9.995301403122575
7394,9.49
7395,2.3600000000000003
7396,6.970000000000001
7397,8.11
7398,1.5417619738290338
7399,4.87
7400,9.359999999999998
7401,4.38
7402,4.84
7403,9.45
7404,7.2
7405,3.6399999999999997
7406,6.809999999999999
7407,6.9
7408,6.11
7409,8.41
7410,4.1899999999999995
7411,7.069999999999999
7412,3.24
7413,5.319999999999999
7414,5.6
7415,6.35
7416,4.789999999999999
7417,4.7299999999999995
7418,3.97
7419,5.1899999999999995
7420,5.49
7421,2.43
7422,3.9899999999999998
7423,7.599999999999999
7424,8.988825350780644
7425,2.62
7426,5.279999999999999
7427,4.71
7428,4.184714078512897
7429,3.84
7430,2.18
7431,6.39
7432,6.869999999999999
7433,5.329999999999999
7434,4.32
7435,4.3100000000000005
7436,5.1
7437,8.73
7438,3.9299999999999997
7439,7.42
7440,8.240587324609677
7441,4.89
7442,3.5799999999999996
7443,7.590000000000002
7444,5.720000000000001
7445,6.37
7446,5.24
7447,7.0
7448,5.51
7449,6.4799999999999995
7450,9.999999999999998
7451,5.7
7452,4.87
7453,4.96
7454,6.7299999999999995
7455,5.34
7456,5.59
7457,6.5200000000000005
7458,4.33
7459,1.49
7460,6.869999999999999
7461,7.859999999999999
7462,4.11
7463,9.120000000000001
7464,6.11
7465,9.05
7466,8.539412675390322
7467,9.149412675390323
7468,7.959999999999998
7469,3.2299999999999995
7470,5.34
7471,5.5200000000000005
7472,2.71
7473,6.34
7474,4.789999999999999
7475,2.98
7476,6.5299999999999985
7477,0.3
7478,7.43
7479,4.689999999999999
7480,8.37
7481,7.449999999999999
7482,3.03
7483,7.779999999999999
7484,7.138238026170966
7485,4.46
7486,9.34
7487,5.279999999999999
7488,5.96
7489,3.4200000000000004
7490,7.069999999999999
7491,2.5799999999999996
7492,3.88
7493,7.2700000000000005
7494,5.96
7495,5.93
7496,6.379999999999999
7497,6.3
7498,6.17
7499,9.997650701561287
7500,6.94
7501,6.72
7502,8.379999999999999
7503,4.735301403122576
7504,5.88
7505,6.790000000000002
7506,4.5200000000000005
7507,8.289412675390322
7508,3.5799999999999996
7509,1.0938851283173925e-19
7510,9.997063376951608
7511,4.7700000000000005
7512,5.5200000000000005
7513,6.379999999999999
7514,5.51
7515,3.45
7516,8.92
7517,1.2499999999999998
7518,6.13
7519,2.01
7520,4.65
7521,9.999999999999998
7522,6.27
7523,3.4399999999999995
7524,8.76
7525,6.32
7526,7.761174649219356
7527,2.9299999999999997
7528,2.47293662304839
7529,5.09
7530,6.13
7531,7.13
7532,9.997063376951608
7533,5.779999999999999
7534,8.889999999999999
7535,3.979999999999999
7536,8.290000000000001
7537,8.64
7538,4.419999999999999
7539,6.24
7540,7.57
7541,2.6100000000000003
7542,7.358825350780643
7543,5.1
7544,0.97
7545,7.4
7546,6.821174649219357
7547,2.15
7548,6.319412675390322
7549,9.261761973829033
7550,5.29
7551,6.95
7552,4.82
7553,6.086476052341932
7554,9.999999999999998
7555,7.37
7556,6.82
7557,8.5
7558,5.35
7559,1.7199999999999998
7560,3.62
7561,7.0200000000000005
7562,4.86
7563,7.599999999999999
7564,5.62
7565,8.120000000000001
7566,5.82
7567,6.37
7568,7.379999999999999
7569,6.76
7570,3.4399999999999995
7571,8.27
7572,5.71
7573,9.994714078512898
7574,5.83
7575,7.48
7576,6.45
7577,5.29
7578,4.13
7579,5.37
7580,3.2199999999999998
7581,5.84
7582,3.63
7583,4.41
7584,4.6
7585,6.72
7586,2.2
7587,6.32
7588,4.5600000000000005
7589,8.64
7590,0.49000000000000005
7591,3.5399999999999996
7592,4.37
7593,7.13
7594,3.74
7595,7.0
7596,2.01
7597,7.079999999999999
7598,5.37
7599,4.61
7600,5.859999999999999
7601,8.32
7602,2.7399999999999998
7603,6.599999999999999
7604,4.88
7605,4.43
7606,7.1
7607,7.55
7608,9.88
7609,7.999412675390322
7610,5.3
7611,4.33
7612,6.4799999999999995
7613,8.0
7614,7.29
7615,8.33
7616,5.479999999999999
7617,7.26
7618,6.489999999999999
7619,3.04
7620,2.38
7621,7.58
7622,3.2
7623,5.57
7624,5.37
7625,7.18
7626,1.5976507015612882
7627,5.378238026170966
7628,5.88
7629,4.45
7630,4.84
7631,3.78
7632,9.25
7633,8.040000000000001
7634,2.73
7635,5.319999999999999
7636,7.669999999999999
7637,1.3599999999999999
7638,4.9399999999999995
7639,8.839999999999998
7640,8.8
7641,5.5299999999999985
7642,9.690000000000001
7643,5.169412675390322
7644,5.83
7645,6.849999999999999
7646,4.629999999999999
7647,6.15
7648,4.5200000000000005
7649,1.59
7650,6.9
7651,5.09
7652,4.9399999999999995
7653,5.329999999999999
7654,6.4
7655,8.120000000000001
7656,9.995301403122575
7657,8.28
7658,3.479999999999999
7659,1.7699999999999998
7660,5.0341112722677455
7661,4.17
7662,5.29
7663,4.4
7664,7.449999999999999
7665,6.21
7666,5.970000000000001
7667,5.841174649219355
7668,2.8600000000000003
7669,5.17
7670,9.999999999999998
7671,6.55
7672,6.32
7673,2.75
7674,6.43
7675,8.1
7676,3.4200000000000004
7677,2.7699999999999996
7678,8.691761973829037
7679,8.92
7680,8.18
7681,6.35
7682,4.279999999999999
7683,6.808238026170965
7684,6.99
7685,9.998238026170965
7686,7.29
7687,8.99
7688,4.479999999999999
7689,1.8199999999999998
7690,6.640000000000001
7691,5.050000000000001
7692,9.997063376951608
7693,9.001761973829034
7694,2.8699999999999997
7695,2.7800000000000002
7696,9.22
7697,6.67
7698,5.79
7699,6.2799999999999985
7700,6.93
7701,7.0299999999999985
7702,2.94
7703,6.459999999999999
7704,5.3
7705,4.7194126753903225
7706,4.036476052341932
7707,7.6499999999999995
7708,7.48
7709,7.079999999999999
7710,6.9
7711,5.479999999999999
7712,8.53
7713,4.220000000000001
7714,9.999999999999998
7715,5.799999999999999
7716,7.459999999999999
7717,8.8
7718,6.869999999999999
7719,6.25
7720,8.27
7721,5.799999999999999
7722,6.3100000000000005
7723,3.5299999999999994
7724,6.0
7725,7.359999999999999
7726,5.17
7727,7.75
7728,6.54
7729,3.03
7730,5.66
7731,4.37
7732,7.72
7733,6.11
7734,5.5
7735,7.879999999999999
7736,6.55706337695161
7737,4.88
7738,7.9
7739,7.58
7740,7.95
7741,4.96
7742,2.75
7743,6.709999999999999
7744,2.35
7745,9.995301403122575
7746,2.56
7747,4.75
7748,5.46
7749,5.41
7750,3.63
7751,6.779999999999999
7752,8.129999999999999
7753,5.42
7754,5.5600000000000005
7755,9.45
7756,8.82
7757,6.220000000000001
7758,8.15
7759,9.999999999999998
7760,7.19
7761,6.08
7762,4.679999999999999
7763,8.11
7764,6.609999999999999
7765,3.5948351405234797
7766,7.209999999999999
7767,5.009999999999999
7768,3.3899999999999997
7769,2.6100000000000003
7770,8.790000000000001
7771,1.95
7772,7.62
7773,6.840000000000001
7774,5.67
7775,9.579999999999998
7776,6.32
7777,7.63
7778,8.040000000000001
7779,5.06
7780,7.15
7781,5.859999999999999
7782,0.06
7783,3.479999999999999
7784,7.94
7785,3.6799999999999997
7786,1.94
7787,1.0452859214871018
7788,8.99
7789,1.81
7790,6.7299999999999995
7791,4.51
7792,8.45
7793,7.798238026170965
7794,6.959999999999998
7795,6.26
7796,6.220000000000001
7797,3.38
7798,8.72
7799,6.0200000000000005
7800,3.2
7801,0.77
7802,0.5700000000000001
7803,3.66
7804,4.33
7805,7.570587324609678
7806,7.72
7807,3.8899999999999997
7808,4.970000000000001
7809,6.75
7810,5.99
7811,4.29
7812,3.41
7813,6.16
7814,4.0600000000000005
7815,7.359999999999999
7816,4.4
7817,4.15
7818,1.52759187967534e-19
7819,7.980587324609678
7820,3.5061199747260194
7821,6.409999999999999
7822,8.59
7823,7.657063376951609
7824,5.43
7825,4.1899999999999995
7826,5.15
7827,4.32
7828,7.76
7829,5.8100000000000005
7830,7.079999999999999
7831,7.5
7832,4.739999999999999
7833,6.62
7834,9.559999999999999
7835,6.7700000000000005
7836,8.889999999999999
7837,4.7299999999999995
7838,4.959412675390322
7839,5.1
7840,7.85
7841,8.35
7842,7.009999999999999
7843,7.51
7844,2.31
7845,5.66
7846,5.12
7847,8.459999999999999
7848,5.59
7849,0.26
7850,4.279999999999999
7851,5.4582380261709655
7852,7.540000000000001
7853,5.479999999999999
7854,3.79
7855,8.3
7856,7.19
7857,9.999999999999998
7858,6.72
7859,9.6
7860,8.25
7861,9.41
7862,2.41
7863,3.6799999999999997
7864,7.14
7865,9.28
7866,7.359412675390321
7867,9.994126753903219
7868,4.3100000000000005
7869,7.489999999999999
7870,7.040000000000001
7871,1.54
7872,6.1
7873,7.26
7874,7.5
7875,1.88
7876,2.7600000000000002
7877,5.37
7878,4.35
7879,2.83
7880,2.43
7881,5.7
7882,7.56
7883,4.1
7884,4.11
7885,6.94
7886,2.29
7887,5.35
7888,8.11
7889,6.72
7890,6.29
7891,5.68
7892,6.949412675390322
7893,3.2299999999999995
7894,8.32
7895,2.41
7896,5.14
7897,8.209999999999999
7898,0.8599999999999999
7899,7.72
7900,2.96
7901,6.482349298438712
7902,4.99
7903,2.29
7904,7.659999999999999
7905,6.14
7906,6.76
7907,6.55
7908,8.6
7909,7.34
7910,6.76293662304839
7911,7.040000000000001
7912,6.55
7913,2.44
7914,5.479999999999999
7915,3.9399999999999995
7916,6.849999999999999
7917,8.870000000000001
7918,3.66
7919,7.592349298438713
7920,9.2
7921,5.51
7922,4.7299999999999995
7923,6.599999999999999
7924,8.790000000000001
7925,5.539999999999999
7926,5.45
7927,5.585888727732255
7928,3.6799999999999997
7929,9.3
7930,7.040000000000001
7931,7.56
7932,7.25
7933,2.8999999999999995
7934,5.739999999999999
7935,9.0
7936,5.6
7937,2.53
7938,6.809999999999999
7939,7.26
7940,5.45
7941,5.612349298438712
7942,4.86
7943,4.9399999999999995
7944,6.35
7945,5.38
7946,4.84
7947,6.220000000000001
7948,6.047650701561287
7949,6.613523947658067
7950,5.779999999999999
7951,4.24
7952,7.7299999999999995
7953,6.809999999999999
7954,4.3423492984387115
7955,4.999999999999999
7956,5.38
7957,2.01
7958,4.220000000000001
7959,6.92
7960,6.1899999999999995
7961,5.67
7962,7.15
7963,9.120000000000001
7964,7.68
7965,5.99
7966,5.7700000000000005
7967,4.2299999999999995
7968,7.5
7969,8.040000000000001
7970,5.36
7971,5.009999999999999
7972,6.27587324609678
7973,6.69
7974,7.48
7975,4.67
7976,5.43
7977,9.259999999999998
7978,6.707471440317116e-20
7979,6.589968387493681
7980,9.0
7981,5.470000000000001
7982,2.2217619738290337
7983,6.18
7984,6.499999999999999
7985,4.37
7986,2.41
7987,5.319999999999999
7988,9.33
7989,7.55
7990,9.508238026170964
7991,1.24
7992,3.2199999999999998
7993,7.640000000000001
7994,6.1
7995,2.59
7996,7.14
7997,8.214126753903221
7998,3.24
7999,8.66
8000,4.529999999999999
8001,7.840000000000001
8002,2.75
8003,8.5
8004,3.8899999999999997
8005,8.83
8006,6.7700000000000005
8007,9.540000000000001
8008,5.71
8009,6.83
8010,5.12
8011,3.96
8012,5.718825350780644
8013,4.029999999999999
8014,6.329999999999999
8015,3.57
8016,4.970000000000001
8017,2.02
8018,3.96
8019,3.6
8020,1.93
8021,0.0052859214871017616
8022,7.359999999999999
8023,0.55
8024,5.26
8025,7.33
8026,7.51
8027,9.03
8028,6.379999999999999
8029,7.72
8030,3.1
8031,4.25
8032,3.2
8033,9.999999999999998
8034,6.149412675390322
8035,4.92
8036,1.52
8037,2.05
8038,7.540000000000001
8039,9.14
8040,5.4
8041,5.14
8042,8.48
8043,3.979999999999999
8044,4.57
8045,6.27
8046,9.549999999999999
8047,0.47
8048,7.93
8049,5.5200000000000005
8050,7.059999999999999
8051,8.78
8052,8.95
8053,9.549999999999999
8054,6.890000000000001
8055,6.699999999999999
8056,5.539999999999999
8057,8.08
8058,3.12
8059,8.559999999999999
8060,4.16
8061,8.85
8062,4.59
8063,8.53
8064,9.92
8065,6.39
8066,6.37
8067,3.3700000000000006
8068,3.0599999999999996
8069,5.62
8070,5.75
8071,8.85
8072,8.16
8073,9.209999999999999
8074,7.890000000000001
8075,6.4399999999999995
8076,5.11
8077,4.8
8078,4.419999999999999
8079,9.999999999999998
8080,7.669999999999999
8081,8.42
8082,2.6100000000000003
8083,6.1
8084,7.569412675390322
8085,6.459999999999999
8086,3.2999999999999994
8087,6.352349298438711
8088,4.2
8089,6.37
8090,7.809999999999999
8091,4.62
8092,6.69
8093,5.43
8094,5.36
8095,6.62
8096,5.4
8097,9.997650701561287
8098,6.04
8099,7.540000000000001
8100,6.42
8101,8.61
8102,5.87
8103,9.46
8104,5.779999999999999
8105,3.78
8106,0.64
8107,4.85
8108,5.9399999999999995
8109,6.0200000000000005
8110,3.6899999999999995
8111,4.40293662304839
8112,8.23
8113,6.92
8114,5.25
8115,7.6499999999999995
8116,9.41
8117,4.17
8118,4.33
8119,6.26
8120,5.41
8121,1.9699999999999998
8122,6.982349298438711
8123,6.712349298438711
8124,3.47
8125,4.518238026170966
8126,7.859999999999999
8127,1.98
8128,8.290000000000001
8129,9.57
8130,4.678238026170965
8131,7.640000000000001
8132,7.529999999999999
8133,6.26
8134,9.999999999999998
8135,4.3
8136,6.0200000000000005
8137,5.220000000000001
8138,5.36
8139,7.0
8140,3.41
8141,4.92
8142,8.51
8143,2.19
8144,6.34
8145,8.1
8146,3.41
8147,8.790000000000001
8148,6.09
8149,5.38
8150,8.894827237396902
8151,5.329999999999999
8152,3.07
8153,4.89
8154,5.71
8155,8.53
8156,6.17
8157,4.970000000000001
8158,2.1399999999999997
8159,7.2
8160,4.84
8161,6.63
8162,9.472349298438713
8163,3.7
8164,8.059999999999999
8165,3.3299999999999996
8166,3.84
8167,5.17
8168,2.7699999999999996
8169,3.28
8170,7.92
8171,5.84
8172,7.14
8173,3.61
8174,5.39
8175,6.69
8176,6.14
8177,6.4799999999999995
8178,2.31
8179,4.471174649219356
8180,5.49
8181,1.8599999999999999
8182,6.220000000000001
8183,6.21
8184,5.85
8185,6.32
8186,6.3
8187,6.329999999999999
8188,8.64
8189,7.93
8190,9.999999999999998
8191,6.9
8192,8.6
8193,3.0599999999999996
8194,7.19
8195,6.09
8196,4.479999999999999
8197,1.26
8198,8.620000000000001
8199,0.9800000000000001
8200,4.479999999999999
8201,9.16
8202,4.17
8203,3.8899999999999997
8204,6.58
8205,9.22
8206,5.49
8207,4.7299999999999995
8208,3.774111272267746
8209,3.08
8210,5.37
8211,6.640000000000001
8212,4.45
8213,3.57
8214,3.02
8215,5.46
8216,1.59
8217,6.640000000000001
8218,3.81
8219,8.28
8220,9.76
8221,4.07
8222,6.25
8223,8.86
8224,2.84
8225,9.58941267539032
8226,6.5299999999999985
8227,5.689999999999999
8228,3.97
8229,6.790000000000002
8230,9.81
8231,8.49
8232,4.08
8233,5.04
8234,7.890000000000001
8235,5.279999999999999
8236,7.840000000000001
8237,8.08
8238,2.4
8239,9.999999999999998
8240,6.271761973829034
8241,4.12
8242,5.1
8243,8.07
8244,5.279999999999999
8245,5.8100000000000005
8246,1.3800000000000001
8247,6.83
8248,5.009999999999999
8249,4.8
8250,6.499999999999999
8251,6.699999999999999
8252,6.9
8253,5.209999999999999
8254,4.999999999999999
8255,5.66
8256,5.88
8257,1.78
8258,4.76
8259,4.6
8260,5.38
8261,4.470000000000001
8262,7.0200000000000005
8263,3.15
8264,7.55
8265,4.45
8266,7.82
8267,9.91
8268,6.699999999999999
8269,2.8
8270,4.5600000000000005
8271,5.37
8272,5.38
8273,9.259999999999998
8274,7.359999999999999
8275,9.86
8276,6.009999999999999
8277,5.1
8278,6.21
8279,4.3
8280,8.03
8281,9.999999999999998
8282,7.83
8283,5.0200000000000005
8284,1.7199999999999998
8285,8.27
8286,9.33
8287,4.27
8288,7.169999999999999
8289,6.04
8290,8.190000000000001
8291,5.66
8292,9.87
8293,7.4
8294,6.75
8295,6.470000000000001
8296,2.8699999999999997
8297,6.2
8298,2.2
8299,9.999999999999998
8300,1.34
8301,8.98
8302,5.75
8303,5.220000000000001
8304,5.63
8305,3.76
8306,1.7399999999999995
8307,8.02
8308,7.0
8309,8.262349298438712
8310,5.84
8311,6.76
8312,6.499999999999999
8313,6.409999999999999
8314,6.14
8315,3.09
8316,9.004714078512897
8317,7.279999999999999
8318,8.26
8319,6.56
8320,6.069999999999999
8321,3.4399999999999995
8322,7.840000000000001
8323,6.3
8324,3.76
8325,3.62
8326,3.87
8327,7.9799999999999995
8328,6.659999999999999
8329,6.76
8330,7.7299999999999995
8331,5.7
8332,2.7600000000000002
8333,3.6799999999999997
8334,6.5299999999999985
8335,7.52
8336,6.609999999999999
8337,4.92
8338,1.04
8339,8.040000000000001
8340,4.739999999999999
8341,9.790000000000001
8342,2.9299999999999997
8343,9.569412675390323
8344,5.996476052341932
8345,8.39
8346,7.229999999999999
8347,8.58
8348,7.9
8349,4.43
8350,6.15
8351,4.84
8352,9.629999999999999
8353,0.6799999999999999
8354,9.999999999999998
8355,4.1899999999999995
8356,6.57
8357,3.1976507015612885
8358,7.159999999999999
8359,7.959999999999998
8360,5.67
8361,6.15
8362,9.0
8363,6.51
8364,4.35
8365,8.7
8366,7.218825350780644
8367,1.3900000000000001
8368,6.799999999999999
8369,4.62
8370,5.39
8371,6.16
8372,7.279999999999999
8373,5.63193879808534
8374,3.979999999999999
8375,6.699999999999999
8376,5.59
8377,9.25
8378,5.463523947658068
8379,4.91
8380,3.86
8381,3.8200000000000003
8382,4.689999999999999
8383,7.69
8384,8.43
8385,6.26
8386,9.47
8387,3.7
8388,9.579999999999998
8389,7.359999999999999
8390,8.58
8391,9.02
8392,5.859999999999999
8393,4.84
8394,7.790000000000001
8395,4.720000000000001
8396,7.35
8397,4.3100000000000005
8398,5.159999999999999
8399,6.683523947658069
8400,6.3100000000000005
8401,8.34
8402,3.51
8403,6.379999999999999
8404,8.42
8405,4.529999999999999
8406,5.18
8407,7.3
8408,5.96
8409,8.059999999999999
8410,5.37
8411,6.94
8412,8.54
8413,4.5200000000000005
8414,4.75
8415,9.6
8416,7.37
8417,4.36
8418,3.1899999999999995
8419,3.8299999999999996
8420,6.009999999999999
8421,3.1899999999999995
8422,7.540000000000001
8423,6.7299999999999995
8424,5.79
8425,4.08
8426,6.709999999999999
8427,7.0299999999999985
8428,8.129999999999999
8429,1.66
8430,6.470000000000001
8431,6.83
8432,3.479999999999999
8433,7.0200000000000005
8434,6.57
8435,5.93
8436,6.640000000000001
8437,4.8100000000000005
8438,7.840000000000001
8439,5.7299999999999995
8440,1.8664605707064577
8441,3.28
8442,9.8
8443,9.999999999999998
8444,7.779999999999999
8445,9.999999999999998
8446,8.620000000000001
8447,4.51
8448,3.6399999999999997
8449,2.48
8450,3.057650701561288
8451,7.85
8452,5.970000000000001
8453,1.59
8454,1.3800000000000001
8455,8.76
8456,7.6099999999999985
8457,7.379412675390322
8458,3.7299999999999995
8459,8.290000000000001
8460,7.470000000000001
8461,4.9799999999999995
8462,5.66
8463,7.409999999999999
8464,1.89
8465,7.837063376951611
8466,3.8499999999999996
8467,4.3
8468,5.859999999999999
8469,5.55
8470,5.08
8471,6.82
8472,4.46
8473,6.29
8474,4.0200000000000005
8475,6.67
8476,5.9399999999999995
8477,8.18
8478,7.62
8479,5.41
8480,4.7
8481,6.18
8482,7.82
8483,7.459999999999999
8484,3.3400000000000003
8485,6.08
8486,9.22
8487,5.069999999999999
8488,5.859999999999999
8489,6.9799999999999995
8490,1.48
8491,6.680000000000001
8492,4.66
8493,7.009999999999999
8494,6.459999999999999
8495,4.58
8496,2.1
8497,5.689999999999999
8498,8.790000000000001
8499,7.6499999999999995
8500,6.840000000000001
8501,1.6499999999999997
8502,4.55
8503,2.9899999999999998
8504,5.87
8505,6.007650701561287
8506,3.76
8507,6.75
8508,7.25
8509,5.96
8510,8.11
8511,6.82
8512,4.419999999999999
8513,7.29
8514,9.259999999999998
8515,6.659999999999999
8516,7.57
8517,4.8
8518,5.9399999999999995
8519,6.459999999999999
8520,1.04
8521,9.995301403122575
8522,4.470000000000001
8523,7.8
8524,3.76
8525,7.76
8526,8.61
8527,6.17
8528,7.009999999999999
8529,5.238825350780644
8530,6.0
8531,4.220000000000001
8532,6.06
8533,9.99
8534,2.68
8535,5.5
8536,2.33
8537,9.03
8538,9.995888727732254
8539,6.079412675390322
8540,6.83
8541,6.36
8542,1.23
8543,4.419999999999999
8544,9.359999999999998
8545,8.4
8546,6.93
8547,9.08
8548,4.7299999999999995
8549,9.32
8550,5.49
8551,8.02
8552,7.48
8553,5.42
8554,2.07
8555,8.059999999999999
8556,9.999999999999998
8557,5.99
8558,5.779999999999999
8559,7.2664760523419325
8560,5.83
8561,6.809999999999999
8562,7.859999999999999
8563,8.53
8564,7.31
8565,4.29
8566,7.52
8567,8.459999999999999
8568,7.32
8569,8.73
8570,9.995301403122575
8571,2.8600000000000003
8572,4.17
8573,6.94
8574,4.83
8575,1.47
8576,5.65
8577,7.7405873246096775
8578,7.529999999999999
8579,7.109999999999999
8580,4.99
8581,5.57
8582,4.1899999999999995
8583,8.24
8584,6.43
8585,7.159999999999999
8586,1.3699999999999999
8587,7.779999999999999
8588,7.449999999999999
8589,5.06
8590,7.25
8591,5.1899999999999995
8592,2.222349298438712
8593,8.55
8594,6.72
8595,6.489999999999999
8596,6.76
8597,8.417650701561287
8598,3.7999999999999994
8599,4.62
8600,1.5566720781880264e-19
8601,6.25
8602,4.86
8603,2.68
8604,4.2
8605,4.9799999999999995
8606,6.5200000000000005
8607,5.93
8608,8.290000000000001
8609,6.7700000000000005
8610,6.699999999999999
8611,7.833523947658068
8612,4.5
8613,4.7
8614,4.21
8615,5.25
8616,4.66
8617,8.309999999999999
8618,6.470000000000001
8619,7.76
8620,7.409999999999999
8621,8.23
8622,7.82
8623,6.809999999999999
8624,6.119999999999999
8625,8.49
8626,6.25
8627,7.52
8628,6.95
8629,1.16
8630,6.869999999999999
8631,8.290000000000001
8632,7.4399999999999995
8633,7.234111272267745
8634,3.9899999999999998
8635,8.51
8636,2.84
8637,6.659999999999999
8638,8.77
8639,4.85
8640,8.48
8641,5.220000000000001
8642,1.8999999999999997
8643,3.31
8644,5.5
8645,6.35
8646,5.42
8647,7.32
8648,4.04
8649,8.16
8650,8.129999999999999
8651,6.2799999999999985
8652,4.21
8653,8.74
8654,6.2799999999999985
8655,6.55
8656,4.4
8657,3.45
8658,7.55
8659,6.06
8660,1.75
8661,4.818825350780644
8662,7.779999999999999
8663,5.06
8664,4.5
8665,5.71
8666,4.279999999999999
8667,6.489999999999999
8668,4.05
8669,4.75
8670,6.5299999999999985
8671,9.15
8672,4.949999999999999
8673,6.26
8674,6.36
8675,7.459999999999999
8676,7.85
8677,6.95
8678,7.2
8679,6.166476052341933
8680,8.85
8681,7.840000000000001
8682,5.57
8683,3.1899999999999995
8684,9.999999999999998
8685,2.3899999999999997
8686,5.2299999999999995
8687,7.63
8688,7.279999999999999
8689,5.29
8690,6.859999999999999
8691,3.79
8692,6.99
8693,9.997650701561287
8694,4.82
8695,5.029999999999999
8696,6.42
8697,1.2
8698,5.4
8699,6.499999999999999
8700,7.709999999999999
8701,1.7699999999999998
8702,6.1
8703,9.907650701561288
8704,7.18
8705,7.55
8706,3.03
8707,8.878825350780643
8708,1.8
8709,4.64
8710,3.86
8711,7.279999999999999
8712,1.09
8713,4.58
8714,9.997063376951608
8715,1.49
8716,6.36
8717,8.209999999999999
8718,6.93
8719,7.809999999999999
8720,4.87
8721,5.75
8722,3.65
8723,2.08
8724,6.2799999999999985
8725,0.97
8726,3.2499999999999996
8727,7.4399999999999995
8728,7.840000000000001
8729,1.6099999999999999
8730,5.42
8731,6.9
8732,9.999999999999998
8733,8.55
8734,4.6
8735,7.57293662304839
8736,7.459999999999999
8737,7.9
8738,9.040000000000001
8739,9.290000000000001
8740,3.31
8741,6.659999999999999
8742,6.654698596877424
8743,4.9
8744,9.998238026170965
8745,5.159999999999999
8746,7.72
8747,9.999999999999998
8748,4.0200000000000005
8749,2.31
8750,1.34
8751,5.17
8752,5.71
8753,8.52
8754,3.5799999999999996
8755,5.8999999999999995
8756,6.7700000000000005
8757,0.6
8758,6.117063376951609
8759,1.4499999999999997
8760,7.6099999999999985
8761,5.41
8762,8.8
8763,7.220000000000001
8764,2.45
8765,9.999999999999998
8766,5.7
8767,8.02
8768,1.62
8769,7.059999999999999
8770,8.23
8771,9.34
8772,7.959999999999998
8773,5.93
8774,6.63
8775,3.76
8776,7.72
8777,7.790000000000001
8778,7.24
8779,7.82
8780,5.859999999999999
8781,4.87
8782,5.1
8783,4.86
8784,7.068825350780644
8785,4.1899999999999995
8786,4.54
8787,2.02
8788,5.96
8789,7.409999999999999
8790,7.56
8791,6.62
8792,8.047650701561288
8793,5.43
8794,4.8
8795,5.75
8796,1.83
8797,2.8
8798,6.18
8799,8.02
8800,6.459999999999999
8801,3.9200000000000004
8802,4.949999999999999
8803,8.809999999999999
8804,9.33
8805,8.690000000000001
8806,6.2799999999999985
8807,2.81
8808,7.169999999999999
8809,4.629999999999999
8810,7.009999999999999
8811,5.8100000000000005
8812,7.890000000000001
8813,6.32
8814,7.890000000000001
8815,9.999999999999998
8816,5.479999999999999
8817,5.57
8818,6.6499999999999995
8819,5.37706337695161
8820,3.2
8821,9.999999999999998
8822,6.67
8823,7.58
8824,6.779999999999999
8825,6.06
8826,9.999999999999998
8827,5.9799999999999995
8828,7.05
8829,4.779999999999999
8830,5.04
8831,7.33
8832,9.999999999999998
8833,6.34
8834,3.97
8835,8.27
8836,7.379999999999999
8837,8.120000000000001
8838,7.159999999999999
8839,7.14
8840,7.040587324609679
8841,6.54
8842,6.34
8843,4.937650701561287
8844,8.07
8845,3.6899999999999995
8846,6.459999999999999
8847,4.01
8848,7.529999999999999
8849,8.35
8850,9.28
8851,6.740000000000001
8852,6.009999999999999
8853,3.13
8854,6.18
8855,9.995888727732254
8856,3.21
8857,5.04
8858,7.209999999999999
8859,3.7999999999999994
8860,4.34
8861,7.590000000000002
8862,4.5600000000000005
8863,5.2588253507806435
8864,6.3
8865,7.51
8866,7.209999999999999
8867,4.14
8868,6.99
8869,6.16
8870,6.58
8871,6.9
8872,4.76
8873,2.52
8874,3.38
8875,5.43
8876,0.1035394292935423
8877,9.999999999999998
8878,2.97
8879,8.636476052341933
8880,8.01
8881,7.890000000000001
8882,5.27
8883,6.849999999999999
8884,3.6899999999999995
8885,6.4399999999999995
8886,3.4299999999999997
8887,5.8999999999999995
8888,6.55
8889,5.779999999999999
8890,8.559999999999999
8891,6.029999999999999
8892,4.21
8893,6.069999999999999
8894,5.7299999999999995
8895,1.16
8896,7.279999999999999
8897,5.75
8898,6.72
8899,7.48
8900,3.3400000000000003
8901,7.51
8902,3.02
8903,6.93
8904,1.1800000000000002
8905,8.309999999999999
8906,5.67
8907,6.25
8908,4.67
8909,4.356460570706457
8910,7.56
8911,3.9
8912,5.7299999999999995
8913,5.99
8914,6.2799999999999985
8915,6.92
8916,3.0599999999999996
8917,6.411174649219355
8918,4.7700000000000005
8919,7.13
8920,6.06
8921,7.009999999999999
8922,7.449999999999999
8923,6.92
8924,6.13
8925,4.39
8926,2.23
8927,3.9399999999999995
8928,5.779999999999999
8929,4.34
8930,4.32
8931,7.540000000000001
8932,7.63
8933,7.390000000000001
8934,6.509412675390322
8935,9.28
8936,7.6499999999999995
8937,8.561761973829032
8938,4.04
8939,3.5299999999999994
8940,8.54
8941,4.85
8942,2.91
8943,2.8600000000000003
8944,9.42
8945,2.56
8946,5.04
8947,6.83
8948,8.24
8949,5.24
8950,6.909999999999999
8951,4.270587324609678
8952,4.09
8953,6.840000000000001
8954,8.95
8955,3.5299999999999994
8956,3.28
8957,6.5299999999999985
8958,4.05
8959,9.999999999999998
8960,8.839999999999998
8961,3.5
8962,3.67
8963,6.4
8964,7.0200000000000005
8965,4.470000000000001
8966,6.7299999999999995
8967,9.77
8968,4.36
8969,7.34
8970,6.75
8971,4.45
8972,8.54
8973,6.699999999999999
8974,7.63
8975,3.79
8976,7.69
8977,7.409999999999999
8978,9.74
8979,4.76
8980,4.84
8981,9.49
8982,8.209999999999999
8983,9.68
8984,7.69
8985,0.9800000000000001
8986,4.96
8987,5.069999999999999
8988,4.3
8989,5.7700000000000005
8990,5.720000000000001
8991,3.1100000000000003
8992,6.99
8993,5.58
8994,4.83
8995,9.05
8996,3.6799999999999997
8997,6.029999999999999
8998,8.290000000000001
8999,8.97
9000,8.9
9001,6.959999999999998
9002,7.83
9003,5.62
9004,7.739412675390322
9005,2.75
9006,6.43
9007,9.93
9008,4.589745547386489
9009,6.62
9010,6.119999999999999
9011,6.0200000000000005
9012,1.9600000000000002
9013,6.56
9014,5.220000000000001
9015,5.720000000000001
9016,2.8899999999999997
9017,7.1
9018,6.699999999999999
9019,5.58
9020,7.51
9021,3.8200000000000003
9022,8.16
9023,8.6
9024,4.71
9025,4.7299999999999995
9026,4.07
9027,8.85
9028,4.1
9029,5.58
9030,3.62
9031,4.1
9032,5.7
9033,4.5600000000000005
9034,4.679999999999999
9035,6.34
9036,2.57
9037,4.029999999999999
9038,7.779999999999999
9039,5.6
9040,5.82
9041,5.51293662304839
9042,3.67
9043,4.959412675390322
9044,5.61
9045,3.36
9046,5.91293662304839
9047,9.999999999999998
9048,6.809999999999999
9049,9.998238026170965
9050,2.2
9051,3.38
9052,7.31
9053,3.62
9054,1.6700000000000002
9055,7.76
9056,7.869999999999999
9057,8.24
9058,9.999999999999998
9059,2.94
9060,6.959999999999998
9061,0.71
9062,5.71
9063,4.58
9064,5.66
9065,6.06
9066,5.739999999999999
9067,4.0600000000000005
9068,7.17706337695161
9069,7.05
9070,7.63
9071,4.999999999999999
9072,8.690000000000001
9073,2.52
9074,4.17
9075,4.35
9076,5.644126753903221
9077,4.0600000000000005
9078,7.51
9079,5.539999999999999
9080,4.779999999999999
9081,4.7082380261709655
9082,7.14
9083,9.65
9084,9.02
9085,9.790000000000001
9086,6.909999999999999
9087,7.94
9088,3.26
9089,6.409999999999999
9090,6.869999999999999
9091,2.57
9092,4.679999999999999
9093,8.14
9094,2.47
9095,8.059999999999999
9096,9.25
9097,9.2
9098,5.91
9099,3.8200000000000003
9100,8.35
9101,8.61
9102,5.3
9103,5.5600000000000005
9104,2.62
9105,7.809999999999999
9106,2.57
9107,3.71
9108,1.52
9109,6.45
9110,7.18
9111,7.040000000000001
9112,3.2888253507806438
9113,6.790000000000002
9114,6.45
9115,6.329999999999999
9116,2.94
9117,6.51
9118,7.659999999999999
9119,5.24
9120,4.13
9121,9.995301403122575
9122,5.8999999999999995
9123,8.73
9124,9.999999999999998
9125,4.49
9126,4.83
9127,3.6899999999999995
9128,5.61
9129,3.57
9130,5.220000000000001
9131,6.840000000000001
9132,7.37
9133,3.0623492984387117
9134,4.35
9135,5.779999999999999
9136,5.17
9137,7.93
9138,6.29
9139,6.009999999999999
9140,5.57
9141,6.699999999999999
9142,7.93
9143,3.8200000000000003
9144,2.2399999999999998
9145,4.39
9146,3.6205873246096782
9147,7.26
9148,7.56
9149,6.000587324609677
9150,5.069999999999999
9151,4.88
9152,5.91
9153,5.15
9154,5.6
9155,6.36
9156,7.659999999999999
9157,7.18
9158,5.41
9159,7.4399999999999995
9160,5.12
9161,8.72
9162,6.459999999999999
9163,5.13
9164,7.26
9165,9.32
9166,6.4399999999999995
9167,4.07
9168,5.14
9169,4.999999999999999
9170,7.379999999999999
9171,4.7700000000000005
9172,8.37
9173,5.62
9174,5.287650701561288
9175,6.24
9176,3.8899999999999997
9177,6.42
9178,4.89
9179,4.1899999999999995
9180,7.4
9181,2.85
9182,7.0200000000000005
9183,9.999999999999998
9184,7.0
9185,6.0
9186,4.720000000000001
9187,8.6
9188,4.41
9189,4.8100000000000005
9190,5.238825350780644
9191,9.998825350780644
9192,5.720000000000001
9193,3.9899999999999998
9194,8.2
9195,6.709999999999999
9196,7.470000000000001
9197,4.92
9198,3.66
9199,6.04
9200,3.2499999999999996
9201,3.9
9202,4.35
9203,3.16
9204,2.5799999999999996
9205,8.6
9206,4.83
9207,4.949999999999999
9208,5.445888727732254
9209,4.37
9210,7.0299999999999985
9211,7.3
9212,5.470000000000001
9213,3.78
9214,5.029999999999999
9215,7.55
9216,5.76
9217,6.859999999999999
9218,5.470000000000001
9219,5.6
9220,4.58
9221,4.84
9222,1.93
9223,7.05
9224,5.8999999999999995
9225,2.18
9226,3.3400000000000003
9227,2.15
9228,6.779999999999999
9229,8.9
9230,9.629999999999999
9231,0.8499999999999999
9232,8.6
9233,5.83
9234,5.35
9235,3.3999999999999995
9236,4.18
9237,3.13
9238,6.3100000000000005
9239,6.4
9240,2.25
9241,6.680000000000001
9242,5.71
9243,2.8600000000000003
9244,7.659999999999999
9245,9.999999999999998
9246,8.78
9247,4.71
9248,4.87
9249,1.3699999999999999
9250,8.0
9251,5.83
9252,3.79
9253,6.659999999999999
9254,6.5200000000000005
9255,4.739999999999999
9256,2.8999999999999995
9257,6.489999999999999
9258,5.92
9259,5.39
9260,7.58
9261,8.39
9262,4.0200000000000005
9263,7.459999999999999
9264,3.1899999999999995
9265,5.220000000000001
9266,9.22
9267,7.33
9268,6.14
9269,6.83
9270,5.92
9271,7.35
9272,5.732936623048389
9273,7.669999999999999
9274,8.77
9275,2.8899999999999997
9276,9.97
9277,5.96
9278,6.009999999999999
9279,9.259999999999998
9280,8.35
9281,5.83
9282,5.49
9283,2.51
9284,9.87
9285,5.799999999999999
9286,6.029999999999999
9287,3.7999999999999994
9288,5.26
9289,6.04
9290,7.279999999999999
9291,0.49000000000000005
9292,4.220000000000001
9293,4.7
9294,1.58
9295,4.9
9296,5.11
9297,8.57
9298,3.04
9299,6.588238026170967
9300,7.540000000000001
9301,2.7800000000000002
9302,3.36
9303,2.97
9304,1.7100000000000002
9305,5.34
9306,0.94
9307,2.27
9308,6.43
9309,3.71
9310,8.77
9311,9.999999999999998
9312,2.31
9313,8.97
9314,9.41
9315,7.51
9316,3.7999999999999994
9317,2.25
9318,5.99
9319,6.809999999999999
9320,7.869999999999999
9321,8.02
9322,9.77
9323,0.73
9324,1.55
9325,7.34
9326,8.03
9327,7.699999999999999
9328,2.45
9329,2.2399999999999998
9330,1.16
9331,5.96
9332,4.21
9333,5.384714078512898
9334,7.011761973829033
9335,7.169999999999999
9336,3.7999999999999994
9337,7.85
9338,6.3
9339,7.909999999999998
9340,5.050000000000001
9341,6.69
9342,6.7299999999999995
9343,3.76
9344,8.2
9345,5.279999999999999
9346,6.779999999999999
9347,9.24
9348,5.5299999999999985
9349,6.609999999999999
9350,6.36
9351,5.99
9352,8.11
9353,6.909999999999999
9354,4.1899999999999995
9355,7.959999999999998
9356,5.38
9357,6.609999999999999
9358,6.09
9359,7.699412675390322
9360,6.04
9361,3.09
9362,5.7
9363,2.85
9364,8.3
9365,4.470000000000001
9366,8.120000000000001
9367,8.51
9368,5.85
9369,8.02
9370,9.959999999999999
9371,6.890000000000001
9372,7.9
9373,3.63
9374,3.881761973829034
9375,5.14
9376,7.859999999999999
9377,7.69
9378,5.67
9379,4.83
9380,5.12
9381,6.25
9382,2.32
9383,5.61
9384,8.85
9385,5.04
9386,4.09
9387,5.06
9388,2.3899999999999997
9389,7.42
9390,4.96
9391,6.75
9392,4.2299999999999995
9393,8.4
9394,5.99
9395,7.220000000000001
9396,2.8699999999999997
9397,7.15
9398,5.57
9399,4.09
9400,3.4200000000000004
9401,3.26
9402,0.54
9403,7.5
9404,4.689999999999999
9405,5.970000000000001
9406,5.42
9407,6.37
9408,4.05
9409,6.699999999999999
9410,4.04
9411,3.26
9412,6.0
9413,4.5200000000000005
9414,5.1899999999999995
9415,2.524698596877424
9416,8.48
9417,4.21
9418,8.76
9419,3.26
9420,1.59
9421,5.7700000000000005
9422,6.05
9423,2.44
9424,6.499999999999999
9425,5.42
9426,6.599999999999999
9427,9.16
9428,2.53
9429,9.999999999999998
9430,5.51
9431,8.559999999999999
9432,1.04
9433,8.75234929843871
9434,2.7199999999999998
9435,5.329999999999999
9436,4.3100000000000005
9437,9.27
9438,6.69
9439,7.95
9440,5.69609197094307e-20
9441,1.1753264229253703e-19
9442,4.029999999999999
9443,4.3100000000000005
9444,6.14
9445,9.379999999999999
9446,8.26
9447,6.959999999999998
9448,9.97
9449,5.75
9450,4.84
9451,8.05
9452,7.69
9453,2.69
9454,8.75
9455,9.25
9456,7.55
9457,4.6976507015612885
9458,5.99
9459,3.88
9460,7.26
9461,5.7700000000000005
9462,6.590000000000001
9463,3.16
9464,1.8398761469162046
9465,5.5
9466,8.8
9467,4.4399999999999995
9468,7.879999999999999
9469,0.49000000000000005
9470,6.0200000000000005
9471,6.51
9472,9.3
9473,4.21
9474,9.842885758477434e-20
9475,6.459999999999999
9476,5.08
9477,3.8899999999999997
9478,6.3100000000000005
9479,8.309999999999999
9480,7.0
9481,7.13
9482,4.679999999999999
9483,6.32
9484,3.65
9485,9.84
9486,6.609999999999999
9487,9.03
9488,6.6499999999999995
9489,7.069999999999999
9490,2.04
9491,7.599999999999999
9492,4.51
9493,7.890000000000001
9494,7.489999999999999
9495,3.15
9496,1.04
9497,4.01
9498,4.220000000000001
9499,6.76
9500,4.93
9501,2.6399999999999997
9502,8.22
9503,3.5799999999999996
9504,9.844111272267746
9505,3.6799999999999997
9506,6.95
9507,9.999999999999998
9508,8.48
9509,4.32
9510,7.529999999999999
9511,3.51
9512,2.35
9513,5.527650701561287
9514,4.36
9515,8.401761973829034
9516,6.809999999999999
9517,7.809999999999999
9518,4.89
9519,3.04
9520,8.01
9521,6.0
9522,1.3599999999999999
9523,4.7299999999999995
9524,6.11
9525,7.282349298438712
9526,8.959999999999997
9527,7.12
9528,7.43
9529,3.29
9530,4.76
9531,1.27
9532,7.62
9533,2.7399999999999998
9534,3.38
9535,4.13
9536,3.1899999999999995
9537,5.58
9538,5.18
9539,4.9
9540,2.65
9541,3.45
9542,5.6
9543,3.75
9544,5.71
9545,5.994111272267745
9546,2.3699999999999997
9547,9.849999999999998
9548,5.64
9549,8.92
9550,0.94
9551,5.99
9552,3.9299999999999997
9553,2.35
9554,6.54
9555,5.993523947658068
9556,4.720000000000001
9557,8.28
9558,6.2799999999999985
9559,4.739999999999999
9560,4.55
9561,6.32
9562,9.41
9563,0.74
9564,7.76
9565,8.34
9566,7.879999999999999
9567,3.07
9568,4.9399999999999995
9569,4.11
9570,5.65
9571,3.96
9572,3.9299999999999997
9573,9.529999999999998
9574,9.28
9575,6.195888727732254
9576,8.82
9577,5.11
9578,6.92
9579,6.0200000000000005
9580,6.25
9581,7.35
9582,4.83
9583,8.97
9584,0.42999999999999994
9585,8.6
9586,5.92706337695161
9587,7.52
9588,4.949999999999999
9589,6.779999999999999
9590,6.1
9591,3.79
9592,8.18
9593,3.9
9594,4.55
9595,6.62
9596,9.999999999999998
9597,5.39
9598,4.65
9599,6.531174649219355
9600,5.7700000000000005
9601,3.9399999999999995
9602,7.0
9603,5.95
9604,7.869999999999999
9605,5.539999999999999
9606,8.36
9607,6.069999999999999
9608,6.29
9609,3.97
9610,5.15
9611,6.4399999999999995
9612,3.87
9613,6.39
9614,6.15
9615,8.83
9616,7.157650701561287
9617,4.6
9618,6.2799999999999985
9619,5.905888727732255
9620,6.14
9621,5.1899999999999995
9622,6.528825350780643
9623,7.599999999999999
9624,6.7700000000000005
9625,5.93
9626,8.78
9627,4.93
9628,7.24
9629,5.35
9630,5.65
9631,3.76
9632,1.3699999999999999
9633,1.9899999999999998
9634,6.9799999999999995
9635,5.539999999999999
9636,3.61
9637,4.11
9638,8.17
9639,5.85
9640,4.82
9641,4.83
9642,4.89
9643,5.15
9644,4.479999999999999
9645,4.35
9646,7.75
9647,6.4799999999999995
9648,4.419999999999999
9649,8.629999999999999
9650,6.45
9651,8.4
9652,7.959999999999998
9653,5.261174649219355
9654,6.970000000000001
9655,1.51
9656,9.999412675390321
9657,6.34
9658,2.75
9659,4.243523947658068
9660,5.0200000000000005
9661,8.42
9662,0.5599999999999998
9663,2.52
9664,1.85
9665,7.33
9666,7.540000000000001
9667,8.23
9668,4.04
9669,8.45
9670,4.85
9671,1.6604789531613569
9672,5.6
9673,7.3529366230483895
9674,5.859999999999999
9675,5.65
9676,6.680000000000001
9677,6.959999999999998
9678,5.26
9679,5.15
9680,5.479999999999999
9681,6.3
9682,5.43
9683,4.91
9684,8.059999999999999
9685,6.409999999999999
9686,5.3100000000000005
9687,8.629999999999999
9688,5.14
9689,9.31
9690,6.621761973829034
9691,5.75
9692,8.27
9693,5.64
9694,5.720000000000001
9695,5.38
9696,9.999999999999998
9697,6.700587324609677
9698,5.901761973829034
9699,4.29
9700,5.470000000000001
9701,6.609999999999999
9702,3.38
9703,3.3299999999999996
9704,9.849999999999998
9705,7.842349298438712
9706,7.0200000000000005
9707,8.804126753903219
9708,7.079999999999999
9709,6.307063376951611
9710,3.4299999999999997
9711,5.65
9712,9.92
9713,8.47
9714,4.84
9715,6.15
9716,5.5
9717,1.98
9718,7.14
9719,5.977650701561288
9720,9.73
9721,2.8699999999999997
9722,7.390000000000001
9723,4.46
9724,7.6499999999999995
9725,8.23
9726,8.129999999999999
9727,3.21
9728,7.6499999999999995
9729,4.2
9730,2.73
9731,3.2
9732,6.57
9733,9.37
9734,8.17
9735,6.7700000000000005
9736,4.220000000000001
9737,8.254111272267744
9738,2.67
9739,7.7700000000000005
9740,5.96
9741,7.180587324609678
9742,5.95
9743,4.4399999999999995
9744,4.82
9745,4.86
9746,6.220000000000001
9747,5.29
9748,6.599999999999999
9749,4.949999999999999
9750,1.0003668362387224e-19
9751,4.789999999999999
9752,7.0
9753,9.39
9754,8.68
9755,6.34
9756,6.671174649219356
9757,5.36
9758,7.840000000000001
9759,7.599999999999999
9760,6.4799999999999995
9761,6.329999999999999
9762,7.069999999999999
9763,3.24
9764,8.317650701561288
9765,6.329999999999999
9766,7.840000000000001
9767,4.4
9768,2.7199999999999998
9769,4.470000000000001
9770,3.13
9771,3.67
9772,5.57
9773,3.4299999999999997
9774,9.0
9775,3.6
9776,7.76
9777,6.1
9778,7.890000000000001
9779,8.629999999999999
9780,6.17
9781,7.18
9782,5.8100000000000005
9783,6.43
9784,3.6799999999999997
9785,8.53
9786,9.22
9787,5.479999999999999
9788,3.5
9789,8.78765070156129
9790,5.29
9791,3.1899999999999995
9792,2.1399999999999997
9793,9.999999999999998
9794,7.4399999999999995
9795,8.290000000000001
9796,4.679999999999999
9797,5.89
9798,8.17
9799,3.2999999999999994
9800,4.84
9801,6.11
9802,8.78
9803,4.279999999999999
9804,5.1899999999999995
9805,4.779999999999999
9806,3.4899999999999998
9807,3.9299999999999997
9808,6.51
9809,8.14
9810,1.7370633769516097
9811,8.98
9812,4.220000000000001
9813,5.42
9814,5.36
9815,5.83
9816,6.43
9817,3.3899999999999997
9818,5.542952104683864
9819,2.2199999999999998
9820,7.72
9821,3.9299999999999997
9822,5.35
9823,5.12
9824,6.590000000000001
9825,9.999999999999998
9826,7.7299999999999995
9827,6.779999999999999
9828,5.680587324609677
9829,6.2117619738290335
9830,3.38
9831,8.39
9832,6.709999999999999
9833,6.459999999999999
9834,9.120000000000001
9835,7.059999999999999
9836,5.06
9837,4.5200000000000005
9838,3.66
9839,3.8899999999999997
9840,6.95
9841,8.291174649219355
9842,5.2
9843,5.08
9844,9.996476052341931
9845,6.55
9846,7.409999999999999
9847,6.4399999999999995
9848,7.954111272267745
9849,4.34
9850,7.0299999999999985
9851,5.138825350780643
9852,6.67
9853,6.67
9854,6.34
9855,7.29
9856,5.0305873246096775
9857,3.62
9858,6.1899999999999995
9859,7.15
9860,4.61
9861,4.310587324609678
9862,9.28
9863,3.63
9864,4.21
9865,4.720000000000001
9866,4.54
9867,6.220000000000001
9868,9.28
9869,5.06
9870,5.66
9871,1.52
9872,9.73
9873,5.5
9874,6.740000000000001
9875,5.49
9876,4.0600000000000005
9877,9.790000000000001
9878,3.57
9879,4.57
9880,4.99
9881,3.1399999999999992
9882,4.51
9883,6.93
9884,5.1899999999999995
9885,5.06
9886,3.15
9887,3.59
9888,4.6
9889,7.62
9890,5.739999999999999
9891,7.220000000000001
9892,7.14
9893,9.51
9894,5.0341112722677455
9895,7.449999999999999
9896,5.89
9897,8.22
9898,7.14
9899,7.147650701561289
9900,4.93
9901,6.018825350780645
9902,5.1899999999999995
9903,6.94
9904,5.99
9905,2.18
9906,6.709999999999999
9907,5.7700000000000005
9908,4.36
9909,5.76
9910,7.890000000000001
9911,9.27
9912,7.4
9913,4.220000000000001
9914,9.999999999999998
9915,3.4200000000000004
9916,3.84
9917,8.49
9918,4.220000000000001
9919,4.1
9920,7.090000000000001
9921,6.93
9922,5.8999999999999995
9923,7.69
9924,6.379999999999999
9925,7.079999999999999
9926,5.26
9927,1.21
9928,5.26
9929,4.619412675390322
9930,7.229999999999999
9931,7.85
9932,1.8199999999999998
9933,7.6499999999999995
9934,5.539999999999999
9935,8.28
9936,5.64
9937,3.488825350780644
9938,4.16
9939,7.379999999999999
9940,4.58
9941,9.690000000000001
9942,6.27
9943,2.2800000000000002
9944,7.669999999999999
9945,6.39
9946,0.44000000000000006
9947,7.42
9948,5.159999999999999
9949,5.67
9950,5.689999999999999
9951,7.24
9952,5.539999999999999
9953,4.438238026170966
9954,6.06
9955,6.869999999999999
9956,4.59
9957,5.38
9958,3.45
9959,4.91
9960,5.470000000000001
9961,4.7700000000000005
9962,6.409999999999999
9963,6.11
9964,4.8
9965,7.56
9966,3.67
9967,7.459999999999999
9968,8.4
9969,6.9799999999999995
9970,5.9799999999999995
9971,1.4535394292935422
9972,9.999412675390321
9973,4.220000000000001
9974,3.16
9975,6.849999999999999
9976,3.63
9977,5.998825350780644
9978,9.040651184467611e-20
9979,8.01
9980,5.3
9981,5.545760632010296
9982,6.29
9983,3.57
9984,5.46
9985,8.7
9986,8.83
9987,7.489999999999999
9988,8.33
9989,1.3800000000000001
9990,7.090000000000001
9991,4.7299999999999995
9992,1.9100000000000001
9993,2.13
9994,6.63
9995,8.25
9996,7.970000000000001
9997,9.290000000000001
9998,4.93
9999,3.07
10000,6.63
10001,6.18
10002,4.130587324609678
10003,4.479999999999999
10004,5.977650701561288
10005,4.4399999999999995
10006,7.95
10007,9.05
10008,8.45
10009,5.79
10010,3.81
10011,6.16
10012,4.43
10013,4.27
10014,7.687650701561288
10015,8.790000000000001
10016,4.779999999999999
10017,8.51
10018,3.18
10019,4.83
10020,8.65
10021,5.37
10022,5.1899999999999995
10023,4.8
10024,3.63
10025,3.952349298438712
10026,5.689999999999999
10027,8.42
10028,6.634111272267745
10029,4.529999999999999
10030,5.4399999999999995
10031,7.069999999999999
10032,6.94
10033,5.2299999999999995
10034,5.539999999999999
10035,2.7199999999999998
10036,1.3699999999999999
10037,5.2
10038,6.55
10039,4.61
10040,6.119999999999999
10041,0.78
10042,5.85
10043,1.31
10044,7.390000000000001
10045,4.789999999999999
10046,4.13
10047,2.408238026170966
10048,6.35
10049,5.43
10050,5.51
10051,6.06
10052,6.2299999999999995
10053,7.4
10054,1.8999999999999997
10055,6.32
10056,9.997063376951608
10057,6.459999999999999
10058,8.33
10059,3.74
10060,8.74
10061,7.62
10062,2.5358887277322544
10063,4.15
10064,7.229999999999999
10065,3.8200000000000003
10066,8.335301403122577
10067,3.7
10068,9.999999999999998
10069,4.2299999999999995
10070,5.13
10071,6.37
10072,5.93
10073,3.5
10074,8.709999999999999
10075,7.13
10076,4.9
10077,7.42
10078,3.56
10079,4.0200000000000005
10080,8.870000000000001
10081,4.970000000000001
10082,3.395285921487101
10083,8.809999999999999
10084,3.9899999999999998
10085,3.911174649219356
10086,8.54
10087,1.7100000000000002
10088,4.86
10089,4.5200000000000005
10090,7.6246985968774235
10091,1.3900000000000001
10092,6.409999999999999
10093,8.58
10094,4.57
10095,7.4
10096,4.529999999999999
10097,5.739999999999999
10098,7.63
10099,8.190000000000001
10100,8.190000000000001
10101,6.470000000000001
10102,5.13
10103,7.869999999999999
10104,7.4399999999999995
10105,7.709999999999999
10106,8.05
10107,7.92
10108,9.45
10109,2.97
10110,3.07
10111,9.429999999999998
10112,6.849999999999999
10113,9.999412675390321
10114,8.209999999999999
10115,6.142349298438711
10116,8.76
10117,6.617650701561288
10118,6.3100000000000005
10119,6.55
10120,4.9799999999999995
10121,6.790000000000002
10122,4.8100000000000005
10123,7.25
10124,8.42
10125,4.93
10126,5.970000000000001
10127,9.999999999999998
10128,5.561761973829034
10129,7.57
10130,5.859999999999999
10131,7.92
10132,5.41
10133,3.45
10134,4.49
10135,5.35
10136,2.8999999999999995
10137,2.59
10138,3.979999999999999
10139,6.62
10140,7.901174649219356
10141,7.74
10142,4.85
10143,7.31
10144,8.309999999999999
10145,9.999999999999998
10146,2.701761973829034
10147,5.1899999999999995
10148,9.05
10149,8.620000000000001
10150,6.909999999999999
10151,1.26
10152,5.62
10153,4.05
10154,5.12
10155,5.12
10156,6.67
10157,9.59
10158,6.7700000000000005
10159,6.32
10160,7.389412675390322
10161,3.4899999999999998
10162,6.379999999999999
10163,7.12
10164,9.529999999999998
10165,5.61
10166,3.2299999999999995
10167,7.631174649219355
10168,6.35
10169,7.48
10170,7.009999999999999
10171,6.69
10172,9.35
10173,1.95
10174,7.6499999999999995
10175,7.69
10176,7.56
10177,1.8399999999999999
10178,3.2199999999999998
10179,8.889999999999999
10180,8.11
10181,6.069999999999999
10182,4.8100000000000005
10183,5.09
10184,5.57
10185,6.329999999999999
10186,4.695301403122577
10187,5.45
10188,3.1
10189,9.997650701561287
10190,4.65
10191,9.999999999999998
10192,4.475888727732253
10193,6.790000000000002
10194,4.41
10195,4.91
10196,7.72
10197,1.95
10198,5.35
10199,3.03
10200,8.620000000000001
10201,1.78
10202,2.54
10203,9.379999999999999
10204,8.35
10205,6.3100000000000005
10206,5.26
10207,9.27
10208,4.57
10209,3.8299999999999996
10210,4.93
10211,8.25
10212,6.15
10213,6.128238026170966
10214,3.1899999999999995
10215,5.5299999999999985
10216,8.120000000000001
10217,7.48
10218,6.61580058800286
10219,7.56
10220,6.09
10221,5.9799999999999995
10222,5.970000000000001
10223,0.47
10224,5.4399999999999995
10225,7.660587324609677
10226,5.87
10227,3.3700000000000006
10228,5.1688253507806445
10229,6.37
10230,6.689412675390322
10231,6.92
10232,5.0200000000000005
10233,2.2
10234,6.92
10235,6.42
10236,8.64
10237,5.88
10238,3.87
10239,3.646476052341932
10240,6.6499999999999995
10241,4.08
10242,3.29
10243,4.17
10244,2.82
10245,3.848825350780644
10246,3.09
10247,7.31
10248,3.63
10249,8.16
10250,6.4799999999999995
10251,9.690000000000001
10252,5.85706337695161
10253,5.12
10254,4.5200000000000005
10255,3.57
10256,6.24
10257,2.4999999999999996
10258,2.53
10259,5.27
10260,8.809999999999999
10261,6.779999999999999
10262,4.34
10263,8.000587324609677
10264,7.709999999999999
10265,3.7999999999999994
10266,7.48
10267,3.56
10268,8.629999999999999
10269,8.629999999999999
10270,7.379999999999999
10271,5.61
10272,4.86
10273,8.641761973829036
10274,8.27
10275,4.0600000000000005
10276,7.709999999999999
10277,6.17293662304839
10278,7.25
10279,4.41
10280,8.190000000000001
10281,6.92
10282,7.29
10283,4.96
10284,8.35
10285,5.12
10286,7.109999999999999
10287,3.5799999999999996
10288,6.9
10289,5.209999999999999
10290,6.25
10291,7.99
10292,8.870000000000001
10293,2.6399999999999997
10294,3.6799999999999997
10295,3.47
10296,8.72
10297,3.5423492984387117
10298,8.50234929843871
10299,7.42
10300,7.220000000000001
10301,9.090000000000002
10302,7.869999999999999
10303,4.779999999999999
10304,8.54
10305,4.470000000000001
10306,2.6100000000000003
10307,7.390000000000001
10308,2.7600000000000002
10309,5.970000000000001
10310,9.2
10311,4.660587324609678
10312,2.53
10313,5.220000000000001
10314,6.27
10315,3.46
10316,9.899999999999999
10317,3.9399999999999995
10318,3.15
10319,4.689999999999999
10320,8.14
10321,4.46
10322,8.45
10323,5.9399999999999995
10324,3.3499999999999996
10325,7.2
10326,2.8600000000000003
10327,7.62
10328,3.13
10329,1.31
10330,7.51
10331,1.75
10332,9.999999999999998
10333,3.08
10334,6.14
10335,5.42
10336,6.859999999999999
10337,9.35
10338,3.18
10339,3.9899999999999998
10340,6.43
10341,9.999999999999998
10342,6.34
10343,5.7
10344,7.34
10345,7.5
10346,6.39
10347,4.3100000000000005
10348,6.9799999999999995
10349,7.94
10350,2.2199999999999998
10351,4.9799999999999995
10352,8.290000000000001
10353,2.02
10354,7.379999999999999
10355,7.29
10356,2.97
10357,7.518825350780643
10358,3.91
10359,3.5
10360,6.95
10361,8.68
10362,6.26
10363,6.29
10364,5.45
10365,2.6399999999999997
10366,4.789999999999999
10367,3.88
10368,6.94
10369,5.13
10370,9.65
10371,6.640000000000001
10372,7.959999999999998
10373,2.56
10374,2.7399999999999998
10375,4.14
10376,0.94
10377,3.3546985968774234
10378,4.09
10379,5.7700000000000005
10380,7.82
10381,5.329999999999999
10382,6.0
10383,9.995301403122575
10384,6.92
10385,2.7
10386,4.24
10387,3.13
10388,5.859999999999999
10389,8.73
10390,9.32
10391,9.999999999999998
10392,5.7
10393,6.970000000000001
10394,5.43
10395,4.8
10396,2.18
10397,2.7399999999999998
10398,7.790000000000001
10399,1.3699999999999999
10400,2.4999999999999996
10401,6.959999999999998
10402,9.479412675390321
10403,4.949999999999999
10404,5.6
10405,7.279999999999999
10406,1.3828635819189949e-19
10407,8.95
10408,1.95
10409,3.15
10410,2.83
10411,9.03
10412,1.6700000000000002
10413,7.452349298438711
10414,9.949999999999998
10415,5.418825350780644
10416,6.069999999999999
10417,1.8999999999999997
10418,9.82
10419,3.12
10420,4.7700000000000005
10421,7.390000000000001
10422,8.82
10423,8.53
10424,6.54412675390322
10425,7.009999999999999
10426,6.790000000000002
10427,7.3
10428,6.09
10429,8.36
10430,7.1
10431,8.129999999999999
10432,7.2700000000000005
10433,7.29
10434,6.37
10435,6.06
10436,4.9
10437,7.470000000000001
10438,2.4999999999999996
10439,6.6499999999999995
10440,3.21
10441,8.57
10442,7.790000000000001
10443,6.2
10444,6.27
10445,1.6499999999999997
10446,7.459999999999999
10447,4.3100000000000005
10448,4.54
10449,5.59
10450,6.069999999999999
10451,6.9799999999999995
10452,8.49
10453,5.8100000000000005
10454,8.16
10455,2.94
10456,6.11
10457,6.809999999999999
10458,8.77
10459,6.57
10460,7.040000000000001
10461,6.93
10462,1.8
10463,2.05
10464,5.12
10465,3.0599999999999996
10466,7.659999999999999
10467,6.599999999999999
10468,7.31
10469,6.5299999999999985
10470,6.06
10471,6.680000000000001
10472,7.57
10473,5.29
10474,8.308825350780642
10475,8.72
10476,9.18
10477,5.029412675390321
10478,8.47
10479,4.12
10480,5.2
10481,7.459999999999999
10482,3.2199999999999998
10483,5.84
10484,7.220000000000001
10485,4.679999999999999
10486,6.2
10487,3.76
10488,6.26
10489,2.79
10490,3.6
10491,7.2
10492,8.839999999999998
10493,8.86
10494,5.67
10495,9.999999999999998
10496,9.92
10497,5.6
10498,5.1899999999999995
10499,7.19
10500,5.36
10501,8.93
10502,2.67
10503,3.46
10504,8.8
10505,8.54
10506,4.96
10507,9.877063376951611
10508,4.779999999999999
10509,3.3899999999999997
10510,2.3899999999999997
10511,7.1
10512,4.970000000000001
10513,1.15
10514,4.39
10515,6.7700000000000005
10516,7.72
10517,7.869999999999999
10518,4.051761973829033
10519,4.361761973829034
10520,5.050000000000001
10521,9.259999999999998
10522,9.537063376951611
10523,7.279999999999999
10524,6.890000000000001
10525,5.159999999999999
10526,4.1899999999999995
10527,7.090000000000001
10528,9.995888727732254
10529,7.51
10530,3.4046985968774233
10531,4.76
10532,6.34
10533,5.85
10534,8.201174649219356
10535,3.8299999999999996
10536,8.23
10537,8.07
10538,7.37
10539,7.94
10540,9.47
10541,3.27
10542,3.979999999999999
10543,4.2299999999999995
10544,2.57
10545,6.459999999999999
10546,6.14
10547,9.42
10548,5.43
10549,6.51
10550,5.479999999999999
10551,5.0200000000000005
10552,6.058825350780644
10553,2.9899999999999998
10554,4.65
10555,2.7699999999999996
10556,8.290000000000001
10557,5.02293662304839
10558,5.2
10559,7.6099999999999985
10560,8.0
10561,2.45
10562,8.93
10563,4.87
10564,4.09
10565,6.3100000000000005
10566,9.997650701561287
10567,6.29
10568,9.24
10569,1.0001199460538485e-19
10570,6.029999999999999
10571,6.009999999999999
10572,5.279999999999999
10573,2.7
10574,5.751761973829034
10575,5.8100000000000005
10576,2.55
10577,7.35
10578,8.99
10579,4.71
10580,7.3
10581,8.5
10582,9.997650701561287
10583,8.909999999999998
10584,2.71
10585,0.96
10586,5.319999999999999
10587,4.04
10588,6.14
10589,0.8
10590,7.449999999999999
10591,6.5299999999999985
10592,3.63
10593,9.78
10594,8.01
10595,2.7399999999999998
10596,6.659999999999999
10597,8.92
10598,4.0200000000000005
10599,5.34
10600,3.4535239476580677
10601,4.83
10602,8.34
10603,6.779999999999999
10604,5.721174649219356
10605,9.45
10606,1.81
10607,9.1
10608,3.6399999999999997
10609,4.785888727732254
10610,5.799999999999999
10611,7.74
10612,3.36
10613,5.539999999999999
10614,7.15
10615,4.61
10616,0.3
10617,6.180587324609678
10618,5.11
10619,7.840000000000001
10620,3.36
10621,6.640000000000001
10622,4.470000000000001
10623,6.69
10624,8.190000000000001
10625,6.63
10626,6.779999999999999
10627,8.620000000000001
10628,4.85
10629,9.999999999999998
10630,4.279999999999999
10631,5.2
10632,7.51
10633,8.26
10634,6.57
10635,5.689999999999999
10636,8.870000000000001
10637,4.4
10638,5.968238026170967
10639,3.15
10640,4.679999999999999
10641,0.5700000000000001
10642,7.669999999999999
10643,6.05
10644,9.52
10645,5.37
10646,5.37
10647,5.1
10648,5.18
10649,4.4876507015612885
10650,6.15
10651,9.059999999999999
10652,3.2299999999999995
10653,6.09
10654,8.25
10655,3.36
10656,8.35
10657,4.1
10658,5.720000000000001
10659,9.178825350780643
10660,3.74
10661,2.9299999999999997
10662,2.2199999999999998
10663,0.24
10664,5.209999999999999
10665,7.209999999999999
10666,9.758825350780644
10667,6.34
10668,6.2299999999999995
10669,5.46
10670,6.699999999999999
10671,8.37
10672,5.220000000000001
10673,7.34
10674,4.75
10675,8.48
10676,4.65
10677,6.799999999999999
10678,5.36
10679,1.4300000000000002
10680,6.83
10681,5.5600000000000005
10682,6.7299999999999995
10683,9.998238026170965
10684,7.4
10685,5.49
10686,6.34
10687,3.5399999999999996
10688,7.159999999999999
10689,3.7999999999999994
10690,6.35
10691,3.5399999999999996
10692,8.909999999999998
10693,7.26
10694,1.0
10695,8.45
10696,4.5
10697,7.079999999999999
10698,9.579999999999998
10699,7.590000000000002
10700,6.029999999999999
10701,9.0
10702,6.99
10703,8.22
10704,3.61
10705,8.809999999999999
10706,7.574698596877424
10707,7.6099999999999985
10708,8.28
10709,2.8999999999999995
10710,4.720000000000001
10711,9.440000000000001
10712,2.18
10713,3.7
10714,5.319999999999999
10715,2.1
10716,4.46
10717,7.5
10718,5.4
10719,4.85
10720,8.790000000000001
10721,7.209999999999999
10722,6.99
10723,4.13
10724,2.33
10725,4.949999999999999
10726,7.14
10727,8.09
10728,6.5200000000000005
10729,8.36
10730,6.83
10731,7.42
10732,6.511174649219355
10733,7.159999999999999
10734,6.659999999999999
10735,5.67
10736,8.76
10737,5.739999999999999
10738,3.61
10739,4.51
10740,6.699999999999999
10741,7.4
10742,6.196476052341932
10743,3.6899999999999995
10744,7.779999999999999
10745,7.449999999999999
10746,8.78
10747,6.680000000000001
10748,9.995301403122575
10749,1.81
10750,5.779999999999999
10751,5.307143733446877e-20
10752,9.1
10753,8.35
10754,3.26
10755,4.8100000000000005
10756,6.840000000000001
10757,8.75
10758,4.35
10759,2.1399999999999997
10760,4.679999999999999
10761,6.970000000000001
10762,4.99
10763,2.6399999999999997
10764,2.55
10765,2.9241112722677456
10766,6.879999999999999
10767,8.82
10768,8.3
10769,1.24
10770,5.479999999999999
10771,7.229999999999999
10772,5.779999999999999
10773,7.35
10774,3.45
10775,4.76
10776,6.470000000000001
10777,4.5
10778,6.13
10779,6.26
10780,2.68
10781,3.8499999999999996
10782,6.1
10783,4.39
10784,7.470000000000001
10785,1.8623492984387118
10786,4.5
10787,5.8999999999999995
10788,7.040000000000001
10789,6.56
10790,5.0200000000000005
10791,5.0200000000000005
10792,8.01941267539032
10793,9.995888727732254
10794,5.5
10795,7.699999999999999
10796,7.096476052341932
10797,5.42
10798,2.63
10799,8.77
10800,4.1
10801,8.059999999999999
10802,6.76
10803,6.7299999999999995
10804,7.409999999999999
10805,3.38
10806,4.43
10807,5.41
10808,9.39
10809,6.4
10810,7.82
10811,6.09
10812,4.86
10813,7.7700000000000005
10814,6.08
10815,7.540000000000001
10816,6.959999999999998
10817,7.159999999999999
10818,9.075888727732254
10819,2.29
10820,7.909999999999998
10821,7.37
10822,6.35
10823,1.1715588081315199e-19
10824,2.1
10825,5.96
10826,8.809999999999999
10827,5.5299999999999985
10828,7.449999999999999
10829,5.06
10830,3.8726614610040575
10831,7.542936623048391
10832,5.080587324609678
10833,8.209999999999999
10834,5.2
10835,5.069999999999999
10836,8.870000000000001
10837,5.91
10838,7.7700000000000005
10839,5.45
10840,3.88
10841,8.16
10842,1.2
10843,7.24293662304839
10844,6.770587324609679
10845,4.470000000000001
10846,7.25
10847,5.61
10848,8.379999999999999
10849,7.93
10850,3.3729366230483904
10851,2.98
10852,5.779999999999999
10853,3.38
10854,1.94
10855,6.970000000000001
10856,5.5200000000000005
10857,4.789999999999999
10858,1.31
10859,7.599999999999999
10860,8.66
10861,6.55
10862,6.0
10863,7.8
10864,4.9399999999999995
10865,4.12
10866,6.56
10867,5.5
10868,4.76
10869,3.6399999999999997
10870,5.76
10871,6.4
10872,1.3599999999999999
10873,4.220000000000001
10874,7.75
10875,8.5
10876,8.23
10877,6.2
10878,7.069999999999999
10879,5.809984518364525
10880,1.68
10881,5.76
10882,7.2700000000000005
10883,5.329999999999999
10884,4.529999999999999
10885,8.01
10886,4.7299999999999995
10887,8.07
10888,7.95
10889,7.99
10890,4.75
10891,3.16
10892,6.489999999999999
10893,7.7299999999999995
10894,4.214111272267746
10895,5.050000000000001
10896,5.8100000000000005
10897,6.4399999999999995
10898,6.220000000000001
10899,9.169038299031149e-20
10900,7.359999999999999
10901,8.09
10902,6.470000000000001
10903,4.82
10904,4.5
10905,4.739999999999999
10906,6.13
10907,2.7399999999999998
10908,8.15
10909,4.5
10910,3.31
10911,7.449999999999999
10912,7.659999999999999
10913,6.18
10914,5.2
10915,5.71
10916,3.510587324609678
10917,3.02
10918,3.4200000000000004
10919,6.37
10920,7.63
10921,6.32
10922,3.1
10923,6.72
10924,8.72
10925,8.348238026170966
10926,8.58
10927,5.77293662304839
10928,2.2099999999999995
10929,7.059999999999999
10930,3.6799999999999997
10931,7.85
10932,5.57
10933,6.482936623048389
10934,6.63
10935,7.9799999999999995
10936,3.467650701561288
10937,8.140587324609678
10938,3.979999999999999
10939,2.1100000000000003
10940,1.9100000000000001
10941,3.218825350780644
10942,4.18
10943,5.58
10944,6.27
10945,8.99293662304839
10946,5.71293662304839
10947,4.54
10948,7.69
10949,6.15
10950,6.94
10951,9.47293662304839
10952,7.459999999999999
10953,7.72
10954,5.539999999999999
10955,6.25
10956,6.45
10957,7.56
10958,9.997650701561287
10959,7.040000000000001
10960,3.81
10961,7.26
10962,0.6799999999999999
10963,3.3700000000000006
10964,7.42
10965,7.859999999999999
10966,7.13
10967,5.09
10968,8.55
10969,5.38706337695161
10970,5.79
10971,4.36
10972,7.599999999999999
10973,3.8200000000000003
10974,3.1
10975,4.55
10976,5.58
10977,9.42
10978,7.14
10979,4.14
10980,9.209999999999999
10981,5.91
10982,9.959999999999999
10983,9.999412675390321
10984,5.859999999999999
10985,9.67
10986,8.08
10987,3.65
10988,6.379999999999999
10989,6.0
10990,2.48
10991,4.4
10992,6.849999999999999
10993,6.809999999999999
10994,6.410587324609677
10995,7.059999999999999
10996,5.17
10997,4.981174649219355
10998,5.99
10999,1.02
11000,7.72
11001,7.62
11002,7.99
11003,6.4799999999999995
11004,8.008825350780644
11005,9.23
11006,5.09
11007,6.56
11008,1.1341085305405004e-19
11009,4.82
11010,7.52
11011,7.62
11012,6.779999999999999
11013,4.82
11014,9.42
11015,6.69
11016,6.970000000000001
11017,9.477650701561288
11018,0.96
11019,4.789999999999999
11020,7.7299999999999995
11021,8.059999999999999
11022,6.29
11023,2.44
11024,4.779999999999999
11025,1.4499999999999997
11026,5.71
11027,8.61
11028,2.62
11029,8.11
11030,3.6758887277322536
11031,9.997650701561287
11032,3.71
11033,4.65
11034,5.209999999999999
11035,2.84
11036,6.99
11037,8.790000000000001
11038,0.41
11039,4.64
11040,6.09
11041,9.620000000000001
11042,0.7670478953161357
11043,7.4
11044,6.653523947658067
11045,5.46
11046,7.5
11047,4.51
11048,5.11
11049,3.5799999999999996
11050,4.689999999999999
11051,7.470000000000001
11052,6.32
11053,9.999999999999998
11054,7.93
11055,1.1300003543998073e-19
11056,5.779999999999999
11057,5.93
11058,5.5299999999999985
11059,6.790000000000002
11060,4.999999999999999
11061,6.869999999999999
11062,6.15
11063,8.080587324609677
11064,8.75
11065,5.970000000000001
11066,6.4399999999999995
11067,5.4
11068,2.8899999999999997
11069,7.879999999999999
11070,4.15
11071,8.82
11072,4.0
11073,5.06
11074,9.999999999999998
11075,7.93
11076,4.04
11077,4.529999999999999
11078,5.96
11079,2.7199999999999998
11080,7.540000000000001
11081,5.478825350780643
11082,3.4200000000000004
11083,5.2
11084,3.9200000000000004
11085,5.25
11086,1.4300000000000002
11087,2.391761973829033
11088,8.61
11089,7.376460570706458
11090,5.25
11091,0.03
11092,3.04
11093,8.790000000000001
11094,4.090587324609677
11095,6.599999999999999
11096,5.11
11097,5.8100000000000005
11098,3.4399999999999995
11099,6.699999999999999
11100,4.220000000000001
11101,4.2299999999999995
11102,7.13
11103,9.259999999999998
11104,9.999999999999998
11105,2.02
11106,7.0200000000000005
11107,5.5200000000000005
11108,6.489999999999999
11109,7.58
11110,3.748825350780644
11111,3.8899999999999997
11112,7.470000000000001
11113,2.13
11114,4.99
11115,9.999999999999998
11116,6.5200000000000005
11117,6.859999999999999
11118,5.319412675390322
11119,7.13
11120,4.9799999999999995
11121,5.95
11122,6.799999999999999
11123,6.8129366230483885
11124,7.069999999999999
11125,7.009999999999999
11126,5.92
11127,6.56
11128,6.06
11129,2.9499999999999997
11130,9.27
11131,6.857650701561288
11132,4.36
11133,0.36647605234193215
11134,4.04
11135,5.069999999999999
11136,7.791174649219356
11137,7.790000000000001
11138,5.029999999999999
11139,7.169999999999999
11140,3.91
11141,5.8999999999999995
11142,5.5299999999999985
11143,6.740587324609678
11144,4.57
11145,4.5600000000000005
11146,8.09
11147,8.059999999999999
11148,8.68
11149,8.08
11150,7.48
11151,9.05
11152,8.22
11153,7.220000000000001
11154,5.689999999999999
11155,8.03
11156,8.0
11157,7.859999999999999
11158,6.04
11159,6.5200000000000005
11160,2.85
11161,6.7700000000000005
11162,8.209999999999999
11163,6.051174649219355
11164,7.7700000000000005
11165,7.05
11166,4.9
11167,1.152274252159315e-19
11168,7.489999999999999
11169,5.63
11170,8.42
11171,7.529999999999999
11172,2.43
11173,8.78
11174,2.7399999999999998
11175,3.15
11176,6.5200000000000005
11177,9.999999999999998
11178,8.28
11179,4.970000000000001
11180,5.4
11181,9.998238026170965
11182,5.51
11183,6.709999999999999
11184,8.2
11185,9.999999999999998
11186,5.99
11187,5.789412675390322
11188,5.62
11189,4.89
11190,2.94
11191,4.8
11192,4.24
11193,6.42
11194,5.9729366230483905
11195,2.1505873246096776
11196,5.539999999999999
11197,1.9899999999999998
11198,6.489999999999999
11199,7.12
11200,7.3
11201,7.83
11202,7.48
11203,3.31
11204,5.9799999999999995
11205,9.999999999999998
11206,8.73
11207,5.1
11208,6.43
11209,1.41
11210,8.809999999999999
11211,6.35
11212,6.0
11213,5.1
11214,4.49
11215,5.14
11216,7.57
11217,8.959999999999997
11218,8.39
11219,6.2
11220,7.57
11221,6.2299999999999995
11222,1.05
11223,6.640000000000001
11224,9.999999999999998
11225,9.35
11226,1.3
11227,3.16
11228,8.2
11229,2.2
11230,2.83
11231,0.61
11232,4.89
11233,4.45
11234,1.46
11235,4.87
11236,4.419999999999999
11237,7.119412675390323
11238,8.15
11239,8.16
11240,4.475888727732253
11241,8.33
11242,6.94293662304839
11243,4.0
11244,5.029999999999999
11245,7.6499999999999995
11246,5.58
11247,2.84
11248,4.970000000000001
11249,8.459999999999999
11250,9.559999999999999
11251,6.909999999999999
11252,3.9
11253,0.72
11254,8.25
11255,5.68
11256,3.74
11257,5.082349298438712
11258,6.25
11259,6.699999999999999
11260,4.989412675390322
11261,1.8399999999999999
11262,9.25
11263,2.3600000000000003
11264,5.82
11265,5.42
11266,7.279999999999999
11267,6.62
11268,7.48
11269,6.54
11270,6.11
11271,6.9
11272,6.04
11273,4.59
11274,5.62
11275,7.05
11276,8.86
11277,5.58
11278,6.62
11279,3.59
11280,5.209999999999999
11281,9.998238026170965
11282,2.45
11283,8.261761973829033
11284,8.36
11285,5.082349298438712
11286,8.55
11287,7.42
11288,6.16
11289,5.050000000000001
11290,6.08
11291,5.95
11292,5.159999999999999
11293,3.79
11294,1.03
11295,5.58
11296,5.050000000000001
11297,8.17
11298,7.948825350780644
11299,5.9399999999999995
11300,9.999999999999998
11301,7.699999999999999
11302,8.879999999999999
11303,8.48
11304,5.830587324609678
11305,7.169999999999999
11306,5.58706337695161
11307,6.3100000000000005
11308,4.99
11309,4.89
11310,7.14
11311,3.2999999999999994
11312,7.0
11313,8.27
11314,8.76
11315,2.83
11316,4.479999999999999
11317,8.84941267539032
11318,5.8100000000000005
11319,6.599999999999999
11320,5.2
11321,3.2999999999999994
11322,0.16
11323,4.92
11324,7.68
11325,5.65
11326,6.82
11327,8.059999999999999
11328,3.26
11329,7.29
11330,4.66
11331,5.7700000000000005
11332,9.899999999999999
11333,1.1300000000000001
11334,3.826476052341932
11335,7.51
11336,7.52
11337,8.25
11338,5.61
11339,8.16
11340,5.61
11341,4.57
11342,8.14
11343,4.629999999999999
11344,4.689999999999999
11345,9.28
11346,7.12
11347,5.7700000000000005
11348,3.6399999999999997
11349,4.366476052341933
11350,5.4
11351,4.04
11352,9.999412675390321
11353,6.82
11354,9.368825350780643
11355,7.25
11356,8.459999999999999
11357,9.57
11358,3.36
11359,3.3299999999999996
11360,4.5
11361,9.92
11362,4.54
11363,2.96
11364,8.9
11365,9.1
11366,2.35
11367,7.449999999999999
11368,6.459999999999999
11369,3.84
11370,6.964698596877422
11371,5.42
11372,9.88479148669027
11373,7.169999999999999
11374,8.461761973829033
11375,4.07
11376,4.89
11377,6.9
11378,7.24
11379,6.06
11380,4.05
11381,4.61
11382,1.95
11383,6.7700000000000005
11384,8.18
11385,9.92
11386,5.68
11387,5.62
11388,3.9
11389,5.41
11390,5.57
11391,8.32
11392,4.59
11393,5.65
11394,7.37
11395,4.85
11396,7.6499999999999995
11397,7.4399999999999995
11398,9.28
11399,0.04
11400,4.0600000000000005
11401,5.9799999999999995
11402,9.3
11403,3.8499999999999996
11404,5.6
11405,7.12
11406,8.45
11407,5.479412675390321
11408,5.8100000000000005
11409,3.01
11410,7.220000000000001
11411,9.549999999999999
11412,2.3
11413,5.58
11414,7.489999999999999
11415,7.05
11416,7.18
11417,7.62
11418,9.290000000000001
11419,6.57
11420,7.379999999999999
11421,3.8499999999999996
11422,7.14
11423,3.9399999999999995
11424,8.629999999999999
11425,3.5200000000000005
11426,1.27
11427,7.1
11428,9.999999999999998
11429,9.999999999999998
11430,3.4899999999999998
11431,1.92
11432,6.379999999999999
11433,7.48
11434,7.090000000000001
11435,6.43
11436,7.890000000000001
11437,8.37
11438,6.699999999999999
11439,7.699999999999999
11440,3.28
11441,4.65
11442,5.319999999999999
11443,3.78
11444,5.91
11445,9.151761973829034
11446,7.840000000000001
11447,5.49
11448,2.85
11449,7.37
11450,5.689999999999999
11451,6.37
11452,2.75
11453,8.50706337695161
11454,5.49
11455,4.45
11456,7.83
11457,5.62
11458,8.15
11459,9.00293662304839
11460,5.515301403122576
11461,4.92
11462,5.93
11463,2.32
11464,6.0200000000000005
11465,8.52
11466,7.76
11467,5.4
11468,5.04
11469,5.2
11470,3.2499999999999996
11471,7.63
11472,7.699999999999999
11473,2.8
11474,5.57
11475,6.34
11476,7.220000000000001
11477,5.938238026170965
11478,5.3100000000000005
11479,7.159999999999999
11480,8.9
11481,6.610587324609678
11482,6.980587324609678
11483,8.809999999999999
11484,7.63
11485,6.7700000000000005
11486,5.18
11487,4.1899999999999995
11488,4.91
11489,9.999999999999998
11490,6.95
11491,3.7299999999999995
11492,7.13
11493,6.39
11494,3.31
11495,3.8299999999999996
11496,5.4399999999999995
11497,4.65
11498,7.1
11499,8.709999999999999
11500,1.34
11501,2.73
11502,3.51
11503,3.81
11504,3.18
11505,3.27
11506,7.92
11507,1.0429534947405117e-19
11508,5.96
11509,5.720000000000001
11510,8.839999999999998
11511,7.009999999999999
11512,8.6
11513,9.999999999999998
11514,5.34
11515,6.82
11516,0.8699999999999998
11517,1.8199999999999998
11518,7.018825350780645
11519,8.72
11520,8.790000000000001
11521,9.26941267539032
11522,5.3
11523,4.43
11524,8.25
11525,5.689999999999999
11526,6.16
11527,2.1
11528,6.17
11529,2.83
11530,6.470000000000001
11531,4.689999999999999
11532,6.869999999999999
11533,3.34293662304839
11534,3.2999999999999994
11535,6.14
11536,4.25
11537,6.27
11538,4.83
11539,7.250587324609678
11540,5.95
11541,5.41
11542,7.3782380261709655
11543,5.49
11544,3.9200000000000004
11545,3.5452859214871015
11546,6.2299999999999995
11547,7.18
11548,6.879999999999999
11549,5.7700000000000005
11550,4.91
11551,8.6
11552,8.82
11553,6.04
11554,3.78
11555,3.18
11556,6.799999999999999
11557,5.5
11558,6.970000000000001
11559,5.329999999999999
11560,6.1899999999999995
11561,4.220000000000001
11562,1.8920706290001719
11563,3.5200000000000005
11564,6.220000000000001
11565,4.07
11566,8.9
11567,5.75
11568,7.37
11569,3.8200000000000003
11570,7.8
11571,8.47
11572,8.379999999999999
11573,5.2
11574,6.859999999999999
11575,4.34
11576,5.84
11577,6.2799999999999985
11578,8.9
11579,5.009999999999999
11580,2.8
11581,5.39
11582,5.029999999999999
11583,8.45
11584,6.21
11585,0.9
11586,3.9399999999999995
11587,6.909999999999999
11588,9.57
11589,8.35
11590,4.89
11591,8.43
11592,3.2999999999999994
11593,2.52
11594,5.87
11595,6.779999999999999
11596,3.5799999999999996
11597,4.92
11598,6.6499999999999995
11599,3.9899999999999998
11600,2.3899999999999997
11601,6.24
11602,1.34
11603,6.709999999999999
11604,8.611761973829033
11605,7.83
11606,7.55
11607,4.789999999999999
11608,2.06
11609,6.4
11610,7.6099999999999985
11611,1.5
11612,8.09
11613,8.809999999999999
11614,4.999999999999999
11615,8.42
11616,6.849999999999999
11617,4.6
11618,8.168825350780644
11619,3.2
11620,5.319999999999999
11621,7.809999999999999
11622,5.76
11623,5.27
11624,9.64
11625,8.940000000000001
11626,8.66
11627,3.5817774554645085
11628,5.009999999999999
11629,8.440000000000001
11630,6.0
11631,5.799999999999999
11632,1.22
11633,5.04
11634,7.6099999999999985
11635,8.09
11636,7.69
11637,5.27
11638,8.129999999999999
11639,8.03
11640,5.779999999999999
11641,5.5200000000000005
11642,9.999999999999998
11643,7.090000000000001
11644,7.459999999999999
11645,5.91
11646,5.0200000000000005
11647,2.09
11648,1.9100000000000001
11649,8.940000000000001
11650,6.5200000000000005
11651,6.909999999999999
11652,6.16
11653,4.01
11654,7.6099999999999985
11655,9.999999999999998
11656,6.444111272267746
11657,5.232349298438711
11658,7.970000000000001
11659,7.75
11660,7.890000000000001
11661,8.48
11662,6.18
11663,9.72
11664,7.009999999999999
11665,7.220000000000001
11666,7.504698596877424
11667,6.590000000000001
11668,6.009999999999999
11669,7.34
11670,6.24
11671,5.7588253507806435
11672,5.64
11673,6.970000000000001
11674,7.55
11675,3.479999999999999
11676,9.090000000000002
11677,1.6499999999999997
11678,3.7299999999999995
11679,2.8411746492193557
11680,2.05
11681,4.67
11682,6.329999999999999
11683,9.090000000000002
11684,2.2600000000000002
11685,3.09
11686,4.9799999999999995
11687,4.86
11688,9.999999999999998
11689,9.52
11690,4.89
11691,7.0299999999999985
11692,1.1300000000000001
11693,7.790000000000001
11694,7.34
11695,4.13
11696,2.98
11697,6.9
11698,9.999999999999998
11699,2.91
11700,8.18
11701,5.070825795428451e-20
11702,2.061669084016187
11703,6.26
11704,9.07
11705,2.68
11706,5.009999999999999
11707,7.809999999999999
11708,8.17
11709,6.009999999999999
11710,5.29
11711,3.74
11712,7.82
11713,1.05
11714,8.870000000000001
11715,7.99
11716,7.0299999999999985
11717,8.562936623048389
11718,3.7
11719,9.999999999999998
11720,9.1
11721,6.5299999999999985
11722,2.8699999999999997
11723,9.899999999999999
11724,9.73
11725,5.209999999999999
11726,2.868825350780644
11727,7.697650701561288
11728,7.640000000000001
11729,8.11
11730,7.43
11731,5.64
11732,7.7299999999999995
11733,8.86
11734,5.1899999999999995
11735,4.86
11736,2.6599999999999997
11737,8.379999999999999
11738,7.72
11739,7.169999999999999
11740,5.45
11741,4.82
11742,5.09
11743,2.1435239476580676
11744,7.56
11745,8.1
11746,2.83
11747,6.26
11748,3.1
11749,5.3
11750,9.46
11751,7.359999999999999
11752,6.680000000000001
11753,3.18
11754,9.05
11755,8.75
11756,3.5799999999999996
11757,5.99
11758,7.879999999999999
11759,4.629999999999999
11760,4.7
11761,8.01
11762,5.39
11763,7.209999999999999
11764,9.379999999999999
11765,4.3
11766,8.028238026170964
11767,4.279999999999999
11768,4.85
11769,9.28
11770,7.640000000000001
11771,1.15
11772,3.59
11773,5.64
11774,7.37
11775,5.11
11776,7.109999999999999
11777,3.04
11778,9.0
11779,9.31
11780,6.470000000000001
11781,6.959999999999998
11782,3.16
11783,7.220000000000001
11784,8.48
11785,9.03
11786,9.995301403122575
11787,4.029999999999999
11788,7.159999999999999
11789,2.4899999999999998
11790,7.449999999999999
11791,4.9399999999999995
11792,9.995888727732254
11793,7.95
11794,6.15
11795,8.66
11796,6.840000000000001
11797,8.74706337695161
11798,5.470000000000001
11799,3.84
11800,6.220000000000001
11801,6.659999999999999
11802,4.5
11803,9.31
11804,5.631761973829033
11805,6.25
11806,4.45
11807,7.279999999999999
11808,7.090000000000001
11809,4.18
11810,8.64
11811,6.26
11812,3.41
11813,4.970000000000001
11814,4.779999999999999
11815,4.470000000000001
11816,6.20412675390322
11817,4.12
11818,1.8399999999999999
11819,7.52
11820,4.9399999999999995
11821,2.019412675390322
11822,5.68
11823,7.037063376951611
11824,7.32
11825,9.997650701561287
11826,7.35
11827,5.9799999999999995
11828,2.09
11829,5.79
11830,2.07
11831,1.59
11832,3.4200000000000004
11833,5.71
11834,2.09
11835,7.32
11836,5.911174649219356
11837,3.186476052341932
11838,6.699999999999999
11839,5.34
11840,7.0088253507806435
11841,6.5299999999999985
11842,2.88
11843,6.970000000000001
11844,7.32
11845,2.4999999999999996
11846,9.995301403122575
11847,9.040000000000001
11848,6.26
11849,6.470000000000001
11850,3.1899999999999995
11851,8.33
11852,6.879999999999999
11853,8.559999999999999
11854,4.13
11855,5.35
11856,8.23
11857,7.3
11858,5.92
11859,6.27
11860,6.21
11861,3.9399999999999995
11862,7.640000000000001
11863,6.42
11864,5.9399999999999995
11865,4.9799999999999995
11866,5.201174649219356
11867,5.65
11868,6.764111272267746
11869,4.0635394292935425
11870,6.779999999999999
11871,6.379999999999999
11872,8.77
11873,5.5
11874,6.479412675390322
11875,4.220000000000001
11876,9.77
11877,4.220000000000001
11878,9.790000000000001
11879,8.85
11880,3.558238026170966
11881,4.6
11882,4.2
11883,4.970000000000001
11884,3.3200000000000003
11885,3.3499999999999996
11886,3.61
11887,3.76
11888,2.43
11889,7.72
11890,5.220000000000001
11891,7.909999999999998
11892,1.351174649219356
11893,7.68
11894,3.62
11895,7.69
11896,4.739999999999999
11897,8.01
11898,5.181761973829033
11899,8.35
11900,6.72
11901,5.67
11902,9.581174649219355
11903,5.38
11904,7.470000000000001
11905,8.05
11906,6.799999999999999
11907,5.279999999999999
11908,7.790000000000001
11909,7.18
11910,9.87
11911,3.8299999999999996
11912,5.159999999999999
11913,1.56
11914,5.34
11915,8.01
11916,4.789999999999999
11917,7.26293662304839
11918,8.6
11919,6.36
11920,7.34
11921,9.52
11922,7.040000000000001
11923,6.11
11924,0.9299999999999999
11925,3.03
11926,6.470000000000001
11927,2.8600000000000003
11928,5.68
11929,6.16
11930,4.87
11931,8.35
11932,6.4
11933,9.996476052341931
11934,5.3100000000000005
11935,3.66
11936,5.79
11937,8.49
11938,5.2
11939,6.224698596877425
11940,2.27
11941,2.65
11942,7.409999999999999
11943,6.39
11944,1.26
11945,8.25
11946,8.440000000000001
11947,2.7
11948,6.5200000000000005
11949,3.2499999999999996
11950,4.629999999999999
11951,6.09
11952,8.09
11953,5.61
11954,6.890000000000001
11955,9.34
11956,4.61
11957,5.2
11958,5.92
11959,6.632349298438712
11960,3.3299999999999996
11961,6.859999999999999
11962,7.220000000000001
11963,9.998238026170965
11964,6.62
11965,4.54
11966,7.69
11967,4.33
11968,8.92
11969,7.970000000000001
11970,4.09
11971,0.9199999999999999
11972,3.2
11973,7.390000000000001
11974,5.050000000000001
11975,3.63
11976,7.359999999999999
11977,3.0
11978,3.45
11979,5.8100000000000005
11980,4.279999999999999
11981,9.84
11982,5.89
11983,4.5200000000000005
11984,5.470000000000001
11985,9.999999999999998
11986,3.21
11987,5.500587324609678
11988,4.789999999999999
11989,6.63
11990,4.679999999999999
11991,7.599999999999999
11992,5.93
11993,2.73
11994,9.959999999999999
11995,6.69
11996,3.13
11997,4.75
11998,3.9200000000000004
11999,6.37
12000,7.93
12001,7.82
12002,4.949999999999999
12003,1.7600000000000002
12004,5.63
12005,1.670587324609678
12006,5.55
12007,9.959999999999999
12008,6.72
12009,6.32
12010,4.17
12011,5.0200000000000005
12012,4.16
12013,6.04
12014,6.2
12015,3.0599999999999996
12016,7.529999999999999
12017,2.7699999999999996
12018,2.75
12019,5.739999999999999
12020,7.05
12021,5.51
12022,5.338238026170966
12023,3.9299999999999997
12024,4.01
12025,4.57
12026,3.28
12027,3.91
12028,6.379999999999999
12029,3.71
12030,9.999999999999998
12031,4.54
12032,5.29
12033,5.45
12034,8.3
12035,9.64
12036,6.909999999999999
12037,7.840000000000001
12038,9.57
12039,4.279999999999999
12040,6.910587324609677
12041,6.51
12042,8.58
12043,4.36
12044,3.7
12045,4.61
12046,5.82
12047,6.37
12048,5.34
12049,8.01
12050,6.83
12051,9.14293662304839
12052,7.4
12053,6.7700000000000005
12054,7.551174649219356
12055,9.02
12056,7.669999999999999
12057,9.86
12058,6.76
12059,5.2299999999999995
12060,9.92
12061,4.970000000000001
12062,5.45
12063,5.3100000000000005
12064,7.779999999999999
12065,7.6099999999999985
12066,6.06
12067,9.999999999999998
12068,5.24
12069,5.9799999999999995
12070,7.409999999999999
12071,8.641174649219357
12072,6.637650701561288
12073,2.4899999999999998
12074,7.95
12075,8.82
12076,5.63
12077,2.8899999999999997
12078,1.5299999999999998
12079,5.96
12080,6.29
12081,5.83
12082,4.3
12083,6.08
12084,6.04
12085,4.55
12086,5.220000000000001
12087,8.8
12088,5.91
12089,3.81
12090,5.12
12091,1.83
12092,8.27
12093,4.3
12094,5.5200000000000005
12095,1.54
12096,7.63
12097,4.9
12098,7.18
12099,6.680000000000001
12100,4.279999999999999
12101,7.220000000000001
12102,8.59
12103,4.8100000000000005
12104,6.83
12105,7.83
12106,6.069999999999999
12107,9.999999999999998
12108,4.64
12109,5.8999999999999995
12110,7.31
12111,3.76
12112,7.409999999999999
12113,6.82
12114,7.83
12115,7.779999999999999
12116,6.39
12117,6.1
12118,4.83
12119,6.21
12120,6.2799999999999985
12121,2.3699999999999997
12122,4.1
12123,9.94
12124,7.229999999999999
12125,8.209999999999999
12126,8.41
12127,7.15
12128,8.790000000000001
12129,6.809999999999999
12130,6.658825350780644
12131,8.24
12132,4.689999999999999
12133,4.4399999999999995
12134,7.970000000000001
12135,5.5299999999999985
12136,5.12
12137,1.121174649219356
12138,3.56
12139,3.1
12140,1.2899999999999998
12141,9.559999999999999
12142,9.45
12143,9.379999999999999
12144,5.450587324609678
12145,9.17
12146,9.999999999999998
12147,4.64
12148,5.1899999999999995
12149,6.680000000000001
12150,4.49
12151,9.77
12152,9.999999999999998
12153,9.49
12154,6.83
12155,5.669412675390322
12156,8.5
12157,4.87
12158,9.1
12159,6.57
12160,9.89
12161,1.0886901896655992e-19
12162,2.8929366230483895
12163,8.34
12164,6.58
12165,7.82
12166,7.790000000000001
12167,6.009999999999999
12168,6.09
12169,4.16
12170,9.23
12171,8.5
12172,6.06
12173,1.21
12174,3.97
12175,6.9
12176,9.559999999999999
12177,9.999999999999998
12178,6.502952104683864
12179,6.26
12180,9.121271457052678
12181,0.48
12182,5.5200000000000005
12183,1.1400000000000001
12184,7.859999999999999
12185,6.95
12186,4.1
12187,5.64
12188,2.71
12189,2.01
12190,1.1199871410186865e-19
12191,9.1
12192,6.69
12193,6.909999999999999
12194,8.2
12195,9.6
12196,6.6499999999999995
12197,8.74
12198,9.996476052341931
12199,1.52
12200,5.779999999999999
12201,4.14
12202,1.49
12203,1.6099999999999999
12204,6.21
12205,4.29
12206,3.24
12207,6.1
12208,2.35
12209,6.18
12210,4.46
12211,7.449999999999999
12212,8.379999999999999
12213,6.45
12214,5.5600000000000005
12215,2.7199999999999998
12216,6.37
12217,6.4799999999999995
12218,6.35
12219,6.08
12220,6.859999999999999
12221,4.32
12222,3.51
12223,9.18
12224,3.95
12225,6.63
12226,8.129999999999999
12227,9.05
12228,5.43
12229,9.16
12230,8.209999999999999
12231,7.059999999999999
12232,7.790000000000001
12233,9.041174649219355
12234,6.21
12235,6.029999999999999
12236,9.316476052341931
12237,6.2299999999999995
12238,9.999999999999998
12239,4.32
12240,7.42
12241,4.8353014031225765
12242,7.069412675390321
12243,7.99
12244,4.629999999999999
12245,2.51
12246,4.01
12247,5.279999999999999
12248,1.4
12249,8.36
12250,5.069999999999999
12251,7.26
12252,4.1
12253,6.09
12254,8.9
12255,7.209999999999999
12256,5.82
12257,5.2
12258,4.45
12259,5.720000000000001
12260,1.2899999999999998
12261,4.7700000000000005
12262,8.940000000000001
12263,5.89
12264,4.1
12265,6.849999999999999
12266,4.2299999999999995
12267,5.04
12268,4.64
12269,8.4
12270,8.2
12271,2.4899999999999998
12272,4.739999999999999
12273,4.779999999999999
12274,5.49
12275,9.579999999999998
12276,5.2
12277,6.35
12278,3.3999999999999995
12279,8.08
12280,5.82
12281,7.25
12282,8.7
12283,7.079999999999999
12284,6.599999999999999
12285,7.52
12286,8.690000000000001
12287,4.04
12288,8.9
12289,3.2299999999999995
12290,3.59
12291,5.859999999999999
12292,4.713523947658068
12293,4.529999999999999
12294,5.479999999999999
12295,4.15
12296,4.57
12297,1.7600000000000002
12298,8.36
12299,2.25
12300,4.278825350780643
12301,7.83293662304839
12302,2.9517619738290337
12303,1.1699999999999997
12304,4.700587324609678
12305,4.1
12306,5.88
12307,9.994714078512898
12308,4.98706337695161
12309,5.180587324609678
12310,6.08
12311,6.879999999999999
12312,3.6899999999999995
12313,9.03
12314,6.029999999999999
12315,5.35
12316,8.57
12317,6.75
12318,2.0788253507806442
12319,4.26
12320,5.63
12321,6.58
12322,4.6
12323,8.08
12324,4.11
12325,8.37
12326,3.3200000000000003
12327,9.579999999999998
12328,8.37
12329,4.501174649219356
12330,8.510587324609677
12331,4.93
12332,5.51
12333,7.192349298438712
12334,8.7
12335,8.14
12336,7.43
12337,4.679999999999999
12338,6.14
12339,6.859999999999999
12340,7.779999999999999
12341,7.159999999999999
12342,6.45
12343,9.995301403122575
12344,3.9299999999999997
12345,2.09
12346,4.4399999999999995
12347,6.3100000000000005
12348,9.760587324609677
12349,8.309999999999999
12350,9.41
12351,8.45
12352,7.489999999999999
12353,6.220000000000001
12354,7.72
12355,7.590000000000002
12356,9.999999999999998
12357,3.2941267539032197
12358,5.64
12359,5.65
12360,3.15
12361,5.65
12362,3.21
12363,7.69
12364,4.629999999999999
12365,8.07
12366,9.999999999999998
12367,4.956476052341932
12368,6.1688253507806445
12369,8.52
12370,6.24
12371,6.13
12372,7.1
12373,5.3
12374,7.63
12375,6.899412675390322
12376,6.95
12377,9.995888727732254
12378,8.85
12379,7.040000000000001
12380,8.98
12381,5.57
12382,6.34
12383,8.07
12384,2.13
12385,0.06999999999999995
12386,5.38
12387,5.799999999999999
12388,2.8899999999999997
12389,7.9
12390,6.4
12391,4.66
12392,2.94
12393,3.4299999999999997
12394,2.17
12395,5.1
12396,7.56
12397,5.96
12398,7.85
12399,6.57
12400,7.24
12401,3.63
12402,6.6499999999999995
12403,4.13
12404,6.4799999999999995
12405,3.41
12406,6.56
12407,6.62
12408,2.2399999999999998
12409,4.381174649219356
12410,3.29
12411,6.56
12412,9.65
12413,7.229999999999999
12414,5.62
12415,7.159999999999999
12416,5.34
12417,1.0999939284910073e-19
12418,5.46
12419,8.15
12420,5.25
12421,7.92
12422,4.54
12423,8.54
12424,6.379999999999999
12425,6.2
12426,0.8300000000000001
12427,6.029999999999999
12428,5.8100000000000005
12429,3.9299999999999997
12430,7.63
12431,4.33
12432,7.94
12433,4.970000000000001
12434,8.810587324609678
12435,9.999999999999998
12436,5.68
12437,9.999999999999998
12438,7.6499999999999995
12439,5.45
12440,8.25
12441,7.909999999999998
12442,3.96
12443,7.529999999999999
12444,6.83
12445,6.69
12446,5.8999999999999995
12447,7.58
12448,6.32
12449,7.62
12450,8.37
12451,9.999999999999998
12452,6.3
12453,7.090000000000001
12454,6.67
12455,5.43
12456,7.090000000000001
12457,7.68
12458,7.75
12459,1.0775669730248552e-19
12460,6.16
12461,9.549999999999999
12462,8.11
12463,3.1
12464,6.379999999999999
12465,7.4
12466,5.720000000000001
12467,6.790000000000002
12468,7.1
12469,9.290000000000001
12470,6.442936623048389
12471,7.72
12472,4.8100000000000005
12473,6.6499999999999995
12474,6.959999999999998
12475,2.7800000000000002
12476,0.78
12477,9.07
12478,9.999999999999998
12479,6.0
12480,7.869999999999999
12481,5.42
12482,9.999999999999998
12483,7.24
12484,6.63
12485,5.17
12486,5.2299999999999995
12487,6.029999999999999
12488,5.84
12489,5.46
12490,7.489999999999999
12491,1.4499999999999997
12492,8.4
12493,6.329999999999999
12494,6.699999999999999
12495,6.32
12496,7.840000000000001
12497,8.85
12498,9.22
12499,3.46
12500,2.52
12501,5.8999999999999995
12502,5.11
12503,4.8
12504,3.55
12505,5.220000000000001
12506,1.6099999999999999
12507,6.609999999999999
12508,8.74
12509,3.63
12510,7.0
12511,5.539999999999999
12512,8.68
12513,7.079999999999999
12514,6.799999999999999
12515,7.209999999999999
12516,5.18
12517,5.39
12518,5.4
12519,4.05
12520,8.909999999999998
12521,5.799999999999999
12522,6.67
12523,3.59
12524,7.0200000000000005
12525,3.6799999999999997
12526,2.2199999999999998
12527,7.540000000000001
12528,6.76
12529,6.93
12530,8.68
12531,6.890000000000001
12532,6.58
12533,6.54
12534,5.06
12535,6.1
12536,4.27
12537,4.49
12538,5.09
12539,3.27
12540,6.76
12541,6.37
12542,7.92
12543,7.75
12544,9.999999999999998
12545,7.529999999999999
12546,6.15
12547,8.09
12548,6.599999999999999
12549,6.709999999999999
12550,8.41
12551,0.97
12552,6.11
12553,9.17
12554,2.19
12555,9.999999999999998
12556,7.76
12557,9.75
12558,3.3200000000000003
12559,6.909999999999999
12560,5.689999999999999
12561,7.059999999999999
12562,4.902349298438713
12563,3.66
12564,8.417650701561287
12565,7.68
12566,6.590000000000001
12567,4.279999999999999
12568,6.82
12569,5.4
12570,6.890000000000001
12571,9.77
12572,6.0
12573,2.69
12574,7.090000000000001
12575,7.42
12576,3.6899999999999995
12577,5.15
12578,6.659999999999999
12579,7.93
12580,5.42
12581,6.470000000000001
12582,4.419999999999999
12583,4.7700000000000005
12584,8.07
12585,3.3299999999999996
12586,7.470000000000001
12587,8.02
12588,3.355888727732254
12589,2.65
12590,8.642349298438713
12591,6.840000000000001
12592,5.99
12593,3.67
12594,5.66
12595,8.14
12596,8.045888727732255
12597,5.5299999999999985
12598,2.62
12599,6.470000000000001
12600,2.48
12601,4.739999999999999
12602,5.13
12603,7.85
12604,9.997650701561287
12605,9.999999999999998
12606,6.641174649219356
12607,3.9200000000000004
12608,6.220000000000001
12609,4.5
12610,4.33
12611,7.859999999999999
12612,5.343523947658068
12613,8.32
12614,4.927650701561288
12615,5.9799999999999995
12616,8.4
12617,0.48
12618,4.7700000000000005
12619,7.2700000000000005
12620,9.67
12621,8.85
12622,3.8899999999999997
12623,7.809999999999999
12624,5.83
12625,6.849999999999999
12626,5.319999999999999
12627,6.4399999999999995
12628,6.76
12629,5.41
12630,7.709999999999999
12631,6.2299999999999995
12632,6.133523947658068
12633,7.359999999999999
12634,5.61
12635,7.059999999999999
12636,9.37
12637,8.209999999999999
12638,3.96
12639,7.14
12640,4.277650701561288
12641,7.19
12642,5.36
12643,7.52
12644,3.3899999999999997
12645,5.479999999999999
12646,9.549999999999999
12647,4.86
12648,6.11
12649,4.15
12650,6.379999999999999
12651,6.9799999999999995
12652,6.220000000000001
12653,4.38
12654,2.2
12655,5.59
12656,5.329999999999999
12657,7.879999999999999
12658,8.569412675390323
12659,6.849999999999999
12660,4.8100000000000005
12661,2.85
12662,5.009999999999999
12663,4.5200000000000005
12664,3.3200000000000003
12665,8.41
12666,3.4399999999999995
12667,7.2
12668,5.859999999999999
12669,7.4
12670,6.1
12671,8.58
12672,5.2299999999999995
12673,1.15
12674,8.42
12675,2.7
12676,8.1
12677,9.59
12678,8.129999999999999
12679,6.16
12680,8.120000000000001
12681,7.879999999999999
12682,9.75
12683,6.95
12684,7.909999999999998
12685,6.409999999999999
12686,7.75
12687,9.209999999999999
12688,4.5200000000000005
12689,4.93
12690,9.66
12691,5.63
12692,9.52
12693,8.54
12694,4.8
12695,5.12
12696,6.166476052341933
12697,4.7
12698,7.26
12699,6.93
12700,7.449999999999999
12701,5.957650701561288
12702,6.05
12703,3.979999999999999
12704,1.1699999999999997
12705,1.09
12706,8.690000000000001
12707,3.2999999999999994
12708,6.94
12709,9.090000000000002
12710,8.93
12711,1.1836243790824387e-19
12712,3.51
12713,6.04
12714,4.34
12715,3.6799999999999997
12716,7.109999999999999
12717,6.489999999999999
12718,3.8299999999999996
12719,2.56
12720,5.76
12721,8.54
12722,3.71
12723,6.609999999999999
12724,8.74
12725,5.34
12726,7.42
12727,5.75
12728,7.58
12729,2.08
12730,8.6
12731,7.24
12732,5.948238026170966
12733,3.95
12734,6.94
12735,7.107063376951609
12736,7.58
12737,8.08
12738,8.28
12739,9.46
12740,7.18
12741,4.271761973829034
12742,7.079999999999999
12743,9.999999999999998
12744,3.66
12745,9.995888727732254
12746,3.46
12747,4.8100000000000005
12748,6.3
12749,2.07
12750,3.78
12751,4.7299999999999995
12752,6.99
12753,7.599999999999999
12754,3.56
12755,8.01
12756,8.67
12757,9.34
12758,6.909999999999999
12759,6.43
12760,8.97
12761,2.9899999999999998
12762,8.85
12763,1.8199999999999998
12764,4.86
12765,7.449999999999999
12766,6.56
12767,6.13
12768,4.76
12769,3.479999999999999
12770,8.28
12771,5.13
12772,4.470000000000001
12773,1.1285894823305568e-19
12774,8.290000000000001
12775,2.7199999999999998
12776,2.05
12777,8.43
12778,6.4399999999999995
12779,7.29
12780,6.94
12781,3.4899999999999998
12782,2.3699999999999997
12783,8.120000000000001
12784,6.890000000000001
12785,2.63
12786,4.32
12787,7.470000000000001
12788,3.28
12789,4.7700000000000005
12790,9.259999999999998
12791,5.14
12792,7.4399999999999995
12793,5.88
12794,7.32
12795,8.49
12796,7.68
12797,3.55
12798,6.740000000000001
12799,6.081174649219356
12800,3.9399999999999995
12801,5.68
12802,9.999999999999998
12803,2.4
12804,4.13
12805,3.641174649219356
12806,8.2
12807,5.1
12808,6.599999999999999
12809,6.3100000000000005
12810,4.51
12811,6.2
12812,9.999999999999998
12813,7.32
12814,8.0
12815,6.56
12816,6.869999999999999
12817,5.62
12818,7.56
12819,4.33
12820,8.08
12821,2.7699999999999996
12822,7.6499999999999995
12823,7.1
12824,9.997063376951608
12825,9.959999999999999
12826,9.999999999999998
12827,6.25
12828,8.02
12829,6.4
12830,8.870000000000001
12831,5.009999999999999
12832,4.36
12833,8.42
12834,9.86
12835,5.99
12836,9.993539429293541
12837,4.29
12838,6.859999999999999
12839,3.02
12840,9.510587324609677
12841,6.817650701561289
12842,3.91
12843,7.99
12844,4.8100000000000005
12845,3.1899999999999995
12846,8.7
12847,3.2499999999999996
12848,2.65
12849,8.45
12850,7.48
12851,4.7299999999999995
12852,5.37
12853,5.921761973829034
12854,4.27
12855,5.15
12856,3.61
12857,6.5200000000000005
12858,2.92
12859,7.18
12860,8.562349298438711
12861,6.959999999999998
12862,6.34
12863,8.650587324609678
12864,5.38
12865,4.99
12866,5.96
12867,6.15
12868,6.964111272267744
12869,8.58
12870,5.51
12871,5.5600000000000005
12872,4.689999999999999
12873,8.86
12874,5.36
12875,1.4300000000000002
12876,7.7700000000000005
12877,7.12
12878,3.04
12879,9.190000000000001
12880,9.999999999999998
12881,9.998238026170965
12882,5.3100000000000005
12883,8.41
12884,4.6
12885,9.42
12886,8.379999999999999
12887,8.22
12888,7.590000000000002
12889,8.41
12890,4.2299999999999995
12891,8.120000000000001
12892,3.12
12893,5.37
12894,3.71
12895,5.7299999999999995
12896,3.91
12897,4.83
12898,5.26
12899,9.02
12900,1.04
12901,8.057063376951609
12902,6.590000000000001
12903,9.61
12904,5.678825350780643
12905,8.05
12906,4.92
12907,1.49
12908,7.31
12909,5.41
12910,8.97
12911,4.488825350780645
12912,1.8999999999999997
12913,5.87
12914,5.18
12915,7.34
12916,5.479999999999999
12917,7.359999999999999
12918,2.2788253507806444
12919,7.33
12920,6.17
12921,6.32
12922,6.879999999999999
12923,5.61
12924,6.21
12925,2.2676507015612883
12926,4.01
12927,5.26
12928,6.36
12929,7.85
12930,4.07
12931,5.7
12932,9.46
12933,9.790000000000001
12934,5.92
12935,6.9
12936,2.08
12937,7.779999999999999
12938,9.040000000000001
12939,8.36
12940,7.279999999999999
12941,3.55
12942,5.15
12943,8.22
12944,5.68
12945,4.9799999999999995
12946,5.6
12947,4.65
12948,7.63
12949,8.16
12950,7.43
12951,2.31
12952,6.009999999999999
12953,6.5200000000000005
12954,9.999999999999998
12955,1.02
12956,5.36
12957,5.84
12958,7.599999999999999
12959,2.47
12960,3.2999999999999994
12961,5.486781841735399
12962,5.4
12963,3.24
12964,9.23
12965,2.63
12966,2.88
12967,4.32
12968,4.838238026170966
12969,4.949999999999999
12970,6.13
12971,4.65
12972,4.09
12973,7.540000000000001
12974,3.75
12975,5.7700000000000005
12976,8.18
12977,2.2600000000000002
12978,8.4
12979,8.27
12980,5.1
12981,1.291581196643618e-19
12982,9.997650701561287
12983,5.31706337695161
12984,5.26
12985,1.47
12986,8.129999999999999
12987,9.359999999999998
12988,7.159999999999999
12989,4.01
12990,4.3929366230483895
12991,5.17
12992,4.279999999999999
12993,3.8200000000000003
12994,4.66
12995,5.123523947658068
12996,4.41
12997,5.799999999999999
12998,7.890000000000001
12999,6.590000000000001
13000,5.539999999999999
13001,8.6
13002,9.23
13003,4.739999999999999
13004,9.999999999999998
13005,0.72
13006,2.68
13007,3.97
13008,4.51
13009,8.73
13010,2.12
13011,7.72
13012,7.26
13013,5.64
13014,5.65
13015,5.12
13016,7.60941267539032
13017,6.098238026170965
13018,2.17
13019,4.419999999999999
13020,4.26
13021,6.699999999999999
13022,8.931761973829033
13023,5.5600000000000005
13024,4.49
13025,6.82
13026,5.92
13027,7.74
13028,6.99
13029,4.07
13030,5.63
13031,5.45
13032,1.8
13033,5.539999999999999
13034,3.3899999999999997
13035,8.64
13036,8.08
13037,1.92
13038,8.940000000000001
13039,5.799999999999999
13040,3.03
13041,3.81
13042,3.1100000000000003
13043,0.53
13044,4.16
13045,4.7
13046,4.779999999999999
13047,6.499999999999999
13048,7.43
13049,7.279999999999999
13050,7.31
13051,6.145301403122576
13052,6.36
13053,7.52
13054,9.83
13055,6.959999999999998
13056,4.029999999999999
13057,0.5141112722677458
13058,7.169999999999999
13059,6.11
13060,6.94
13061,7.24
13062,7.890000000000001
13063,9.998825350780644
13064,7.905387113891927e-20
13065,3.67
13066,6.908238026170966
13067,9.999999999999998
13068,9.22
13069,7.7700000000000005
13070,4.7700000000000005
13071,5.82
13072,2.55
13073,6.351174649219356
13074,2.92
13075,1.49
13076,5.26
13077,5.66
13078,5.36
13079,5.279999999999999
13080,8.73
13081,4.14
13082,5.99
13083,4.34
13084,3.62
13085,3.62
13086,4.949999999999999
13087,2.35
13088,8.209999999999999
13089,9.37
13090,6.62
13091,8.2
13092,9.529999999999998
13093,5.27
13094,2.958238026170966
13095,6.75
13096,7.52
13097,4.384698596877424
13098,6.72
13099,7.529999999999999
13100,2.558238026170966
13101,5.17
13102,0.11295210468386431
13103,7.169999999999999
13104,6.9799999999999995
13105,6.58
13106,7.5
13107,0.55
13108,9.999999999999998
13109,5.55
13110,4.779999999999999
13111,7.18
13112,7.779999999999999
13113,6.04
13114,9.18
13115,6.05
13116,8.85
13117,3.5399999999999996
13118,9.77
13119,5.9399999999999995
13120,1.2664222703311234e-19
13121,5.57
13122,5.9399999999999995
13123,7.209999999999999
13124,2.8999999999999995
13125,5.539999999999999
13126,3.7
13127,1.56
13128,7.9799999999999995
13129,3.9
13130,8.879999999999999
13131,0.82
13132,5.29
13133,5.67
13134,7.14
13135,6.329999999999999
13136,1.7899999999999998
13137,7.5
13138,5.799999999999999
13139,5.27
13140,9.999999999999998
13141,8.23
13142,3.01
13143,8.24
13144,8.620000000000001
13145,6.840000000000001
13146,7.3
13147,6.641761973829034
13148,8.32
13149,7.41706337695161
13150,2.237650701561288
13151,3.27
13152,6.51
13153,2.2600000000000002
13154,5.0200000000000005
13155,7.05
13156,3.7999999999999994
13157,4.71
13158,6.4399999999999995
13159,6.76
13160,4.54
13161,9.16706337695161
13162,8.73
13163,1.68
13164,7.059999999999999
13165,6.526576643020178e-20
13166,3.5399999999999996
13167,5.1899999999999995
13168,2.06
13169,4.7
13170,7.699999999999999
13171,6.220000000000001
13172,6.9799999999999995
13173,9.999999999999998
13174,7.599999999999999
13175,4.33
13176,6.3100000000000005
13177,6.56
13178,3.81
13179,9.14
13180,3.86
13181,4.38
13182,8.309999999999999
13183,4.999999999999999
13184,7.3
13185,7.669999999999999
13186,8.870000000000001
13187,8.47
13188,5.84
13189,6.165888727732255
13190,6.24
13191,1.6999999999999997
13192,7.678238026170965
13193,7.406476052341931
13194,9.15
13195,5.799999999999999
13196,7.14
13197,5.3100000000000005
13198,8.190000000000001
13199,8.120000000000001
13200,9.81
13201,0.6900000000000001
13202,6.21
13203,6.04
13204,5.41
13205,4.86
13206,4.12
13207,1.0
13208,3.8499999999999996
13209,5.833523947658068
13210,2.71
13211,3.9299999999999997
13212,7.459999999999999
13213,5.859999999999999
13214,6.17
13215,3.2999999999999994
13216,7.379999999999999
13217,6.879999999999999
13218,6.26
13219,4.33
13220,6.709999999999999
13221,5.539999999999999
13222,9.42
13223,4.11
13224,5.2299999999999995
13225,8.27
13226,3.16
13227,6.82
13228,9.949999999999998
13229,9.61
13230,4.812349298438712
13231,6.09
13232,7.379999999999999
13233,1.0489609609072961e-19
13234,2.75
13235,8.839999999999998
13236,7.379999999999999
13237,7.76
13238,4.25
13239,6.659999999999999
13240,2.94
13241,8.36
13242,6.05
13243,7.540000000000001
13244,8.25
13245,6.27
13246,6.08
13247,9.849999999999998
13248,7.040000000000001
13249,4.0564760523419325
13250,7.409999999999999
13251,5.63
13252,7.768825350780644
13253,6.470000000000001
13254,3.5846985968774234
13255,6.32
13256,6.9
13257,7.0200000000000005
13258,9.259999999999998
13259,4.7299999999999995
13260,9.16
13261,8.471174649219357
13262,1.9100000000000001
13263,6.37
13264,1.9100000000000001
13265,6.35
13266,7.3
13267,4.39
13268,3.2
13269,7.74
13270,7.169999999999999
13271,6.04
13272,9.88
13273,9.999999999999998
13274,8.25
13275,8.290000000000001
13276,6.05
13277,7.069999999999999
13278,2.27
13279,4.21
13280,6.7299999999999995
13281,5.13
13282,7.279999999999999
13283,5.36
13284,5.89
13285,7.079999999999999
13286,6.56
13287,8.828238026170967
13288,6.93
13289,7.51
13290,9.57
13291,2.07
13292,3.86
13293,5.3
13294,7.63
13295,9.999999999999998
13296,5.41
13297,7.2
13298,6.06
13299,7.063523947658067
13300,6.45
13301,4.970000000000001
13302,3.8899999999999997
13303,8.53
13304,5.18
13305,3.5
13306,5.739999999999999
13307,7.229999999999999
13308,5.51
13309,3.5
13310,2.03
13311,5.470000000000001
13312,0.9800000000000001
13313,6.51
13314,8.190000000000001
13315,9.999999999999998
13316,3.9770633769516093
13317,5.6
13318,4.87
13319,6.32
13320,6.680000000000001
13321,6.26
13322,7.37
13323,8.123523947658068
13324,5.13
13325,1.21
13326,9.52
13327,8.17
13328,4.85
13329,6.590000000000001
13330,6.63
13331,5.65
13332,1.5
13333,5.859999999999999
13334,4.51
13335,9.999999999999998
13336,3.65
13337,7.72
13338,7.659999999999999
13339,7.4399999999999995
13340,9.0
13341,8.61
13342,5.57
13343,4.970000000000001
13344,1.2
13345,1.87
13346,1.3900000000000001
13347,7.92
13348,5.65
13349,3.4200000000000004
13350,2.43
13351,2.62
13352,4.24
13353,7.76
13354,8.45
13355,4.29
13356,5.069999999999999
13357,3.9899999999999998
13358,8.0
13359,5.59
13360,6.58
13361,6.379999999999999
13362,2.7199999999999998
13363,8.025888727732253
13364,3.8499999999999996
13365,7.94
13366,8.1
13367,3.59
13368,6.93
13369,6.799999999999999
13370,1.27
13371,3.95
13372,2.88
13373,9.259999999999998
13374,7.970000000000001
13375,5.859999999999999
13376,4.64
13377,5.87
13378,7.32
13379,5.95
13380,0.25
13381,9.995301403122575
13382,4.11
13383,6.95
13384,2.41
13385,9.090000000000002
13386,1.51
13387,1.48
13388,6.32
13389,7.15
13390,7.95
13391,7.56
13392,8.8
13393,7.079999999999999
13394,3.41
13395,8.959999999999997
13396,8.909999999999998
13397,6.36
13398,3.76
13399,6.29
13400,7.809999999999999
13401,6.590000000000001
13402,6.17
13403,9.999999999999998
13404,5.61
13405,9.440000000000001
13406,4.18
13407,3.3899999999999997
13408,3.038238026170966
13409,9.914698596877423
13410,9.02
13411,6.3
13412,6.11
13413,8.32
13414,5.438825350780644
13415,5.859999999999999
13416,6.489999999999999
13417,5.84
13418,6.83
13419,5.34
13420,5.93
13421,4.3100000000000005
13422,3.5
13423,7.137650701561288
13424,7.18
13425,5.319999999999999
13426,4.86
13427,6.470000000000001
13428,3.16
13429,3.04
13430,2.59
13431,8.879999999999999
13432,6.69
13433,3.7999999999999994
13434,8.58
13435,4.7700000000000005
13436,8.97
13437,1.27
13438,3.1899999999999995
13439,8.35
13440,6.62
13441,5.18
13442,6.24
13443,4.14
13444,6.99
13445,5.65
13446,9.52
13447,3.65
13448,2.41
13449,4.01
13450,7.709999999999999
13451,5.35
13452,8.459999999999999
13453,4.518825350780644
13454,8.120000000000001
13455,3.7199999999999998
13456,3.3499999999999996
13457,9.059999999999999
13458,5.9399999999999995
13459,7.840000000000001
13460,4.4399999999999995
13461,5.82
13462,3.479999999999999
13463,3.8200000000000003
13464,2.8699999999999997
13465,2.62
13466,8.2
13467,5.91
13468,7.909999999999998
13469,2.52
13470,6.459999999999999
13471,4.7
13472,5.61
13473,7.1
13474,2.73
13475,7.878825350780643
13476,4.779999999999999
13477,4.61
13478,2.62
13479,3.78
13480,7.040000000000001
13481,5.14
13482,8.52
13483,6.92
13484,3.1899999999999995
13485,8.61
13486,5.470000000000001
13487,3.88
13488,3.12
13489,4.39
13490,4.75
13491,3.75
13492,6.1899999999999995
13493,6.83
13494,5.67
13495,7.2700000000000005
13496,3.5799999999999996
13497,7.6499999999999995
13498,6.5776507015612875
13499,6.9
13500,5.970000000000001
13501,9.529999999999998
13502,6.489999999999999
13503,7.1
13504,7.43
13505,5.37706337695161
13506,9.33
13507,7.669999999999999
13508,6.5200000000000005
13509,7.2
13510,9.009999999999998
13511,3.13
13512,7.709999999999999
13513,2.2399999999999998
13514,6.790000000000002
13515,8.839999999999998
13516,5.25
13517,5.7700000000000005
13518,8.47
13519,9.707063376951611
13520,4.27
13521,6.39
13522,4.01
13523,4.13
13524,6.7700000000000005
13525,7.33
13526,2.8999999999999995
13527,5.050000000000001
13528,8.97
13529,6.029999999999999
13530,2.6399999999999997
13531,7.229999999999999
13532,5.87
13533,1.7899999999999998
13534,7.879999999999999
13535,4.5294929119931355
13536,7.529999999999999
13537,3.9899999999999998
13538,3.86
13539,3.8899999999999997
13540,3.6529366230483897
13541,7.95
13542,3.79
13543,5.9799999999999995
13544,5.87
13545,6.7299999999999995
13546,7.109999999999999
13547,9.995888727732254
13548,5.7299999999999995
13549,1.1646985968774237
13550,3.979999999999999
13551,7.359999999999999
13552,7.52
13553,6.409999999999999
13554,2.82
13555,6.545888727732254
13556,7.14
13557,9.549999999999999
13558,5.9799999999999995
13559,7.7700000000000005
13560,5.43
13561,4.83
13562,4.629999999999999
13563,6.27
13564,7.220000000000001
13565,7.229999999999999
13566,4.84
13567,7.459999999999999
13568,3.21
13569,3.63
13570,5.13
13571,5.470000000000001
13572,6.17
13573,6.0
13574,9.34
13575,8.07
13576,4.84
13577,9.64
13578,3.03
13579,4.43
13580,4.54
13581,7.529999999999999
13582,3.31
13583,6.7299999999999995
13584,7.43
13585,9.65
13586,3.333249770770919
13587,8.309999999999999
13588,0.63
13589,7.48
13590,5.7700000000000005
13591,6.959999999999998
13592,7.9799999999999995
13593,4.49
13594,5.329999999999999
13595,6.699999999999999
13596,7.42
13597,5.83
13598,4.85
13599,1.5299999999999998
13600,7.909999999999998
13601,4.71
13602,9.629999999999999
13603,3.78
13604,6.21
13605,9.540000000000001
13606,5.4399999999999995
13607,4.2
13608,0.4
13609,6.2
13610,4.4399999999999995
13611,4.419999999999999
13612,9.999999999999998
13613,1.8923492984387118
13614,5.917650701561288
13615,3.63
13616,3.3299999999999996
13617,5.279999999999999
13618,7.37
13619,6.7299999999999995
13620,5.89
13621,7.918237619643316e-20
13622,6.094111272267746
13623,4.86
13624,9.83
13625,2.45
13626,7.34
13627,9.45
13628,4.11
13629,6.39
13630,4.739999999999999
13631,8.77
13632,4.96
13633,4.11
13634,6.06
13635,2.4
13636,4.64
13637,6.09
13638,3.59
13639,6.329999999999999
13640,8.32
13641,7.68
13642,8.85
13643,7.489999999999999
13644,4.91
13645,3.03
13646,8.839999999999998
13647,6.329999999999999
13648,8.564698596877422
13649,4.89
13650,4.0
13651,7.540000000000001
13652,5.62
13653,5.65
13654,4.7700000000000005
13655,6.29
13656,2.79
13657,2.55
13658,2.91
13659,3.979999999999999
13660,8.43
13661,6.54
13662,4.92
13663,2.8699999999999997
13664,8.86
13665,6.76
13666,6.32
13667,5.5
13668,7.19
13669,2.05
13670,8.18
13671,6.62
13672,9.949999999999998
13673,4.9
13674,6.32
13675,4.37
13676,6.5200000000000005
13677,9.999999999999998
13678,3.47
13679,4.24
13680,5.319999999999999
13681,4.0200000000000005
13682,4.34
13683,7.154126753903219
13684,7.069999999999999
13685,5.82
13686,7.33
13687,6.970000000000001
13688,7.9799999999999995
13689,8.83
13690,7.159999999999999
13691,9.02
13692,5.341174649219356
13693,9.02
13694,5.75
13695,8.55
13696,9.16
13697,8.959999999999997
13698,6.45
13699,7.18
13700,3.3200000000000003
13701,4.25
13702,4.64
13703,4.75
13704,4.61
13705,2.23
13706,8.690000000000001
13707,6.45
13708,6.76
13709,7.9799999999999995
13710,5.26
13711,5.2
13712,2.7600000000000002
13713,4.65
13714,5.9399999999999995
13715,7.62
13716,6.069999999999999
13717,4.46
13718,2.96
13719,7.009999999999999
13720,8.61
13721,8.959999999999997
13722,5.14
13723,3.08
13724,6.63
13725,5.799999999999999
13726,1.9211746492193558
13727,8.82
13728,5.41
13729,6.500587324609677
13730,8.459999999999999
13731,6.4
13732,3.8899999999999997
13733,8.45
13734,4.43
13735,5.279999999999999
13736,9.479999999999999
13737,2.2
13738,4.6
13739,3.5200000000000005
13740,9.88
13741,5.99
13742,7.669999999999999
13743,5.92
13744,6.599999999999999
13745,9.995301403122575
13746,8.61
13747,7.48
13748,7.9799999999999995
13749,6.0
13750,5.38
13751,8.84706337695161
13752,6.740000000000001
13753,8.36
13754,3.21
13755,6.95
13756,6.72
13757,6.95
13758,5.83
13759,8.909999999999998
13760,9.22
13761,8.86
13762,6.15
13763,8.42
13764,5.779999999999999
13765,2.15
13766,8.790000000000001
13767,5.8100000000000005
13768,5.14
13769,5.2
13770,6.756476052341932
13771,1.2499999999999998
13772,7.409999999999999
13773,7.220000000000001
13774,8.86
13775,6.2
13776,2.3899999999999997
13777,7.6499999999999995
13778,8.09
13779,5.79
13780,7.6099999999999985
13781,8.459999999999999
13782,9.74
13783,5.43
13784,9.997650701561287
13785,3.04
13786,7.13
13787,6.659999999999999
13788,7.32
13789,7.470000000000001
13790,5.51
13791,4.3100000000000005
13792,6.35
13793,6.0
13794,4.26
13795,4.689999999999999
13796,6.27
13797,3.55
13798,3.95
13799,6.119999999999999
13800,5.65
13801,2.04
13802,6.609999999999999
13803,1.49
13804,4.789999999999999
13805,3.08
13806,9.39
13807,5.82
13808,5.8999999999999995
13809,2.6100000000000003
13810,7.909999999999998
13811,5.34
13812,7.51
13813,8.57
13814,7.970000000000001
13815,2.68
13816,9.060587324609678
13817,4.0129521046838645
13818,7.590000000000002
13819,3.56
13820,8.040000000000001
13821,8.65
13822,8.05
13823,6.3
13824,7.55
13825,6.069999999999999
13826,5.67
13827,7.449999999999999
13828,5.279999999999999
13829,8.909999999999998
13830,3.3400000000000003
13831,8.440000000000001
13832,7.68
13833,7.2
13834,6.51
13835,2.8999999999999995
13836,5.2
13837,6.43
13838,7.459999999999999
13839,6.72
13840,7.18
13841,7.26
13842,7.4
13843,8.74
13844,7.24
13845,9.041761973829034
13846,2.7805873246096784
13847,5.99
13848,5.970000000000001
13849,6.35
13850,3.96
13851,1.24
13852,5.5453014031225765
13853,9.999999999999998
13854,4.758840832416118
13855,5.87
13856,4.720000000000001
13857,8.5
13858,4.64
13859,7.18
13860,9.999999999999998
13861,4.949999999999999
13862,5.029999999999999
13863,9.588238026170966
13864,5.7700000000000005
13865,5.34
13866,6.62
13867,3.28
13868,4.25
13869,6.740000000000001
13870,9.429999999999998
13871,9.997650701561287
13872,4.64
13873,9.999999999999998
13874,7.14
13875,9.999412675390321
13876,8.559999999999999
13877,5.85
13878,6.145888727732254
13879,6.609999999999999
13880,8.256491533977407
13881,5.6
13882,4.38
13883,5.5200000000000005
13884,7.2011746492193565
13885,2.65
13886,5.470000000000001
13887,6.356476052341932
13888,7.35
13889,5.95
13890,4.419999999999999
13891,6.499999999999999
13892,3.6799999999999997
13893,9.999999999999998
13894,7.379999999999999
13895,6.0
13896,5.92
13897,8.1
13898,6.5635394292935425
13899,6.45
13900,8.39
13901,6.62
13902,2.63
13903,8.11
13904,2.59
13905,4.7700000000000005
13906,3.95
13907,5.2
13908,8.37
13909,6.008238026170965
13910,6.37
13911,8.58
13912,2.59
13913,7.699999999999999
13914,1.230320278061497e-19
13915,5.12
13916,5.279999999999999
13917,7.909999999999998
13918,8.95
13919,8.56706337695161
13920,6.859999999999999
13921,1.2499999999999998
13922,2.69
13923,8.58
13924,3.84
13925,5.93
13926,8.11
13927,7.75
13928,5.65
13929,7.29
13930,4.999999999999999
13931,7.51
13932,4.93
13933,7.449999999999999
13934,4.66
13935,2.83
13936,7.82
13937,4.949999999999999
13938,2.8600000000000003
13939,6.659999999999999
13940,5.7299999999999995
13941,4.29
13942,3.07
13943,4.739999999999999
13944,5.539999999999999
13945,5.5
13946,4.71
13947,3.4299999999999997
13948,8.34
13949,4.91
13950,7.529999999999999
13951,5.4399999999999995
13952,6.99
13953,6.14
13954,7.209999999999999
13955,3.979999999999999
13956,0.3299999999999999
13957,4.12
13958,6.4799999999999995
13959,5.92
13960,5.71
13961,8.2
13962,4.5600000000000005
13963,6.799999999999999
13964,5.06
13965,5.470000000000001
13966,7.599999999999999
13967,3.7999999999999994
13968,4.5
13969,6.590000000000001
13970,9.999999999999998
13971,7.459999999999999
13972,9.67
13973,3.7299999999999995
13974,1.01
13975,7.19
13976,7.35
13977,3.02
13978,5.2299999999999995
13979,7.72
13980,8.08
13981,5.991174649219356
13982,5.87
13983,5.65
13984,5.050000000000001
13985,8.55
13986,6.36
13987,6.779999999999999
13988,6.909999999999999
13989,7.6499999999999995
13990,1.8999999999999997
13991,2.81
13992,6.93
13993,7.0
13994,4.57
13995,6.37587324609678
13996,6.499999999999999
13997,9.259999999999998
13998,4.5
13999,3.5311746492193556
14000,7.009999999999999
14001,9.995301403122575
14002,5.2299999999999995
14003,7.879999999999999
14004,6.67
14005,6.959999999999998
14006,4.0
14007,8.99
14008,5.51
14009,3.65
14010,7.76
14011,3.03
14012,1.5299999999999998
14013,7.659999999999999
14014,4.2299999999999995
14015,1.1400000000000001
14016,5.746476052341932
14017,7.2700000000000005
14018,4.85
14019,9.529999999999998
14020,9.999999999999998
14021,6.754111272267746
14022,7.659999999999999
14023,8.32
14024,5.990587324609678
14025,1.1145267128562342e-19
14026,5.37
14027,6.869999999999999
14028,7.079999999999999
14029,6.76
14030,2.82
14031,1.5553014031225763
14032,3.9899999999999998
14033,6.43
14034,9.8
14035,3.8899999999999997
14036,8.620000000000001
14037,5.4
14038,6.83
14039,6.970000000000001
14040,8.50234929843871
14041,4.14
14042,3.91
14043,5.779999999999999
14044,2.94
14045,2.73
14046,3.979999999999999
14047,6.14
14048,8.86
14049,6.9
14050,4.949999999999999
14051,6.879999999999999
14052,6.709999999999999
14053,5.18
14054,9.949999999999998
14055,7.279999999999999
14056,6.72
14057,5.65
14058,4.5
14059,5.009999999999999
14060,1.4648057538120893e-19
14061,5.15
14062,4.65
14063,4.529999999999999
14064,3.479999999999999
14065,2.97
14066,9.559999999999999
14067,1.1699999999999997
14068,3.45
14069,6.009999999999999
14070,8.99
14071,4.49
14072,3.3400000000000003
14073,7.92
14074,6.7299999999999995
14075,3.8299999999999996
14076,6.779999999999999
14077,2.31
14078,7.99
14079,5.25
14080,3.8200000000000003
14081,5.99
14082,7.33
14083,5.1
14084,2.09
14085,4.67
14086,6.6499999999999995
14087,7.72
14088,6.909999999999999
14089,7.449999999999999
14090,0.6799999999999999
14091,5.4399999999999995
14092,4.82
14093,2.55
14094,6.220000000000001
14095,7.790000000000001
14096,9.359999999999998
14097,6.2799999999999985
14098,6.970000000000001
14099,7.15
14100,7.76
14101,3.0599999999999996
14102,3.6799999999999997
14103,6.29
14104,7.25
14105,4.51
14106,5.04
14107,5.545888727732254
14108,4.07
14109,7.868825350780644
14110,5.15
14111,0.2799999999999999
14112,2.41
14113,6.29
14114,9.440000000000001
14115,4.96
14116,6.7700000000000005
14117,7.43
14118,7.809999999999999
14119,8.3
14120,6.609999999999999
14121,3.02
14122,7.037063376951611
14123,5.45
14124,5.0200000000000005
14125,8.68
14126,4.14
14127,9.440000000000001
14128,3.4200000000000004
14129,4.1
14130,4.43
14131,5.27
14132,5.85
14133,7.602936623048389
14134,7.9
14135,5.12
14136,7.279999999999999
14137,5.61
14138,3.8299999999999996
14139,8.18
14140,8.9
14141,6.3100000000000005
14142,7.14
14143,5.85
14144,4.16
14145,6.401174649219357
14146,5.319999999999999
14147,3.91
14148,8.459999999999999
14149,9.652349298438713
14150,2.47
14151,5.4399999999999995
14152,2.88
14153,9.999999999999998
14154,5.481174649219355
14155,8.53
14156,5.8100000000000005
14157,8.09
14158,6.409999999999999
14159,5.4399999999999995
14160,3.50293662304839
14161,8.26
14162,3.27
14163,4.789999999999999
14164,7.72
14165,7.42
14166,5.479999999999999
14167,9.57
14168,5.1
14169,9.999999999999998
14170,6.15
14171,2.65
14172,3.5
14173,7.6499999999999995
14174,5.62
14175,5.34
14176,6.08
14177,8.75
14178,7.26
14179,5.39
14180,4.26
14181,7.48
14182,5.1
14183,5.89
14184,8.879999999999999
14185,4.5670633769516105
14186,7.83
14187,6.440643631652919
14188,5.93
14189,7.379999999999999
14190,6.51
14191,8.27
14192,6.57
14193,9.11
14194,6.029999999999999
14195,4.46
14196,6.39
14197,4.92
14198,4.970000000000001
14199,4.93
14200,6.799999999999999
14201,2.6100000000000003
14202,4.841761973829034
14203,7.599999999999999
14204,3.4299999999999997
14205,8.83
14206,1.02
14207,5.032936623048389
14208,8.09
14209,8.51
14210,7.7700000000000005
14211,3.2299999999999995
14212,6.4799999999999995
14213,8.290000000000001
14214,7.489999999999999
14215,3.8899999999999997
14216,4.9399999999999995
14217,8.98
14218,9.999999999999998
14219,6.29
14220,8.190000000000001
14221,3.5200000000000005
14222,6.489999999999999
14223,4.720000000000001
14224,5.6
14225,7.29
14226,4.82
14227,5.45
14228,6.57
14229,3.55
14230,5.95
14231,5.38
14232,6.029999999999999
14233,5.43
14234,7.090000000000001
14235,1.51
14236,3.47
14237,4.13
14238,7.979412675390321
14239,9.997063376951608
14240,5.67
14241,8.217650701561288
14242,5.17293662304839
14243,2.2800000000000002
14244,5.63
14245,4.0200000000000005
14246,5.95
14247,4.89
14248,7.24
14249,5.24
14250,9.998238026170965
14251,4.257650701561288
14252,2.628238026170966
14253,9.46293662304839
14254,6.4435239476580675
14255,8.690000000000001
14256,5.470000000000001
14257,4.5600000000000005
14258,8.11
14259,6.069999999999999
14260,0.18
14261,7.4
14262,3.96
14263,0.02
14264,9.998238026170965
14265,4.82
14266,4.949999999999999
14267,5.2
14268,4.71
14269,8.28
14270,2.09
14271,9.503780511821054e-20
14272,8.629999999999999
14273,7.069999999999999
14274,7.0200000000000005
14275,1.9100000000000001
14276,8.97
14277,8.58
14278,8.27
14279,6.4
14280,6.34
14281,4.26
14282,0.94
14283,2.27
14284,7.42
14285,3.4552859214871017
14286,5.88
14287,8.790000000000001
14288,4.75
14289,7.079999999999999
14290,7.15
14291,4.92
14292,5.2299999999999995
14293,7.869999999999999
14294,5.88
14295,7.268238026170966
14296,6.849999999999999
14297,3.21
14298,4.91
14299,6.4
14300,7.12
14301,5.5
14302,5.319999999999999
14303,5.91
14304,4.18
14305,3.9899999999999998
14306,4.76
14307,7.000587324609677
14308,3.6899999999999995
14309,5.39
14310,4.99
14311,5.68
14312,4.419999999999999
14313,7.590000000000002
14314,3.67
14315,3.3400000000000003
14316,3.8499999999999996
14317,8.73
14318,5.739999999999999
14319,5.7
14320,5.55
14321,5.99
14322,5.9799999999999995
14323,1.24
14324,3.51
14325,6.08
14326,9.959999999999999
14327,5.479999999999999
14328,4.16
14329,3.96
14330,8.909999999999998
14331,7.790000000000001
14332,8.14
14333,8.39
14334,9.999999999999998
14335,7.0
14336,5.25
14337,3.71
14338,7.470000000000001
14339,6.24
14340,8.15
14341,7.0594126753903215
14342,9.995301403122575
14343,6.2
14344,3.26
14345,9.71
14346,6.72
14347,5.61
14348,6.1394126753903215
14349,4.26
14350,7.05
14351,0.6900000000000001
14352,8.559999999999999
14353,5.14
14354,6.680000000000001
14355,6.27
14356,8.72
14357,6.879999999999999
14358,3.55
14359,7.68
14360,8.059999999999999
14361,6.94
14362,4.772349298438712
14363,4.739999999999999
14364,9.557650701561286
14365,1.7699999999999998
14366,4.61
14367,6.92
14368,4.76
14369,5.859999999999999
14370,5.6
14371,6.19706337695161
14372,9.429999999999998
14373,8.209999999999999
14374,5.799999999999999
14375,5.3100000000000005
14376,1.297447892836394e-19
14377,7.29
14378,8.83
14379,2.5799999999999996
14380,7.35
14381,8.58
14382,9.999999999999998
14383,8.33
14384,6.590000000000001
14385,9.992952104683864
14386,9.209999999999999
14387,8.959999999999997
14388,5.99
14389,3.88
14390,5.3100000000000005
14391,9.254698596877423
14392,7.159999999999999
14393,3.15
14394,8.59
14395,9.999999999999998
14396,5.82
14397,8.629999999999999
14398,6.29
14399,4.220000000000001
14400,0.45
14401,5.43
14402,7.790000000000001
14403,7.72
14404,5.99
14405,8.65
14406,6.134714078512898
14407,8.7
14408,8.398825350780644
14409,6.6499999999999995
14410,8.54
14411,5.61
14412,5.59
14413,3.969412675390322
14414,7.090000000000001
14415,5.25
14416,4.24
14417,5.901761973829034
14418,3.71
14419,7.85
14420,7.009999999999999
14421,9.16
14422,0.39236478007418635
14423,6.51
14424,1.2432497707709191
14425,7.669999999999999
14426,9.82
14427,6.72
14428,6.6499999999999995
14429,5.970000000000001
14430,6.7299999999999995
14431,2.83
14432,2.07
14433,5.0200000000000005
14434,4.99
14435,8.7
14436,8.559999999999999
14437,6.499999999999999
14438,7.35
14439,5.720000000000001
14440,4.970000000000001
14441,4.54
14442,4.279999999999999
14443,8.97
14444,6.410587324609677
14445,1.196680828544354e-19
14446,3.479999999999999
14447,9.3
14448,8.302349298438712
14449,3.3299999999999996
14450,2.4494281570257965
14451,5.89
14452,3.29
14453,6.2799999999999985
14454,9.57
14455,0.8
14456,8.6
14457,7.890000000000001
14458,6.470000000000001
14459,3.0
14460,3.7700000000000005
14461,9.999999999999998
14462,3.55
14463,9.999999999999998
14464,6.21
14465,9.18
14466,1.8
14467,5.8100000000000005
14468,4.57
14469,5.8100000000000005
14470,9.996476052341931
14471,3.3499999999999996
14472,7.809999999999999
14473,3.0
14474,6.599999999999999
14475,9.999999999999998
14476,3.41
14477,4.8100000000000005
14478,7.229999999999999
14479,9.24
14480,5.29
14481,3.17
14482,9.355090039288859e-20
14483,3.41
14484,5.5200000000000005
14485,9.91
14486,4.029999999999999
14487,9.529999999999998
14488,8.92
14489,3.4299999999999997
14490,3.479999999999999
14491,6.699999999999999
14492,5.970000000000001
14493,7.6099999999999985
14494,3.1899999999999995
14495,1.46
14496,0.32882535078064395
14497,4.789999999999999
14498,4.36
14499,9.994126753903219
14500,6.72
14501,5.91
14502,6.14
14503,0.6970633769516101
14504,6.11
14505,5.36
14506,3.7682380261709665
14507,7.6099999999999985
14508,7.95
14509,6.809999999999999
14510,4.43
14511,5.46
14512,5.3100000000000005
14513,9.290000000000001
14514,3.81
14515,4.470000000000001
14516,3.02
14517,6.76
14518,2.82
14519,6.26
14520,4.93
14521,8.05
14522,7.42
14523,9.247451942209986e-20
14524,3.91
14525,4.17
14526,4.82
14527,7.922349298438712
14528,1.1800000000000002
14529,3.9299999999999997
14530,7.62
14531,8.85
14532,3.1899999999999995
14533,9.42
14534,9.92
14535,4.14
14536,4.029999999999999
14537,8.4
14538,7.9
14539,6.25
14540,4.36
14541,8.620000000000001
14542,7.57
14543,7.32
14544,8.26
14545,7.43
14546,5.13
14547,4.37
14548,5.319999999999999
14549,7.669999999999999
14550,3.8299999999999996
14551,2.9899999999999998
14552,3.2499999999999996
14553,6.99
14554,4.999999999999999
14555,7.129412675390322
14556,6.82
14557,3.01
14558,4.046476052341932
14559,5.851761973829034
14560,8.05
14561,5.41032181582646
14562,1.3299999999999998
14563,7.18
14564,5.7299999999999995
14565,7.68
14566,5.517063376951611
14567,0.75
14568,5.75
14569,5.24
14570,7.040000000000001
14571,5.370587324609678
14572,5.29
14573,7.35
14574,9.68
14575,5.43
14576,1.7199999999999998
14577,4.25
14578,5.76
14579,1.81
14580,7.15
14581,2.33
14582,4.629999999999999
14583,7.079999999999999
14584,4.038825350780644
14585,6.472349298438712
14586,4.43
14587,6.879999999999999
14588,4.39
14589,4.507650701561288
14590,9.579412675390321
14591,3.3299999999999996
14592,4.71
14593,3.565888727732254
14594,8.93
14595,2.9876507015612876
14596,0.61
14597,5.99
14598,4.029999999999999
14599,7.99
14600,6.56
14601,6.7299999999999995
14602,7.25
14603,6.901174649219356
14604,8.690000000000001
14605,4.49
14606,9.49
14607,9.999412675390321
14608,5.37
14609,8.28
14610,4.5
14611,9.290000000000001
14612,8.27
14613,6.890000000000001
14614,0.9800000000000001
14615,6.441761973829034
14616,1.62
14617,7.879999999999999
14618,7.58
14619,1.5699999999999996
14620,3.5799999999999996
14621,2.4899999999999998
14622,8.53
14623,9.999999999999998
14624,5.27
14625,8.58
14626,4.54
14627,6.499999999999999
14628,8.03
14629,5.12
14630,3.15
14631,7.348825350780643
14632,3.3999999999999995
14633,6.24
14634,4.479999999999999
14635,6.590000000000001
14636,6.459999999999999
14637,0.64
14638,6.62
14639,5.456476052341932
14640,4.61
14641,5.689999999999999
14642,4.16
14643,4.58
14644,8.69058732460968
14645,2.332364780074186
14646,4.49
14647,5.220000000000001
14648,6.7299999999999995
14649,2.67
14650,7.14
14651,6.9
14652,5.92
14653,1.03
14654,4.25
14655,6.2
14656,6.849999999999999
14657,4.629999999999999
14658,6.26
14659,5.970000000000001
14660,9.997650701561287
14661,5.15
14662,3.75
14663,5.479999999999999
14664,9.975888727732254
14665,7.840000000000001
14666,8.78
14667,2.7600000000000002
14668,8.870000000000001
14669,7.56
14670,4.9799999999999995
14671,7.69
14672,9.999999999999998
14673,6.379999999999999
14674,5.050000000000001
14675,6.55
14676,5.9399999999999995
14677,7.93
14678,0.8599999999999999
14679,7.35
14680,5.8999999999999995
14681,5.17
14682,4.24
14683,6.890000000000001
14684,3.67
14685,6.6499999999999995
14686,4.419999999999999
14687,8.0
14688,9.999999999999998
14689,4.58
14690,5.64
14691,3.71
14692,4.798238026170966
14693,6.970000000000001
14694,4.49
14695,9.59
14696,3.9399999999999995
14697,1.58
14698,9.479999999999999
14699,4.04
14700,3.773523947658068
14701,4.27
14702,6.699999999999999
14703,4.12
14704,4.99
14705,2.46
14706,3.5299999999999994
14707,0.71
14708,4.55
14709,4.5200000000000005
14710,5.64
14711,9.620000000000001
14712,6.3100000000000005
14713,4.789999999999999
14714,4.61
14715,6.527063376951609
14716,7.709999999999999
14717,5.09
14718,2.96
14719,5.26
14720,6.5299999999999985
14721,5.67
14722,8.790000000000001
14723,2.9299999999999997
14724,8.870000000000001
14725,7.29
14726,7.9799999999999995
14727,7.7700000000000005
14728,8.48
14729,3.1223492984387122
14730,4.45
14731,6.11
14732,3.6
14733,3.6399999999999997
14734,1.8999999999999997
14735,1.3900000000000001
14736,7.7299999999999995
14737,7.4399999999999995
14738,3.7999999999999994
14739,2.82
14740,1.2217437771163007e-19
14741,6.890000000000001
14742,8.24
14743,1.0676799351082216e-19
14744,5.92
14745,5.62
14746,6.4399999999999995
14747,9.999999999999998
14748,6.08
14749,4.96
14750,9.31
14751,2.83
14752,9.549999999999999
14753,4.29
14754,7.62
14755,4.3100000000000005
14756,4.0600000000000005
14757,6.58
14758,8.07
14759,5.319999999999999
14760,5.55
14761,7.31
14762,2.84
14763,7.040000000000001
14764,9.52
14765,1.3
14766,1.4
14767,6.83
14768,6.34
14769,6.9799999999999995
14770,8.08
14771,4.779999999999999
14772,4.2
14773,5.34
14774,5.26
14775,3.56
14776,9.02
14777,6.499999999999999
14778,3.84
14779,7.459999999999999
14780,4.65
14781,4.99
14782,8.940000000000001
14783,8.03
14784,7.18
14785,8.27
14786,8.03
14787,7.76293662304839
14788,5.15
14789,6.08
14790,9.14
14791,6.590000000000001
14792,4.85
14793,4.05
14794,1.47
14795,9.090000000000002
14796,7.779999999999999
14797,8.209999999999999
14798,6.4799999999999995
14799,4.689999999999999
14800,8.909999999999998
14801,3.8200000000000003
14802,1.1199999999999999
14803,8.01
14804,5.62
14805,8.41
14806,6.06
14807,4.2299999999999995
14808,8.209999999999999
14809,5.04
14810,7.659999999999999
14811,6.5299999999999985
14812,8.07
14813,0.64
14814,5.45
14815,6.51
14816,5.59
14817,1.3599999999999999
14818,3.05
14819,4.029999999999999
14820,7.58
14821,5.08
14822,8.6
14823,6.1899999999999995
14824,5.45
14825,3.9411746492193553
14826,5.101761973829033
14827,6.119999999999999
14828,4.6
14829,7.079999999999999
14830,2.3600000000000003
14831,7.4399999999999995
14832,5.5
14833,8.33
14834,3.8499999999999996
14835,8.157650701561288
14836,5.1899999999999995
14837,5.58706337695161
14838,4.54
14839,5.46
14840,4.37
14841,1.9600000000000002
14842,4.479999999999999
14843,7.71706337695161
14844,0.06
14845,7.19
14846,9.559999999999999
14847,6.92
14848,6.1899999999999995
14849,7.279999999999999
14850,5.329999999999999
14851,9.49
14852,2.67
14853,8.83
14854,7.57
14855,3.5399999999999996
14856,5.41
14857,4.39
14858,6.890000000000001
14859,3.8299999999999996
14860,4.41
14861,5.26
14862,3.5200000000000005
14863,6.799999999999999
14864,6.799999999999999
14865,9.360587324609677
14866,6.029999999999999
14867,4.8100000000000005
14868,6.640000000000001
14869,4.38
14870,4.91
14871,8.290000000000001
14872,5.89
14873,5.789412675390322
14874,6.2299999999999995
14875,2.17
14876,4.4911746492193565
14877,6.2299999999999995
14878,6.590000000000001
14879,9.479999999999999
14880,3.12
14881,6.890000000000001
14882,2.73
14883,7.13
14884,5.029999999999999
14885,4.32
14886,7.018825350780645
14887,3.9299999999999997
14888,8.75
14889,9.999999999999998
14890,2.06
14891,7.62
14892,2.6100000000000003
14893,5.220000000000001
14894,7.121174649219356
14895,7.19
14896,4.51
14897,7.0811746492193555
14898,4.2
14899,3.13
14900,6.34
14901,8.920587324609677
14902,5.3100000000000005
14903,7.140587324609678
14904,4.37
14905,6.888238026170966
14906,9.65
14907,5.38
14908,5.99
14909,3.97
14910,6.640000000000001
14911,6.680000000000001
14912,5.3
14913,9.31
14914,4.15
14915,7.72
14916,5.58
14917,7.92
14918,3.13
14919,5.55
14920,7.0
14921,3.6799999999999997
14922,6.5299999999999985
14923,6.959999999999998
14924,6.75
14925,7.26
14926,1.78
14927,4.49
14928,6.740000000000001
14929,7.5417619738290345
14930,3.5399999999999996
14931,6.95
14932,7.37
14933,9.3
14934,9.995301403122575
14935,3.76
14936,6.76
14937,4.970000000000001
14938,4.86706337695161
14939,6.76
14940,7.69
14941,9.999999999999998
14942,6.25
14943,9.97
14944,0.29
14945,9.559999999999999
14946,8.78
14947,6.119999999999999
14948,7.090000000000001
14949,5.43
14950,9.96706337695161
14951,7.13
14952,8.459999999999999
14953,5.5200000000000005
14954,4.029999999999999
14955,4.9
14956,5.159999999999999
14957,7.599999999999999
14958,8.6
14959,5.279999999999999
14960,2.7
14961,5.83
14962,1.73
14963,7.95
14964,7.24
14965,4.220000000000001
14966,5.62
14967,6.56
14968,0.8300000000000001
14969,9.999999999999998
14970,5.92
14971,9.129999999999999
14972,6.779999999999999
14973,5.42
14974,5.66
14975,7.26
14976,5.4
14977,5.06
14978,4.970000000000001
14979,6.329999999999999
14980,2.3699999999999997
14981,5.0200000000000005
14982,8.09
14983,7.72
14984,7.05
14985,4.24
14986,7.209999999999999
14987,6.3
14988,3.0
14989,8.620000000000001
14990,4.3
14991,7.809999999999999
14992,5.64
14993,3.5200000000000005
14994,5.5299999999999985
14995,7.19
14996,7.409999999999999
14997,7.6099999999999985
14998,7.3
14999,5.799999999999999
15000,5.470000000000001
15001,5.75
15002,6.51
15003,4.294111272267746
15004,9.129999999999999
15005,7.18
15006,7.640000000000001
15007,4.59
15008,7.72
15009,5.46
15010,2.43
15011,5.92
15012,4.3100000000000005
15013,5.59
15014,9.5
15015,8.53
15016,3.9
15017,3.8899999999999997
15018,3.84
15019,5.45
15020,3.3899999999999997
15021,9.05
15022,7.855285921487101
15023,6.56
15024,6.3100000000000005
15025,8.138238026170965
15026,7.2
15027,6.14
15028,8.790000000000001
15029,4.88
15030,9.999999999999998
15031,6.670587324609678
15032,7.31
15033,6.11
15034,6.37
15035,6.57
15036,5.14
15037,3.28
15038,8.36
15039,5.4399999999999995
15040,7.9799999999999995
15041,5.12
15042,6.851174649219355
15043,9.18
15044,3.61
15045,7.540000000000001
15046,3.1
15047,5.970000000000001
15048,1.8199999999999998
15049,1.226184784114216e-19
15050,9.2
15051,4.0600000000000005
15052,5.7299999999999995
15053,5.37
15054,9.999999999999998
15055,9.997650701561287
15056,6.7700000000000005
15057,8.316476052341931
15058,7.35
15059,6.489999999999999
15060,7.0
15061,5.148238026170966
15062,5.209999999999999
15063,7.009999999999999
15064,5.1899999999999995
15065,7.890000000000001
15066,5.95
15067,7.55
15068,7.24
15069,2.2399999999999998
15070,6.58
15071,7.57
15072,6.809999999999999
15073,7.82
15074,4.8100000000000005
15075,6.7299999999999995
15076,7.409999999999999
15077,7.9799999999999995
15078,5.7
15079,8.78
15080,5.35
15081,6.220000000000001
15082,6.699999999999999
15083,6.18
15084,1.9699999999999998
15085,6.55
15086,6.959999999999998
15087,5.970000000000001
15088,8.27
15089,8.05
15090,9.45
15091,2.9499999999999997
15092,6.14
15093,3.02
15094,3.74
15095,6.3100000000000005
15096,9.999999999999998
15097,6.499999999999999
15098,7.470000000000001
15099,5.470000000000001
15100,6.4399999999999995
15101,8.67
15102,8.16
15103,7.13
15104,5.55
15105,2.7399999999999998
15106,5.220000000000001
15107,7.390000000000001
15108,7.24
15109,3.76706337695161
15110,5.99
15111,7.500587324609678
15112,3.75
15113,4.96
15114,5.85
15115,6.068238026170966
15116,5.539999999999999
15117,6.4
15118,5.279999999999999
15119,7.18
15120,7.56
15121,3.4399999999999995
15122,7.169999999999999
15123,3.24
15124,7.790000000000001
15125,9.42
15126,8.51
15127,5.689999999999999
15128,5.29
15129,8.709999999999999
15130,9.81
15131,9.690000000000001
15132,5.95
15133,5.131761973829033
15134,8.16
15135,7.3
15136,5.35
15137,5.29
15138,7.869999999999999
15139,5.6
15140,9.616981452442418e-20
15141,9.39
15142,5.34
15143,4.38
15144,6.11
15145,2.33
15146,6.909999999999999
15147,6.36
15148,8.02
15149,7.279999999999999
15150,3.7199999999999998
15151,5.970000000000001
15152,5.13
15153,4.9799999999999995
15154,5.55
15155,7.19
15156,4.51
15157,4.04
15158,7.6099999999999985
15159,7.459999999999999
15160,1.6
15161,1.42
15162,7.2
15163,1.5140770501451768e-19
15164,3.04
15165,5.159999999999999
15166,2.91
15167,4.470000000000001
15168,8.040000000000001
15169,5.319999999999999
15170,3.8499999999999996
15171,7.5
15172,9.999999999999998
15173,6.599999999999999
15174,7.379999999999999
15175,6.7299999999999995
15176,5.799999999999999
15177,3.29
15178,5.24
15179,3.2299999999999995
15180,9.129999999999999
15181,6.72
15182,4.999999999999999
15183,9.34
15184,2.17
15185,7.069999999999999
15186,3.9899999999999998
15187,5.58
15188,6.56
15189,5.82
15190,7.56
15191,9.59
15192,2.7699999999999996
15193,5.87
15194,6.93
15195,4.9799999999999995
15196,2.23
15197,7.43
15198,5.2
15199,6.69
15200,9.999999999999998
15201,3.86
15202,3.0823492984387117
15203,2.31
15204,5.069999999999999
15205,5.45
15206,4.7
15207,8.120000000000001
15208,2.81
15209,6.34
15210,2.71
15211,4.86
15212,8.03
15213,6.25
15214,8.60234929843871
15215,7.93
15216,4.689999999999999
15217,2.38
15218,6.220000000000001
15219,3.7299999999999995
15220,2.35
15221,8.909999999999998
15222,8.37
15223,5.1899999999999995
15224,6.4399999999999995
15225,4.96
15226,5.85
15227,7.540000000000001
15228,2.1399999999999997
15229,9.59
15230,3.5299999999999994
15231,9.107650701561289
15232,5.7700000000000005
15233,3.63
15234,7.040000000000001
15235,8.02
15236,8.02
15237,4.8100000000000005
15238,2.71
15239,7.76
15240,9.3
15241,4.32
15242,2.35
15243,2.98
15244,3.8299999999999996
15245,6.869999999999999
15246,7.909999999999998
15247,7.169999999999999
15248,3.15
15249,5.66
15250,9.52
15251,8.83
15252,5.069999999999999
15253,7.57
15254,7.379999999999999
15255,2.48
15256,3.07
15257,1.3
15258,6.009999999999999
15259,4.6
15260,6.640000000000001
15261,6.3
15262,5.46
15263,6.57
15264,5.55
15265,0.06999999999999995
15266,5.4399999999999995
15267,3.6899999999999995
15268,4.6
15269,5.970000000000001
15270,7.55
15271,1.7953014031225762
15272,8.940000000000001
15273,5.04
15274,2.1
15275,9.18
15276,4.25
15277,8.5
15278,5.57
15279,2.32
15280,8.325888727732254
15281,8.290000000000001
15282,9.999999999999998
15283,5.76
15284,6.69
15285,6.99
15286,2.7399999999999998
15287,5.08
15288,8.8
15289,5.92
15290,4.59
15291,5.62
15292,6.11
15293,8.766561136831912e-20
15294,6.7299999999999995
15295,7.0888253507806445
15296,3.8899999999999997
15297,7.657650701561288
15298,1.55
15299,5.65
15300,7.379999999999999
15301,8.940000000000001
15302,6.08
15303,7.409999999999999
15304,7.449999999999999
15305,9.46
15306,7.43
15307,9.08
15308,5.95
15309,2.42
15310,9.49
15311,6.08
15312,4.9799999999999995
15313,7.48
15314,4.9799999999999995
15315,4.4399999999999995
15316,7.31
15317,3.3999999999999995
15318,4.11
15319,6.709999999999999
15320,6.009999999999999
15321,6.76
15322,4.93
15323,7.470000000000001
15324,9.999999999999998
15325,2.4899999999999998
15326,7.279999999999999
15327,8.309999999999999
15328,6.499999999999999
15329,9.999999999999998
15330,3.0599999999999996
15331,8.92
15332,5.88
15333,4.58
15334,4.75
15335,4.64
15336,7.32
15337,5.1
15338,5.42
15339,4.84
15340,2.96
15341,3.9399999999999995
15342,3.97
15343,5.029999999999999
15344,4.1
15345,5.26
15346,7.58
15347,4.38
15348,5.7299999999999995
15349,7.6099999999999985
15350,7.13
15351,6.790000000000002
15352,4.04
15353,5.220000000000001
15354,1.9600000000000002
15355,8.64
15356,5.42
15357,8.459999999999999
15358,7.58
15359,7.56
15360,7.13
15361,6.04
15362,3.8899999999999997
15363,1.0
15364,4.38
15365,6.970000000000001
15366,6.14
15367,7.449999999999999
15368,5.43
15369,5.61706337695161
15370,1.54
15371,4.779999999999999
15372,1.21
15373,5.11
15374,1.24
15375,7.42
15376,7.34
15377,5.009999999999999
15378,3.8200000000000003
15379,5.62
15380,8.47
15381,6.82
15382,7.92
15383,1.2910303671543572e-19
15384,6.82
15385,6.14
15386,9.89
15387,2.05
15388,7.63
15389,9.99
15390,4.418825350780644
15391,6.34
15392,2.1811116917301676e-19
15393,6.58
15394,2.7600000000000002
15395,6.859999999999999
15396,4.66
15397,5.99
15398,3.05
15399,3.1394126753903215
15400,8.040000000000001
15401,0.9503086551711378
15402,5.89
15403,6.16
15404,8.16
15405,7.959999999999998
15406,8.08
15407,6.4
15408,3.3011746492193557
15409,2.44
15410,7.19
15411,8.209999999999999
15412,6.009999999999999
15413,8.309999999999999
15414,3.3400000000000003
15415,4.29
15416,3.9200000000000004
15417,8.648238026170967
15418,8.16
15419,6.220000000000001
15420,6.9799999999999995
15421,9.999412675390321
15422,2.050587324609678
15423,1.6999999999999997
15424,8.52
15425,1.16
15426,7.48
15427,9.290000000000001
15428,7.69
15429,9.259999999999998
15430,5.49
15431,3.0
15432,7.059999999999999
15433,5.739999999999999
15434,6.869999999999999
15435,3.479999999999999
15436,8.03
15437,5.810587324609679
15438,6.25
15439,8.27
15440,5.159999999999999
15441,7.75
15442,4.17
15443,8.690000000000001
15444,5.36
15445,7.1
15446,4.689999999999999
15447,3.01
15448,4.35
15449,8.05
15450,4.419999999999999
15451,1.0630001911604973e-19
15452,6.24
15453,5.5
15454,4.08
15455,9.45
15456,6.4764760523419325
15457,9.83
15458,2.9299999999999997
15459,9.16
15460,5.029999999999999
15461,7.83
15462,1.1849218638707795e-19
15463,5.42
15464,4.789999999999999
15465,8.14
15466,8.72
15467,8.809999999999999
15468,4.87
15469,4.09
15470,4.679999999999999
15471,5.26
15472,7.109999999999999
15473,6.24
15474,7.688825350780644
15475,4.33
15476,5.479999999999999
15477,4.24
15478,7.279999999999999
15479,2.12
15480,7.48
15481,6.119999999999999
15482,5.38
15483,9.276373522404649e-20
15484,8.116460570706456
15485,6.869999999999999
15486,7.18
15487,7.169999999999999
15488,8.35
15489,7.5
15490,2.96
15491,4.401174649219356
15492,3.56
15493,4.07
15494,4.2299999999999995
15495,5.95
15496,9.17
15497,3.9
15498,4.87
15499,5.27
15500,7.869999999999999
15501,5.479999999999999
15502,8.38765070156129
15503,6.1
15504,6.287650701561288
15505,4.2299999999999995
15506,8.440000000000001
15507,6.599999999999999
15508,9.68
15509,4.36
15510,5.95
15511,4.32
15512,1.95
15513,5.24
15514,3.9200000000000004
15515,9.86
15516,3.1
15517,7.459999999999999
15518,7.69
15519,7.7188253507806435
15520,0.19
15521,3.84
15522,3.03
15523,4.220000000000001
15524,3.1
15525,8.25
15526,4.25
15527,8.64
15528,3.1399999999999992
15529,8.22
15530,3.38
15531,3.81
15532,1.52
15533,8.32
15534,6.43
15535,5.470000000000001
15536,5.8999999999999995
15537,4.38
15538,6.29
15539,5.6
15540,8.97
15541,8.3
15542,3.9899999999999998
15543,4.66
15544,4.6
15545,3.78
15546,2.88
15547,5.38
15548,8.27
15549,2.88
15550,8.17
15551,9.440000000000001
15552,3.979999999999999
15553,4.41
15554,8.24
15555,4.5200000000000005
15556,4.789999999999999
15557,2.6100000000000003
15558,2.15
15559,7.079999999999999
15560,9.99
15561,8.018825350780643
15562,6.609999999999999
15563,4.89
15564,8.0852859214871
15565,4.27
15566,5.329999999999999
15567,9.479999999999999
15568,6.63
15569,5.3
15570,8.839999999999998
15571,4.67
15572,6.21
15573,6.15
15574,7.15
15575,2.3899999999999997
15576,4.88
15577,9.87
15578,5.82
15579,7.159999999999999
15580,3.96
15581,5.29
15582,4.58
15583,2.7600000000000002
15584,1.66
15585,2.0
15586,6.9
15587,4.37
15588,7.970000000000001
15589,8.23
15590,7.4582380261709655
15591,4.204698596877424
15592,4.789999999999999
15593,4.76
15594,7.659999999999999
15595,7.95
15596,5.49
15597,7.659999999999999
15598,5.49
15599,9.0
15600,5.7299999999999995
15601,6.08
15602,5.4399999999999995
15603,9.42
15604,7.790000000000001
15605,2.12
15606,6.2
15607,0.1
15608,7.492349298438712
15609,8.14
15610,5.050000000000001
15611,1.2355976698622088e-19
15612,4.45
15613,3.65
15614,5.76
15615,8.290000000000001
15616,5.65
15617,4.15
15618,4.49
15619,7.079999999999999
15620,6.62
15621,3.13
15622,8.129999999999999
15623,1.55
15624,5.4399999999999995
15625,8.92
15626,0.48
15627,2.98
15628,9.1
15629,5.34
15630,3.2999999999999994
15631,4.279999999999999
15632,3.31
15633,2.67
15634,6.82
15635,2.7699999999999996
15636,5.93
15637,1.1629665327137724e-19
15638,5.2299999999999995
15639,8.15
15640,8.23
15641,7.709999999999999
15642,6.06
15643,5.95
15644,9.03
15645,5.799999999999999
15646,4.64
15647,4.51
15648,5.24
15649,6.879999999999999
15650,6.599999999999999
15651,7.009999999999999
15652,3.9399999999999995
15653,6.0200000000000005
15654,3.13
15655,7.25
15656,3.996476052341932
15657,4.64
15658,3.4200000000000004
15659,8.36
15660,6.92
15661,8.5
15662,4.12
15663,5.2
15664,8.42
15665,9.25
15666,9.578835949909877e-20
15667,6.11
15668,5.720000000000001
15669,6.3
15670,0.3299999999999999
15671,7.169999999999999
15672,5.37
15673,8.36
15674,4.17
15675,8.790000000000001
15676,7.76
15677,2.7600000000000002
15678,7.4399999999999995
15679,5.08
15680,5.069999999999999
15681,5.59
15682,5.009999999999999
15683,6.680000000000001
15684,4.4399999999999995
15685,1.35
15686,5.51
15687,2.575935172638678
15688,7.323523947658067
15689,4.689999999999999
15690,4.99
15691,7.0299999999999985
15692,8.85
15693,4.0600000000000005
15694,5.13
15695,1.47
15696,3.2999999999999994
15697,9.28
15698,4.61
15699,8.41
15700,8.059999999999999
15701,5.82
15702,7.6499999999999995
15703,7.32
15704,5.1
15705,4.65
15706,6.2
15707,6.1
15708,3.13
15709,7.82
15710,6.83
15711,7.169999999999999
15712,3.979999999999999
15713,7.159999999999999
15714,4.470000000000001
15715,1.63
15716,6.890000000000001
15717,8.01
15718,3.6399999999999997
15719,4.529999999999999
15720,6.32
15721,6.99
15722,7.12
15723,8.879999999999999
15724,0.6900000000000001
15725,6.34
15726,5.68
15727,3.3700000000000006
15728,5.75
15729,9.997063376951608
15730,6.39
15731,4.970000000000001
15732,4.55
15733,5.46
15734,2.75
15735,1.3
15736,5.41
15737,4.223523947658069
15738,4.970000000000001
15739,4.55
15740,1.3
15741,3.1399999999999992
15742,7.489999999999999
15743,4.34
15744,9.03
15745,7.599999999999999
15746,1.3199999999999998
15747,7.779999999999999
15748,5.14
15749,7.379999999999999
15750,6.470000000000001
15751,0.72
15752,4.71
15753,8.3
15754,4.4
15755,4.321761973829035
15756,2.8600000000000003
15757,5.62
15758,5.1899999999999995
15759,8.909999999999998
15760,5.13
15761,7.1
15762,3.45
15763,4.66
15764,4.86
15765,4.59
15766,4.279999999999999
15767,2.35
15768,9.77
15769,4.05
15770,4.4399999999999995
15771,5.5
15772,4.3100000000000005
15773,8.733523947658067
15774,0.05
15775,5.92
15776,8.68
15777,6.2
15778,7.848238026170965
15779,5.38
15780,5.18
15781,9.97
15782,2.0
15783,7.3
15784,3.21
15785,7.7700000000000005
15786,3.286476052341932
15787,5.539999999999999
15788,6.17
15789,7.090000000000001
15790,4.7
15791,5.49
15792,3.5299999999999994
15793,7.26
15794,6.11
15795,6.659999999999999
15796,4.4
15797,8.309999999999999
15798,5.79
15799,5.17
15800,6.63
15801,3.47
15802,6.009999999999999
15803,1.9600000000000002
15804,7.3494126753903215
15805,2.31
15806,2.3399999999999994
15807,7.449999999999999
15808,7.37293662304839
15809,8.190000000000001
15810,1.6700000000000002
15811,3.26
15812,5.5200000000000005
15813,7.551761973829034
15814,3.3499999999999996
15815,5.15
15816,6.11
15817,6.27
15818,7.079999999999999
15819,3.4988253507806437
15820,7.359999999999999
15821,5.0200000000000005
15822,6.9
15823,4.32
15824,4.91
15825,8.51
15826,7.009999999999999
15827,3.6
15828,3.9200000000000004
15829,6.3100000000000005
15830,4.739999999999999
15831,6.779999999999999
15832,4.470000000000001
15833,5.799999999999999
15834,7.95
15835,8.51
15836,6.069999999999999
15837,1.9758887277322543
15838,4.84
15839,5.67
15840,7.879999999999999
15841,6.15
15842,5.09
15843,3.59
15844,6.510587324609678
15845,5.141761973829033
15846,1.2377426608510222e-19
15847,1.7006416637421171e-19
15848,3.76
15849,9.6
15850,9.001761973829034
15851,6.155888727732254
15852,8.57
15853,6.09
15854,7.390000000000001
15855,5.57
15856,8.37
15857,9.94
15858,9.997650701561287
15859,1.22
15860,6.7700000000000005
15861,9.02
15862,7.25
15863,9.37
15864,7.959999999999998
15865,8.4
15866,8.97
15867,7.709999999999999
15868,6.0
15869,3.76
15870,3.15
15871,9.379999999999999
15872,5.26
15873,4.82
15874,0.8300000000000001
15875,7.169999999999999
15876,9.22
15877,2.0
15878,6.459999999999999
15879,8.538825350780643
15880,7.040000000000001
15881,6.21
15882,8.26
15883,9.999999999999998
15884,7.94
15885,4.11
15886,5.39
15887,9.02
15888,6.1899999999999995
15889,5.069999999999999
15890,6.4399999999999995
15891,6.885301403122576
15892,6.009999999999999
15893,6.25
15894,2.88
15895,9.999999999999998
15896,5.779999999999999
15897,2.63
15898,8.0
15899,7.95
15900,1.9699999999999998
15901,7.43
15902,5.61
15903,8.83
15904,4.43
15905,3.87
15906,9.76
15907,7.83
15908,7.33
15909,8.27
15910,3.97
15911,6.741761973829035
15912,6.3100000000000005
15913,5.06
15914,7.909999999999998
15915,6.09
15916,9.290000000000001
15917,8.059999999999999
15918,8.129999999999999
15919,5.8999999999999995
15920,5.11
15921,6.26
15922,5.36
15923,4.08
15924,3.4200000000000004
15925,7.55
15926,3.61
15927,8.99
15928,3.3400000000000003
15929,5.99
15930,7.75
15931,8.3
15932,3.479999999999999
15933,7.529999999999999
15934,4.88
15935,4.723523947658069
15936,4.59
15937,5.58
15938,6.680000000000001
15939,8.379999999999999
15940,4.51
15941,8.11
15942,4.419999999999999
15943,2.2399999999999998
15944,2.7735394292935425
15945,9.259999999999998
15946,3.6
15947,7.840000000000001
15948,9.51
15949,5.720000000000001
15950,7.209999999999999
15951,6.659999999999999
15952,2.8
15953,8.709999999999999
15954,5.8999999999999995
15955,3.28
15956,4.6
15957,6.63
15958,4.49
15959,2.2600000000000002
15960,7.55
15961,5.5600000000000005
15962,6.56
15963,3.05
15964,6.5299999999999985
15965,2.62
15966,1.8199999999999998
15967,1.6700000000000002
15968,4.54
15969,6.4399999999999995
15970,9.59
15971,4.779999999999999
15972,9.997650701561287
15973,5.720000000000001
15974,9.999999999999998
15975,5.4
15976,5.42
15977,9.22
15978,3.28
15979,3.7452859214871017
15980,4.67
15981,1.0636981858263448e-19
15982,7.99
15983,3.26
15984,9.190000000000001
15985,7.640000000000001
15986,7.9799999999999995
15987,4.15
15988,8.73
15989,7.2
15990,4.5200000000000005
15991,9.479999999999999
15992,7.13
15993,6.0200000000000005
15994,7.229999999999999
15995,1.3699999999999999
15996,8.040000000000001
15997,1.94
15998,4.86
15999,9.77
16000,6.08
16001,5.88
16002,6.859999999999999
16003,4.133894529371103
16004,6.109412675390322
16005,7.3
16006,5.96
16007,3.28
16008,2.1399999999999997
16009,5.739999999999999
16010,7.489999999999999
16011,4.85
16012,6.709999999999999
16013,9.24
16014,3.61
16015,8.92
16016,6.36
16017,6.82
16018,2.6399999999999997
16019,7.669999999999999
16020,4.7299999999999995
16021,8.95
16022,4.25
16023,7.63
16024,0.42999999999999994
16025,5.720000000000001
16026,5.57
16027,0.25
16028,7.1
16029,4.4399999999999995
16030,8.83
16031,4.92
16032,9.02
16033,6.961761973829033
16034,6.1
16035,5.57
16036,4.64
16037,5.99
16038,5.82
16039,7.540000000000001
16040,2.19
16041,4.82
16042,1.3699999999999999
16043,3.9899999999999998
16044,2.7600000000000002
16045,5.720000000000001
16046,7.009999999999999
16047,8.78
16048,5.050000000000001
16049,8.174111272267746
16050,3.96
16051,7.31
16052,6.36
16053,8.440000000000001
16054,9.579999999999998
16055,6.7299999999999995
16056,8.85
16057,5.689999999999999
16058,4.470000000000001
16059,5.29293662304839
16060,2.2399999999999998
16061,5.468825350780644
16062,7.779999999999999
16063,3.9399999999999995
16064,4.479999999999999
16065,8.7
16066,7.459999999999999
16067,5.75
16068,6.1899999999999995
16069,8.607650701561287
16070,4.8100000000000005
16071,4.59
16072,6.83
16073,1.273640915527968e-19
16074,7.0299999999999985
16075,5.159999999999999
16076,9.23
16077,6.659999999999999
16078,3.13
16079,7.33
16080,5.58
16081,3.09
16082,6.05
16083,5.883523947658068
16084,9.02
16085,5.5600000000000005
16086,5.3100000000000005
16087,7.12
16088,4.4
16089,5.88
16090,6.909999999999999
16091,4.13
16092,7.169999999999999
16093,4.9399999999999995
16094,1.9988098691451692
16095,6.1899999999999995
16096,4.949999999999999
16097,7.450587324609677
16098,7.43
16099,5.62
16100,6.709999999999999
16101,5.25
16102,6.3
16103,3.3899999999999997
16104,1.8817619738290339
16105,7.55
16106,4.38
16107,7.0200000000000005
16108,0.5700000000000001
16109,7.497650701561288
16110,4.91
16111,6.0200000000000005
16112,5.26
16113,8.07
16114,3.8899999999999997
16115,9.999999999999998
16116,4.5200000000000005
16117,7.56
16118,6.54
16119,3.423343891968882
16120,3.3200000000000003
16121,3.5299999999999994
16122,9.98412675390322
16123,9.190000000000001
16124,7.6099999999999985
16125,4.3
16126,3.08
16127,4.82
16128,6.599999999999999
16129,5.13
16130,7.879999999999999
16131,6.21
16132,3.6399999999999997
16133,4.93
16134,9.45
16135,8.4
16136,9.999999999999998
16137,7.640000000000001
16138,6.25
16139,4.84
16140,4.679999999999999
16141,7.529999999999999
16142,6.009999999999999
16143,7.31
16144,6.63
16145,6.05
16146,6.740000000000001
16147,4.857650701561289
16148,3.47
16149,5.859999999999999
16150,7.379412675390322
16151,6.361174649219356
16152,2.5799999999999996
16153,5.89
16154,8.43
16155,3.55
16156,2.79
16157,5.11
16158,2.94
16159,9.999412675390321
16160,8.39
16161,1.42
16162,4.970000000000001
16163,1.88
16164,7.879999999999999
16165,3.0
16166,7.37
16167,8.559999999999999
16168,8.318238026170967
16169,5.62
16170,3.8200000000000003
16171,6.14
16172,9.999999999999998
16173,5.069999999999999
16174,8.690000000000001
16175,6.36
16176,7.62
16177,4.58
16178,6.029999999999999
16179,6.45
16180,6.859999999999999
16181,5.24
16182,0.64
16183,9.999999999999998
16184,5.93
16185,2.7199999999999998
16186,4.54
16187,7.8
16188,4.220000000000001
16189,7.0200000000000005
16190,5.009999999999999
16191,5.279999999999999
16192,9.03
16193,5.25
16194,4.76
16195,9.995888727732254
16196,5.4399999999999995
16197,4.21
16198,7.25
16199,2.48
16200,7.9799999999999995
16201,5.67
16202,7.279999999999999
16203,7.928825350780643
16204,7.56
16205,7.43
16206,9.999999999999998
16207,5.0200000000000005
16208,6.3100000000000005
16209,1.1199999999999999
16210,6.09
16211,5.8999999999999995
16212,3.4399999999999995
16213,3.9399999999999995
16214,7.489999999999999
16215,6.95
16216,7.040000000000001
16217,0.9800000000000001
16218,7.279999999999999
16219,6.995888727732254
16220,4.452349298438712
16221,9.07
16222,5.39
16223,8.48
16224,6.470000000000001
16225,8.69058732460968
16226,8.18
16227,5.15
16228,6.7299999999999995
16229,7.55
16230,6.16
16231,7.069999999999999
16232,3.1399999999999992
16233,7.52
16234,5.82
16235,3.7
16236,7.82
16237,8.190000000000001
16238,4.279999999999999
16239,8.03
16240,8.9
16241,9.999999999999998
16242,3.24
16243,7.809999999999999
16244,4.13
16245,7.109999999999999
16246,7.959999999999998
16247,3.74
16248,9.74
16249,7.0811746492193555
16250,8.47
16251,5.799999999999999
16252,6.05
16253,5.618825350780644
16254,4.66
16255,9.997063376951608
16256,3.75
16257,5.62
16258,1.93
16259,5.82
16260,3.56
16261,7.62
16262,5.46
16263,5.859999999999999
16264,5.720000000000001
16265,6.93
16266,3.12
16267,6.973539429293542
16268,5.871761973829034
16269,5.8999999999999995
16270,9.51
16271,2.3399999999999994
16272,5.35
16273,6.379999999999999
16274,5.279999999999999
16275,4.57
16276,6.83
16277,7.94
16278,4.689999999999999
16279,4.029999999999999
16280,8.2
16281,7.669999999999999
16282,2.4999999999999996
16283,6.3100000000000005
16284,6.680000000000001
16285,7.85
16286,7.890000000000001
16287,5.009999999999999
16288,3.45
16289,4.41
16290,8.27
16291,2.47
16292,7.13
16293,5.35
16294,8.98
16295,6.3100000000000005
16296,2.9899999999999998
16297,4.59
16298,4.05
16299,3.36
16300,4.1899999999999995
16301,4.27
16302,7.218825350780644
16303,4.65
16304,7.355285921487101
16305,4.9
16306,7.5
16307,2.97
16308,7.059999999999999
16309,5.279999999999999
16310,4.9799999999999995
16311,5.58
16312,5.799999999999999
16313,4.419999999999999
16314,2.19
16315,1.2214268002195207e-19
16316,2.44
16317,6.4799999999999995
16318,5.7700000000000005
16319,9.999999999999998
16320,8.75
16321,6.869999999999999
16322,1.0422686251797366e-19
16323,7.31
16324,8.585888727732254
16325,6.9
16326,6.34
16327,8.65
16328,2.57
16329,5.91
16330,6.39
16331,4.98706337695161
16332,9.76412675390322
16333,8.85
16334,4.13
16335,2.8899999999999997
16336,4.38
16337,6.09
16338,7.0200000000000005
16339,7.82
16340,2.3
16341,6.1899999999999995
16342,8.17
16343,9.83
16344,5.0782380261709665
16345,9.190000000000001
16346,4.0
16347,4.33
16348,5.17
16349,6.869999999999999
16350,7.92
16351,6.590000000000001
16352,3.08
16353,3.62
16354,1.093691318562938e-19
16355,6.36
16356,8.290000000000001
16357,7.229999999999999
16358,7.159999999999999
16359,5.65
16360,5.09
16361,5.59
16362,6.747650701561288
16363,3.12
16364,7.94
16365,9.28
16366,4.29
16367,3.2
16368,5.319999999999999
16369,5.15
16370,9.999999999999998
16371,6.799999999999999
16372,3.36
16373,4.479999999999999
16374,5.39
16375,3.66
16376,5.3
16377,5.849412675390322
16378,3.7199999999999998
16379,8.76
16380,3.9200000000000004
16381,5.859999999999999
16382,3.56
16383,8.553569121945146e-20
16384,6.25
16385,7.978825350780643
16386,3.74
16387,9.68
16388,4.09
16389,0.22000000000000003
16390,5.57
16391,6.35
16392,8.26
16393,3.1100000000000003
16394,3.8200000000000003
16395,4.54
16396,8.41
16397,6.58
16398,7.57
16399,6.58
16400,7.229999999999999
16401,7.662349298438711
16402,9.82
16403,5.63
16404,9.72
16405,0.6
16406,4.7
16407,0.8
16408,1.16
16409,3.2
16410,2.27
16411,4.232349298438711
16412,7.409999999999999
16413,9.27
16414,5.82
16415,5.859999999999999
16416,5.159999999999999
16417,6.4399999999999995
16418,6.879999999999999
16419,5.82
16420,5.799999999999999
16421,7.4399999999999995
16422,0.3
16423,2.97
16424,8.39
16425,5.46
16426,5.970000000000001
16427,8.33
16428,5.2299999999999995
16429,3.78
16430,6.220000000000001
16431,4.3100000000000005
16432,9.440000000000001
16433,3.51
16434,5.1
16435,3.8499999999999996
16436,7.809999999999999
16437,9.328238026170967
16438,6.125888727732254
16439,4.679999999999999
16440,7.5
16441,7.31
16442,8.870000000000001
16443,1.7899999999999998
16444,8.379999999999999
16445,3.05
16446,2.9923492984387114
16447,7.974714078512898
16448,5.4399999999999995
16449,8.55
16450,8.3
16451,3.1100000000000003
16452,9.08
16453,9.999999999999998
16454,5.402349298438712
16455,4.46
16456,2.7199999999999998
16457,9.47
16458,1.98
16459,5.1899999999999995
16460,3.4399999999999995
16461,4.17293662304839
16462,2.7800000000000002
16463,5.970000000000001
16464,8.968238026170967
16465,2.88
16466,8.61
16467,1.6099999999999999
16468,5.825285921487102
16469,6.640000000000001
16470,6.659999999999999
16471,5.93
16472,3.27
16473,3.31
16474,7.7700000000000005
16475,2.98
16476,4.86
16477,5.739999999999999
16478,3.1899999999999995
16479,6.499999999999999
16480,2.2099999999999995
16481,3.927650701561288
16482,3.96
16483,2.4
16484,7.99
16485,7.449999999999999
16486,7.57
16487,8.58
16488,2.86293662304839
16489,7.85
16490,5.13
16491,8.54
16492,9.040000000000001
16493,2.8699999999999997
16494,7.590000000000002
16495,3.67
16496,7.75
16497,8.690000000000001
16498,1.7399999999999995
16499,8.40058732460968
16500,9.993539429293541
16501,7.4
16502,8.65
16503,8.93
16504,8.690000000000001
16505,1.69
16506,5.3100000000000005
16507,7.159999999999999
16508,6.94
16509,9.75
16510,7.791174649219356
16511,6.7299999999999995
16512,5.09
16513,8.76
16514,7.57
16515,5.539999999999999
16516,8.57
16517,9.120000000000001
16518,5.970000000000001
16519,3.45
16520,3.95
16521,8.459999999999999
16522,3.95
16523,1.26
16524,6.99
16525,9.73
16526,8.08
16527,1.8199999999999998
16528,9.059999999999999
16529,5.191174649219355
16530,5.689999999999999
16531,9.999999999999998
16532,2.3600000000000003
16533,5.06
16534,7.390000000000001
16535,2.81
16536,5.24
16537,8.82
16538,6.62
16539,9.129999999999999
16540,7.5
16541,4.35
16542,3.86
16543,8.61
16544,5.5
16545,0.5900000000000001
16546,4.689999999999999
16547,6.609999999999999
16548,5.62
16549,5.55
16550,7.640000000000001
16551,6.18
16552,4.76
16553,2.57
16554,6.379999999999999
16555,6.1
16556,4.5600000000000005
16557,4.999999999999999
16558,9.834698596877423
16559,6.39
16560,9.83
16561,3.3200000000000003
16562,9.999999999999998
16563,7.62
16564,0.96
16565,8.66
16566,5.62
16567,9.190000000000001
16568,4.4
16569,8.45
16570,4.35
16571,7.32293662304839
16572,8.620000000000001
16573,5.92
16574,9.7
16575,3.87
16576,9.999999999999998
16577,7.4399999999999995
16578,8.399412675390323
16579,8.32
16580,4.09
16581,5.25
16582,6.2299999999999995
16583,5.7
16584,9.57
16585,3.8499999999999996
16586,8.26
16587,5.15
16588,2.75
16589,7.2700000000000005
16590,7.489999999999999
16591,6.39
16592,6.790000000000002
16593,9.999999999999998
16594,7.14
16595,7.359999999999999
16596,7.5
16597,6.45
16598,1.8199999999999998
16599,2.7199999999999998
16600,7.0200000000000005
16601,7.909999999999998
16602,5.68
16603,1.2219675629599088e-19
16604,5.479999999999999
16605,2.3399999999999994
16606,4.27
16607,8.43234929843871
16608,1.98
16609,5.35
16610,9.49
16611,6.26
16612,2.81
16613,6.25
16614,1.4341267539032203
16615,7.959999999999998
16616,6.7700000000000005
16617,8.11
16618,6.34
16619,6.069999999999999
16620,3.76
16621,7.565285921487101
16622,8.16
16623,3.15
16624,6.06
16625,7.74
16626,5.756476052341932
16627,3.62
16628,9.05
16629,7.599999999999999
16630,5.029999999999999
16631,6.5200000000000005
16632,6.459999999999999
16633,7.26
16634,9.540000000000001
16635,6.329999999999999
16636,6.21
16637,5.85
16638,5.04
16639,3.31
16640,8.05
16641,4.6
16642,6.37
16643,4.27
16644,2.4999999999999996
16645,7.909999999999998
16646,7.19
16647,8.18
16648,9.59
16649,8.03
16650,9.997063376951608
16651,8.47
16652,4.27
16653,7.7700000000000005
16654,8.67
16655,4.1829366230483895
16656,6.95
16657,6.119999999999999
16658,7.761761973829034
16659,2.81
16660,4.32
16661,9.458825350780645
16662,5.2
16663,6.43
16664,6.4799999999999995
16665,3.9399999999999995
16666,7.13
16667,4.3100000000000005
16668,7.4399999999999995
16669,6.51
16670,7.29
16671,8.03
16672,4.470000000000001
16673,6.05
16674,5.799999999999999
16675,8.620000000000001
16676,9.14
16677,8.701174649219356
16678,4.7299999999999995
16679,5.319999999999999
16680,9.84
16681,5.37
16682,6.9729366230483905
16683,7.669999999999999
16684,5.5299999999999985
16685,7.8
16686,6.17
16687,4.488825350780645
16688,3.79
16689,5.12
16690,6.62
16691,4.720000000000001
16692,8.45
16693,6.4799999999999995
16694,6.76
16695,6.659999999999999
16696,5.539999999999999
16697,4.689999999999999
16698,4.46
16699,8.044714078512898
16700,3.91
16701,2.3899999999999997
16702,9.05
16703,6.72
16704,5.29
16705,5.92
16706,6.83
16707,7.209999999999999
16708,5.220000000000001
16709,6.37
16710,6.62
16711,6.5299999999999985
16712,6.1899999999999995
16713,9.65
16714,6.399412675390322
16715,5.58
16716,8.08
16717,7.32
16718,4.38
16719,9.997063376951608
16720,4.419999999999999
16721,2.5799999999999996
16722,8.459999999999999
16723,2.55
16724,4.1329042455647205
16725,3.897650701561288
16726,3.8299999999999996
16727,9.270587324609677
16728,1.08
16729,4.949999999999999
16730,4.789999999999999
16731,6.76
16732,7.9
16733,7.069999999999999
16734,5.41
16735,1.9699999999999998
16736,8.67
16737,5.41
16738,5.689999999999999
16739,7.659999999999999
16740,5.13
16741,8.37647605234193
16742,7.938840832416118
16743,1.42
16744,5.355541997189039
16745,8.33
16746,9.179412675390322
16747,2.4
16748,5.38
16749,8.14
16750,5.279999999999999
16751,7.409999999999999
16752,7.9799999999999995
16753,9.51
16754,8.75
16755,8.57
16756,9.57
16757,6.24
16758,5.46
16759,7.409999999999999
16760,3.3299999999999996
16761,5.65
16762,4.49
16763,4.84
16764,1.7600000000000002
16765,6.009999999999999
16766,2.98
16767,8.39
16768,5.7700000000000005
16769,8.78
16770,1.31
16771,9.27
16772,5.62
16773,4.11
16774,2.53
16775,8.47
16776,5.970000000000001
16777,4.09
16778,6.05
16779,7.0200000000000005
16780,5.5600000000000005
16781,4.05
16782,8.98
16783,5.46
16784,9.31
16785,6.271174649219356
16786,8.61
16787,1.56
16788,5.159999999999999
16789,8.67
16790,6.62
16791,7.7700000000000005
16792,9.994714078512898
16793,5.7700000000000005
16794,0.75
16795,4.29
16796,0.75
16797,6.459999999999999
16798,3.1399999999999992
16799,6.94
16800,9.999999999999998
16801,4.24
16802,7.33
16803,1.3876145009109481e-19
16804,7.098825350780643
16805,6.790000000000002
16806,6.58
16807,7.99
16808,3.108238026170967
16809,6.779999999999999
16810,7.74
16811,8.23
16812,5.61
16813,7.659999999999999
16814,7.229999999999999
16815,8.8
16816,7.48
16817,3.26
16818,3.09
16819,4.05
16820,3.8499999999999996
16821,4.5200000000000005
16822,4.618238026170966
16823,7.63
16824,7.18
16825,7.409999999999999
16826,7.493523947658067
16827,6.14
16828,6.76
16829,1.51
16830,3.6799999999999997
16831,6.08
16832,6.83
16833,7.278238026170966
16834,3.8200000000000003
16835,7.75
16836,5.8100000000000005
16837,3.55
16838,3.5200000000000005
16839,9.090000000000002
16840,7.069999999999999
16841,1.8599999999999999
16842,6.39
16843,4.54
16844,5.96
16845,3.5399999999999996
16846,7.0
16847,7.4
16848,7.35
16849,7.6099999999999985
16850,3.7999999999999994
16851,3.4770633769516093
16852,6.409999999999999
16853,4.39
16854,7.42
16855,8.3
16856,7.34
16857,9.45
16858,3.74
16859,6.9
16860,9.457063376951611
16861,9.02
16862,5.18
16863,4.51
16864,8.59
16865,9.997063376951608
16866,0.64
16867,9.999999999999998
16868,6.119999999999999
16869,7.409999999999999
16870,6.35
16871,5.57
16872,5.9799999999999995
16873,6.470000000000001
16874,4.91
16875,5.14
16876,0.16
16877,3.9899999999999998
16878,6.11
16879,5.25
16880,5.92
16881,9.32
16882,9.82
16883,9.995888727732254
16884,5.741761973829034
16885,7.449999999999999
16886,3.7
16887,4.7700000000000005
16888,5.8999999999999995
16889,6.445285921487101
16890,8.59
16891,3.62
16892,9.61
16893,8.709999999999999
16894,3.0599999999999996
16895,5.069999999999999
16896,6.13
16897,7.94
16898,7.069999999999999
16899,9.31
16900,8.01
16901,5.39
16902,5.24
16903,8.51
16904,9.949999999999998
16905,8.209999999999999
16906,4.15
16907,8.82
16908,7.76
16909,2.69
16910,6.959999999999998
16911,7.29
16912,0.09
16913,1.89
16914,8.809999999999999
16915,8.01
16916,3.0523492984387115
16917,5.84
16918,7.94
16919,4.24
16920,6.35
16921,4.89
16922,8.5
16923,5.515888727732254
16924,8.15
16925,9.51
16926,4.85
16927,1.9600000000000002
16928,2.98
16929,6.388825350780644
16930,5.1
16931,4.720000000000001
16932,3.84
16933,4.16
16934,8.52
16935,1.9600000000000002
16936,4.479999999999999
16937,8.51
16938,7.790000000000001
16939,2.09
16940,2.47
16941,5.38
16942,6.0200000000000005
16943,5.470000000000001
16944,6.09
16945,5.479999999999999
16946,5.64
16947,4.7082380261709655
16948,5.7
16949,4.4876507015612885
16950,6.890000000000001
16951,5.799999999999999
16952,4.4399999999999995
16953,5.2299999999999995
16954,7.55
16955,7.169999999999999
16956,7.040000000000001
16957,5.26
16958,1.6499999999999997
16959,2.19
16960,3.6899999999999995
16961,8.0
16962,3.3899999999999997
16963,3.9899999999999998
16964,9.17
16965,2.7600000000000002
16966,0.6
16967,6.29
16968,5.980587324609678
16969,9.998238026170965
16970,2.09
16971,7.359999999999999
16972,1.1199999999999999
16973,1.19
16974,2.5799999999999996
16975,9.64
16976,8.76
16977,8.27
16978,6.99
16979,3.66
16980,7.890000000000001
16981,2.59
16982,6.890000000000001
16983,6.25
16984,8.34293662304839
16985,4.231174649219356
16986,8.97
16987,4.99587324609678
16988,6.0
16989,3.29
16990,4.9399999999999995
16991,6.849999999999999
16992,6.55
16993,1.09
16994,7.1
16995,4.45
16996,9.998825350780644
16997,3.04
16998,5.55
16999,4.029999999999999
17000,6.7888253507806455
17001,6.790000000000002
17002,5.8100000000000005
17003,8.709999999999999
17004,8.300587324609678
17005,9.41
17006,6.67
17007,5.36
17008,4.720000000000001
17009,5.27
17010,2.4
17011,6.890000000000001
17012,5.18
17013,8.58
17014,6.379999999999999
17015,2.35
17016,5.96
17017,6.4799999999999995
17018,3.96
17019,5.470000000000001
17020,6.83
17021,4.45
17022,5.83
17023,7.74
17024,3.47
17025,6.1
17026,6.05
17027,8.18
17028,1.73
17029,2.4899999999999998
17030,7.229999999999999
17031,8.97
17032,3.6
17033,4.8
17034,6.27
17035,7.43
17036,8.959999999999997
17037,4.479999999999999
17038,2.8
17039,8.25
17040,6.959999999999998
17041,7.63
17042,4.57
17043,5.319999999999999
17044,5.8999999999999995
17045,7.37
17046,4.629999999999999
17047,9.999999999999998
17048,4.11
17049,9.995301403122575
17050,5.25
17051,8.01
17052,6.54706337695161
17053,6.92
17054,2.6617619738290337
17055,9.33
17056,4.14
17057,6.42
17058,8.440000000000001
17059,9.1
17060,6.869999999999999
17061,4.279999999999999
17062,3.3499999999999996
17063,5.62
17064,6.4799999999999995
17065,5.63
17066,4.7700000000000005
17067,7.0
17068,7.8
17069,7.599999999999999
17070,7.631174649219355
17071,8.23
17072,5.91
17073,6.959999999999998
17074,2.65
17075,6.58
17076,7.43
17077,8.78
17078,4.4
17079,5.18
17080,3.79
17081,6.0200000000000005
17082,7.971174649219357
17083,5.959412675390323
17084,7.809999999999999
17085,3.4200000000000004
17086,5.879523999598744e-20
17087,3.24
17088,6.3
17089,8.440000000000001
17090,7.667650701561287
17091,8.379999999999999
17092,6.609999999999999
17093,8.232349298438711
17094,3.09
17095,2.3399999999999994
17096,1.89
17097,0.36
17098,7.699999999999999
17099,3.41
17100,7.379999999999999
17101,9.1
17102,8.1852859214871
17103,3.76
17104,6.4799999999999995
17105,7.709999999999999
17106,6.499999999999999
17107,3.3200000000000003
17108,3.26
17109,8.99293662304839
17110,6.35
17111,4.1
17112,5.2299999999999995
17113,8.2
17114,8.67
17115,6.740000000000001
17116,7.37
17117,6.04
17118,8.079412675390321
17119,4.38
17120,3.81
17121,6.17
17122,8.57
17123,6.69
17124,9.72
17125,5.58
17126,5.38
17127,7.0200000000000005
17128,8.155888727732254
17129,2.42
17130,9.995888727732254
17131,7.941761973829034
17132,6.119999999999999
17133,5.39
17134,6.83
17135,7.56
17136,4.629999999999999
17137,6.39
17138,5.51
17139,8.76
17140,5.820587324609678
17141,8.73
17142,2.41
17143,4.99
17144,5.009999999999999
17145,0.3399999999999999
17146,1.46
17147,8.889999999999999
17148,3.57
17149,6.4399999999999995
17150,1.1184989422065214e-19
17151,5.24
17152,0.8599999999999999
17153,1.9064760523419322
17154,1.5299999999999998
17155,2.2399999999999998
17156,1.62
17157,9.040000000000001
17158,8.959999999999997
17159,8.83
17160,4.99
17161,5.71
17162,7.319412675390322
17163,6.590000000000001
17164,7.37
17165,5.6
17166,9.999999999999998
17167,6.6717619738290335
17168,6.06
17169,6.21
17170,8.08
17171,5.6
17172,7.12
17173,8.86
17174,5.7
17175,5.7700000000000005
17176,5.739999999999999
17177,9.999999999999998
17178,5.651174649219357
17179,6.0
17180,7.18
17181,5.5600000000000005
17182,6.859999999999999
17183,5.689999999999999
17184,3.84
17185,7.75
17186,7.6499999999999995
17187,3.66
17188,6.39
17189,2.7
17190,4.59
17191,6.790000000000002
17192,4.14
17193,8.870000000000001
17194,2.47
17195,3.28
17196,5.45
17197,8.909999999999998
17198,8.41
17199,5.398825350780644
17200,3.86
17201,6.75
17202,6.4
17203,4.89
17204,6.35
17205,6.758825350780644
17206,5.6
17207,3.84
17208,6.799999999999999
17209,9.16
17210,5.970000000000001
17211,6.6499999999999995
17212,1.8199999999999998
17213,6.11
17214,8.02
17215,6.05
17216,8.9
17217,5.29
17218,7.059999999999999
17219,9.42
17220,1.2899999999999998
17221,4.51
17222,1.3199999999999998
17223,8.07
17224,3.6899999999999995
17225,1.6099999999999999
17226,7.449999999999999
17227,6.459999999999999
17228,8.99
17229,8.839999999999998
17230,4.479999999999999
17231,6.7700000000000005
17232,5.68
17233,3.3200000000000003
17234,8.60234929843871
17235,8.879999999999999
17236,4.5200000000000005
17237,6.3100000000000005
17238,4.2299999999999995
17239,3.5799999999999996
17240,4.01
17241,6.790000000000002
17242,2.8600000000000003
17243,0.4
17244,6.45
17245,6.590000000000001
17246,2.3600000000000003
17247,8.01
17248,5.0200000000000005
17249,4.91
17250,2.23
17251,6.9799999999999995
17252,8.15
17253,9.999999999999998
17254,5.68
17255,4.9905873246096775
17256,3.41
17257,8.72
17258,8.65
17259,7.109999999999999
17260,0.38
17261,7.599999999999999
17262,3.1
17263,5.95
17264,2.51
17265,7.63
17266,6.29
17267,8.47
17268,1.58
17269,4.62
17270,6.489999999999999
17271,4.57
17272,7.073523947658067
17273,2.84
17274,9.22293662304839
17275,6.859999999999999
17276,1.0699999999999998
17277,4.253523947658068
17278,6.06
17279,9.93
17280,6.7299999999999995
17281,6.58
17282,6.16
17283,8.959999999999997
17284,5.39
17285,5.8100000000000005
17286,7.0
17287,5.95
17288,0.38
17289,7.379999999999999
17290,5.9799999999999995
17291,3.26
17292,7.32
17293,2.18
17294,5.65
17295,3.36
17296,5.42
17297,6.2799999999999985
17298,9.82
17299,7.379999999999999
17300,4.39
17301,4.76
17302,9.4
17303,7.040000000000001
17304,6.8605563613387295
17305,7.56
17306,4.720000000000001
17307,6.9799999999999995
17308,8.33
17309,0.18
17310,5.689999999999999
17311,8.1
17312,6.489999999999999
17313,9.86
17314,9.999999999999998
17315,6.029999999999999
17316,9.2
17317,7.68
17318,8.5
17319,2.7399999999999998
17320,7.669999999999999
17321,3.18
17322,2.57
17323,8.120000000000001
17324,4.720000000000001
17325,7.109999999999999
17326,6.06
17327,5.15
17328,6.3929366230483895
17329,5.29
17330,4.92
17331,8.03
17332,6.7299999999999995
17333,8.918238026170965
17334,5.2299999999999995
17335,7.13
17336,6.6499999999999995
17337,4.49
17338,8.53
17339,1.16
17340,7.590000000000002
17341,6.2299999999999995
17342,5.3
17343,5.6
17344,6.489999999999999
17345,9.629999999999999
17346,4.894714078512899
17347,6.75
17348,2.81
17349,3.84
17350,8.23
17351,8.690000000000001
17352,5.17
17353,7.659999999999999
17354,8.75
17355,9.07
17356,5.75
17357,1.51
17358,3.7
17359,0.99
17360,2.091761973829034
17361,3.47
17362,8.59
17363,4.43
17364,8.290000000000001
17365,5.329999999999999
17366,7.63
17367,7.62
17368,9.47
17369,5.15
17370,6.959999999999998
17371,7.32
17372,7.69
17373,8.059999999999999
17374,4.949999999999999
17375,3.59
17376,6.9253014031225755
17377,9.090000000000002
17378,5.39
17379,3.7199999999999998
17380,9.16
17381,0.4
17382,8.879999999999999
17383,3.46
17384,9.68
17385,5.7152859214871015
17386,8.889999999999999
17387,9.190000000000001
17388,8.52
17389,7.0299999999999985
17390,1.1199999999999999
17391,3.0476507015612877
17392,3.6399999999999997
17393,5.04
17394,8.059999999999999
17395,6.17
17396,8.24
17397,7.090000000000001
17398,5.09
17399,8.28
17400,7.4399999999999995
17401,1.0
17402,3.56
17403,5.87
17404,6.590000000000001
17405,4.0200000000000005
17406,3.86
17407,4.62
17408,8.028825350780643
17409,4.13
17410,7.18
17411,5.09
17412,0.64
17413,4.0200000000000005
17414,5.62
17415,3.9429366230483893
17416,7.6499999999999995
17417,7.05
17418,6.680000000000001
17419,7.009999999999999
17420,4.43
17421,8.32
17422,5.93
17423,8.790000000000001
17424,5.279999999999999
17425,5.64
17426,7.970000000000001
17427,4.4399999999999995
17428,8.35
17429,8.22
17430,8.75
17431,2.7699999999999996
17432,7.6499999999999995
17433,5.5600000000000005
17434,5.49
17435,4.36
17436,6.329999999999999
17437,5.2
17438,5.68
17439,5.39
17440,7.409999999999999
17441,2.56
17442,7.8
17443,2.2199999999999998
17444,8.75
17445,6.499999999999999
17446,5.220000000000001
17447,5.39
17448,7.040000000000001
17449,3.3499999999999996
17450,8.9
17451,8.8
17452,8.39
17453,6.470000000000001
17454,7.040000000000001
17455,4.08
17456,0.2799999999999999
17457,8.35
17458,3.7
17459,5.8100000000000005
17460,5.89
17461,2.6599999999999997
17462,5.95
17463,8.459999999999999
17464,1.221672980249078e-19
17465,8.82
17466,1.6499999999999997
17467,7.040000000000001
17468,5.5
17469,0.31
17470,5.38
17471,9.998825350780644
17472,7.94
17473,4.9
17474,3.5299999999999994
17475,7.1
17476,9.090000000000002
17477,8.97
17478,6.609999999999999
17479,8.26
17480,7.12851963977693
17481,5.4
17482,2.8
17483,6.06
17484,4.5200000000000005
17485,8.040000000000001
17486,7.4
17487,9.68
17488,4.96
17489,5.2299999999999995
17490,4.39
17491,8.57
17492,5.43
17493,7.35
17494,5.92
17495,0.8300000000000001
17496,7.68
17497,2.65
17498,5.95
17499,7.398825350780644
17500,7.15
17501,3.7
17502,7.069999999999999
17503,9.22
17504,1.78
17505,0.42
17506,8.52
17507,7.05
17508,8.040000000000001
17509,4.25
17510,3.7199999999999998
17511,7.03234929843871
17512,4.653523947658068
17513,3.62
17514,1.8
17515,5.84
17516,4.38
17517,9.688825350780645
17518,2.71
17519,7.3
17520,7.390000000000001
17521,4.24
17522,5.49
17523,5.8100000000000005
17524,7.540000000000001
17525,3.84
17526,8.09
17527,6.519412675390322
17528,4.182349298438711
17529,3.09
17530,2.96
17531,4.21
17532,6.42
17533,6.08
17534,4.220000000000001
17535,8.24
17536,4.529999999999999
17537,3.9
17538,5.63
17539,9.413609183750763e-20
17540,8.839999999999998
17541,9.05
17542,4.17
17543,5.08
17544,6.640000000000001
17545,2.98
17546,0.15
17547,6.42
17548,7.42
17549,8.75
17550,8.889999999999999
17551,5.5600000000000005
17552,7.43
17553,6.3
17554,3.2199999999999998
17555,6.56
17556,3.9299999999999997
17557,6.2
17558,2.3399999999999994
17559,4.383523947658068
17560,7.7299999999999995
17561,8.73
17562,8.66
17563,8.244111272267745
17564,5.4
17565,3.36
17566,7.34
17567,7.3
17568,5.92
17569,6.5299999999999985
17570,9.529999999999998
17571,8.43
17572,6.459999999999999
17573,4.5200000000000005
17574,4.26
17575,3.79
17576,5.216460570706457
17577,6.790000000000002
17578,4.967063376951611
17579,8.459999999999999
17580,7.69
17581,0.74
17582,6.82
17583,7.209999999999999
17584,4.87
17585,8.870000000000001
17586,5.24
17587,3.67
17588,4.8782380261709655
17589,4.9
17590,3.75
17591,4.49
17592,4.76
17593,6.45
17594,7.49293662304839
17595,7.31
17596,9.040000000000001
17597,5.220000000000001
17598,8.53
17599,4.375888727732255
17600,8.839999999999998
17601,9.429999999999998
17602,4.18
17603,7.209999999999999
17604,2.17
17605,3.8899999999999997
17606,9.379999999999999
17607,4.779999999999999
17608,7.24
17609,3.78
17610,3.15
17611,0.42
17612,5.87
17613,1.83
17614,8.61
17615,8.129999999999999
17616,9.17
17617,7.05
17618,7.359999999999999
17619,5.2299999999999995
17620,7.879999999999999
17621,6.981174649219356
17622,2.8999999999999995
17623,9.89
17624,7.209999999999999
17625,6.08
17626,6.43
17627,7.709999999999999
17628,2.67
17629,3.5399999999999996
17630,6.2299999999999995
17631,3.8499999999999996
17632,4.910587324609678
17633,6.319412675390322
17634,3.62
17635,6.05
17636,7.959999999999998
17637,3.31
17638,7.079999999999999
17639,7.359999999999999
17640,9.35
17641,9.559999999999999
17642,5.25
17643,6.740000000000001
17644,6.39
17645,5.95
17646,5.1
17647,3.24
17648,6.734111272267745
17649,5.59
17650,5.67
17651,6.18
17652,3.88
17653,3.1899999999999995
17654,3.2
17655,7.228825350780643
17656,4.5
17657,6.99
17658,2.9899999999999998
17659,4.529999999999999
17660,5.59
17661,3.07
17662,3.6799999999999997
17663,8.26
17664,7.090000000000001
17665,9.998238026170965
17666,4.49
17667,7.169999999999999
17668,8.809999999999999
17669,8.45
17670,3.12
17671,7.009999999999999
17672,7.779999999999999
17673,8.99
17674,3.26
17675,0.8599999999999999
17676,1.3
17677,8.05
17678,6.3
17679,4.46
17680,9.82
17681,4.220000000000001
17682,5.209999999999999
17683,3.29
17684,8.01
17685,3.57
17686,3.1100000000000003
17687,6.51
17688,4.5
17689,8.01
17690,9.999999999999998
17691,7.879999999999999
17692,7.75
17693,6.170587324609678
17694,6.0200000000000005
17695,5.0200000000000005
17696,8.41
17697,8.43
17698,7.699999999999999
17699,1.44
17700,7.0
17701,5.64
17702,7.040000000000001
17703,8.75
17704,2.1100000000000003
17705,6.6499999999999995
17706,3.3700000000000006
17707,4.34
17708,3.7
17709,6.849999999999999
17710,2.57
17711,8.09
17712,7.809999999999999
17713,3.87
17714,8.553523947658068
17715,9.290000000000001
17716,7.18
17717,1.62
17718,5.18
17719,2.2099999999999995
17720,5.17
17721,5.9799999999999995
17722,6.069999999999999
17723,5.470000000000001
17724,9.999999999999998
17725,6.36
17726,5.58
17727,9.87
17728,1.28
17729,3.4299999999999997
17730,9.887650701561288
17731,9.78
17732,8.67
17733,6.779999999999999
17734,8.23
17735,8.15
17736,3.6
17737,8.4
17738,4.679999999999999
17739,3.62
17740,7.62
17741,7.529999999999999
17742,7.4399999999999995
17743,4.39
17744,8.03
17745,9.997650701561287
17746,7.699999999999999
17747,6.26
17748,8.870000000000001
17749,6.1899999999999995
17750,4.8100000000000005
17751,2.17
17752,7.31
17753,6.8852859214871005
17754,9.997650701561287
17755,3.9
17756,5.1899999999999995
17757,6.9188253507806445
17758,6.416476052341932
17759,9.177229593973794e-20
17760,6.09
17761,5.1
17762,9.359999999999998
17763,8.34
17764,6.680000000000001
17765,2.7699999999999996
17766,7.869999999999999
17767,4.8
17768,7.32
17769,7.35
17770,8.498825350780644
17771,2.2600000000000002
17772,5.95
17773,9.786476052341934
17774,8.120000000000001
17775,6.869999999999999
17776,6.324698596877424
17777,4.76
17778,9.999999999999998
17779,8.632936623048389
17780,7.15
17781,5.92
17782,7.83
17783,3.65
17784,3.86
17785,8.940000000000001
17786,8.92
17787,3.51
17788,8.68
17789,5.3
17790,8.66
17791,5.329999999999999
17792,3.87
17793,7.134714078512898
17794,5.220000000000001
17795,4.87412675390322
17796,3.28
17797,9.190000000000001
17798,6.16
17799,7.13
17800,5.58
17801,6.83
17802,9.24
17803,4.18
17804,0.62
17805,6.2799999999999985
17806,5.799999999999999
17807,8.129999999999999
17808,5.329999999999999
17809,7.209999999999999
17810,6.668825350780644
17811,2.85
17812,5.75
17813,7.57
17814,7.709999999999999
17815,4.49
17816,6.58
17817,6.06
17818,6.2
17819,5.46
17820,5.96
17821,3.2299999999999995
17822,8.53
17823,9.999999999999998
17824,4.3
17825,3.2299999999999995
17826,6.581761973829034
17827,6.699999999999999
17828,4.46
17829,6.7700000000000005
17830,4.34
17831,4.29
17832,8.790000000000001
17833,5.68
17834,5.368238026170967
17835,4.24
17836,6.94
17837,6.590000000000001
17838,7.14
17839,8.33
17840,9.999999999999998
17841,4.7
17842,4.38
17843,7.95
17844,5.279999999999999
17845,7.169999999999999
17846,5.75
17847,5.15
17848,2.35
17849,5.66
17850,7.209999999999999
17851,4.55
17852,0.9299999999999999
17853,5.1899999999999995
17854,5.7299999999999995
17855,8.65
17856,7.879999999999999
17857,8.74
17858,5.739999999999999
17859,9.25
17860,8.17
17861,4.3
17862,2.84
17863,6.3100000000000005
17864,4.029999999999999
17865,6.29
17866,6.2
17867,5.99
17868,8.85
17869,4.2299999999999995
17870,6.05
17871,7.779999999999999
17872,8.32
17873,5.67
17874,9.430587324609677
17875,3.5
17876,7.24
17877,7.83
17878,4.1899999999999995
17879,6.83
17880,8.629999999999999
17881,6.459999999999999
17882,6.2299999999999995
17883,4.80293662304839
17884,1.2546985968774236
17885,1.8059362211224661e-19
17886,8.05
17887,1.1764760523419322
17888,1.47
17889,8.83
17890,9.999999999999998
17891,7.040000000000001
17892,3.65
17893,7.688825350780644
17894,5.09
17895,7.079999999999999
17896,5.779999999999999
17897,1.5
17898,5.35
17899,6.499999999999999
17900,5.209999999999999
17901,6.36
17902,6.06
17903,7.25
17904,6.2299999999999995
17905,6.3
17906,7.869999999999999
17907,8.92
17908,7.6099999999999985
17909,6.83
17910,9.37
17911,7.75
17912,8.440000000000001
17913,7.890000000000001
17914,5.2
17915,2.79
17916,6.709999999999999
17917,7.869999999999999
17918,5.45
17919,3.13
17920,4.970000000000001
17921,4.419999999999999
17922,9.851761973829033
17923,7.909999999999998
17924,0.2
17925,6.217650701561289
17926,4.25
17927,4.720000000000001
17928,9.92
17929,9.999999999999998
17930,5.029999999999999
17931,2.45
17932,0.13177745546450834
17933,6.42
17934,8.16
17935,8.309999999999999
17936,7.33
17937,4.739999999999999
17938,5.4
17939,8.75
17940,9.5
17941,5.61
17942,5.45
17943,8.15
17944,4.26
17945,9.559999999999999
17946,5.34
17947,9.27
17948,0.37
17949,3.7999999999999994
17950,4.92
17951,9.999999999999998
17952,7.9
17953,7.8
17954,3.96
17955,9.46
17956,9.009999999999998
17957,5.83
17958,6.69
17959,6.489999999999999
17960,4.659412675390322
17961,7.090000000000001
17962,7.449999999999999
17963,4.34
17964,5.42
17965,7.2
17966,8.66
17967,4.2299999999999995
17968,7.529999999999999
17969,3.3400000000000003
17970,7.669999999999999
17971,6.21
17972,8.15
17973,2.31
17974,9.999999999999998
17975,4.96
17976,8.4
17977,3.21
17978,3.81
17979,7.12
17980,7.1
17981,4.59
17982,8.53
17983,5.26
17984,3.04
17985,9.999999999999998
17986,9.22
17987,7.58
17988,4.26
17989,5.35
17990,2.7699999999999996
17991,7.0
17992,9.994714078512898
17993,5.45
17994,5.6682380261709655
17995,4.38
17996,6.76
17997,4.998825350780644
17998,5.06
17999,2.52
18000,4.18
18001,4.970000000000001
18002,4.09
18003,6.797063376951609
18004,3.1
18005,3.9
18006,6.970000000000001
18007,5.09
18008,9.579999999999998
18009,8.173307552186089e-20
18010,3.5799999999999996
18011,7.6499999999999995
18012,5.355301403122576
18013,8.42
18014,4.7299999999999995
18015,7.169999999999999
18016,9.994714078512898
18017,6.6499999999999995
18018,7.422349298438712
18019,4.779999999999999
18020,7.169999999999999
18021,7.68
18022,5.5600000000000005
18023,2.46
18024,4.92
18025,9.86
18026,3.88
18027,6.220000000000001
18028,4.54
18029,9.65
18030,7.311761973829033
18031,4.949999999999999
18032,7.5
18033,7.7299999999999995
18034,3.7923492984387117
18035,7.24
18036,2.94
18037,7.69
18038,5.63
18039,7.95
18040,6.740000000000001
18041,3.979999999999999
18042,5.5600000000000005
18043,7.699999999999999
18044,3.0599999999999996
18045,7.12706337695161
18046,1.64
18047,2.7699999999999996
18048,7.449999999999999
18049,6.2299999999999995
18050,7.74
18051,5.329999999999999
18052,5.55
18053,9.89
18054,5.87
18055,7.62
18056,6.06
18057,7.12
18058,6.859999999999999
18059,5.46293662304839
18060,6.910587324609677
18061,6.5299999999999985
18062,7.12
18063,1.75
18064,5.18
18065,8.459999999999999
18066,4.55
18067,9.2
18068,7.959999999999998
18069,8.03
18070,5.689999999999999
18071,6.34
18072,9.07
18073,5.96
18074,3.6399999999999997
18075,3.5299999999999994
18076,6.27
18077,8.43
18078,5.15
18079,9.999999999999998
18080,5.240587324609678
18081,9.549999999999999
18082,9.7
18083,7.098238026170965
18084,8.14
18085,0.04
18086,5.11
18087,5.209999999999999
18088,3.65
18089,5.92
18090,6.680000000000001
18091,2.6
18092,5.45
18093,6.220000000000001
18094,5.15
18095,9.209999999999999
18096,6.93
18097,6.709999999999999
18098,4.65
18099,6.4399999999999995
18100,5.75
18101,2.35
18102,9.61
18103,3.97
18104,3.3400000000000003
18105,4.75
18106,8.08
18107,1.9699999999999998
18108,7.13706337695161
18109,5.24
18110,8.42
18111,3.4299999999999997
18112,9.040000000000001
18113,9.31
18114,7.13
18115,2.2800000000000002
18116,5.82
18117,5.14
18118,6.72
18119,5.64
18120,1.5
18121,4.96
18122,6.609999999999999
18123,2.2199999999999998
18124,4.7
18125,9.999999999999998
18126,9.368489870231479e-20
18127,4.2299999999999995
18128,7.6099999999999985
18129,3.46
18130,2.2976352199258137
18131,2.15
18132,7.35
18133,7.4399999999999995
18134,5.79
18135,5.2299999999999995
18136,8.14
18137,4.87
18138,5.9799999999999995
18139,6.470000000000001
18140,5.43
18141,1.3199999999999998
18142,9.997650701561287
18143,4.82
18144,6.34
18145,7.82
18146,4.529999999999999
18147,7.009999999999999
18148,9.45
18149,8.26
18150,9.59
18151,7.209999999999999
18152,6.05
18153,5.04
18154,7.6099999999999985
18155,7.599999999999999
18156,5.84
18157,9.999999999999998
18158,7.69
18159,2.8
18160,9.009999999999998
18161,2.3600000000000003
18162,6.4
18163,3.7999999999999994
18164,8.75
18165,2.2600000000000002
18166,9.999999999999998
18167,2.48
18168,8.82
18169,7.169999999999999
18170,6.0
18171,8.493523947658067
18172,3.56
18173,5.8100000000000005
18174,6.379999999999999
18175,5.39
18176,6.2299999999999995
18177,7.93
18178,0.8099999999999999
18179,7.909999999999998
18180,2.8
18181,9.529999999999998
18182,6.82
18183,4.36
18184,6.379999999999999
18185,6.67
18186,6.699999999999999
18187,4.45
18188,6.1
18189,9.4
18190,8.92
18191,6.379999999999999
18192,6.17
18193,1.35
18194,1.6099999999999999
18195,5.66
18196,5.89
18197,8.26
18198,6.869999999999999
18199,4.9
18200,7.779999999999999
18201,8.05
18202,4.54
18203,9.86234929843871
18204,7.709999999999999
18205,7.5
18206,7.15
18207,9.5
18208,9.41
18209,0.06
18210,9.87
18211,8.7
18212,6.0200000000000005
18213,8.05
18214,4.46
18215,6.970000000000001
18216,4.4399999999999995
18217,6.45
18218,4.739999999999999
18219,5.8999999999999995
18220,8.690000000000001
18221,2.44
18222,5.35
18223,4.29
18224,5.76
18225,5.5600000000000005
18226,7.169999999999999
18227,5.41
18228,3.2
18229,6.35
18230,1.101638530382334e-19
18231,4.279999999999999
18232,4.82
18233,5.63
18234,7.059999999999999
18235,8.5
18236,6.14
18237,8.16
18238,3.51
18239,7.58
18240,9.2
18241,9.08
18242,6.69
18243,6.9799999999999995
18244,5.18
18245,6.709999999999999
18246,4.479999999999999
18247,4.8
18248,6.36
18249,6.72
18250,8.040000000000001
18251,5.5600000000000005
18252,3.21
18253,6.67
18254,1.58
18255,7.29
18256,5.66
18257,8.65
18258,2.65
18259,7.33
18260,9.999999999999998
18261,2.9299999999999997
18262,8.97
18263,4.16
18264,9.37
18265,3.63
18266,8.870000000000001
18267,2.8899999999999997
18268,6.6499999999999995
18269,9.999999999999998
18270,6.57
18271,6.609999999999999
18272,6.94
18273,3.5799999999999996
18274,3.04
18275,1.7699999999999998
18276,4.33
18277,5.739999999999999
18278,4.6
18279,9.790000000000001
18280,7.779999999999999
18281,6.43
18282,6.35
18283,0.8499999999999999
18284,4.0600000000000005
18285,5.319999999999999
18286,3.38
18287,6.5299999999999985
18288,6.21
18289,3.81
18290,5.76
18291,8.43
18292,4.9799999999999995
18293,6.849999999999999
18294,6.94
18295,6.790000000000002
18296,7.24002370937974
18297,8.67
18298,1.194297419135492e-19
18299,2.9899999999999998
18300,6.57
18301,6.609999999999999
18302,7.3
18303,5.67
18304,7.31
18305,5.35
18306,5.8100000000000005
18307,5.319999999999999
18308,5.0200000000000005
18309,4.37
18310,8.290000000000001
18311,4.51
18312,7.26
18313,6.34
18314,6.37
18315,3.97
18316,9.5
18317,5.59
18318,6.2
18319,3.26
18320,4.2299999999999995
18321,4.11
18322,3.1899999999999995
18323,4.7700000000000005
18324,4.16
18325,7.390000000000001
18326,3.63
18327,8.02
18328,3.67
18329,3.7199999999999998
18330,7.209999999999999
18331,7.590000000000002
18332,4.739999999999999
18333,2.83
18334,7.24
18335,6.0200000000000005
18336,4.6
18337,6.08
18338,8.11
18339,7.709999999999999
18340,2.85
18341,9.93
18342,3.3700000000000006
18343,2.3
18344,6.32
18345,4.5200000000000005
18346,4.21
18347,4.720000000000001
18348,8.02
18349,3.55
18350,6.34
18351,6.009999999999999
18352,0.25
18353,6.069999999999999
18354,2.4999999999999996
18355,5.3100000000000005
18356,2.52
18357,4.5600000000000005
18358,8.559999999999999
18359,6.17
18360,6.2799999999999985
18361,7.95
18362,9.476476052341932
18363,4.51
18364,9.440000000000001
18365,7.26
18366,7.99
18367,7.57
18368,8.36
18369,1.98
18370,1.8199999999999998
18371,8.28
18372,3.8499999999999996
18373,3.57
18374,4.6
18375,6.4799999999999995
18376,3.96
18377,4.76
18378,5.25
18379,5.539999999999999
18380,5.982349298438711
18381,4.16
18382,7.7299999999999995
18383,4.279999999999999
18384,7.699999999999999
18385,6.13
18386,6.840000000000001
18387,8.61
18388,9.24
18389,2.42
18390,9.999999999999998
18391,1.88
18392,3.979999999999999
18393,8.41
18394,8.11
18395,6.1899999999999995
18396,6.05
18397,1.1101904954985804e-19
18398,6.590000000000001
18399,6.849999999999999
18400,6.909999999999999
18401,8.15
18402,6.35
18403,2.2
18404,3.03
18405,5.96
18406,7.540000000000001
18407,5.66
18408,5.1
18409,4.7700000000000005
18410,9.30058732460968
18411,8.08
18412,4.91
18413,4.36
18414,4.0600000000000005
18415,5.042349298438712
18416,7.1
18417,4.21
18418,5.329999999999999
18419,5.7700000000000005
18420,6.489999999999999
18421,4.71
18422,3.9200000000000004
18423,4.8100000000000005
18424,7.3
18425,4.34
18426,5.09
18427,6.859999999999999
18428,3.74
18429,9.999999999999998
18430,7.69
18431,0.75
18432,4.82
18433,6.25
18434,4.279999999999999
18435,7.5
18436,3.1
18437,7.040000000000001
18438,3.65
18439,8.57
18440,7.0811746492193555
18441,7.138825350780643
18442,0.64
18443,5.39
18444,2.7800000000000002
18445,4.09
18446,9.27
18447,6.294698596877424
18448,8.8
18449,2.3923492984387114
18450,2.7
18451,5.285888727732254
18452,8.14
18453,0.4
18454,6.93
18455,8.11
18456,3.8299999999999996
18457,6.11
18458,5.79
18459,4.43
18460,5.5200000000000005
18461,4.45
18462,7.24
18463,3.96
18464,5.24
18465,8.35
18466,8.53
18467,4.2
18468,8.67
18469,6.18
18470,7.090000000000001
18471,8.72
18472,6.599999999999999
18473,3.2499999999999996
18474,1.6
18475,4.789999999999999
18476,6.840000000000001
18477,4.689999999999999
18478,9.35
18479,4.36
18480,6.029999999999999
18481,2.27
18482,3.4399999999999995
18483,8.209999999999999
18484,9.999999999999998
18485,2.63
18486,3.5399999999999996
18487,6.659999999999999
18488,3.3899999999999997
18489,1.54
18490,4.01
18491,5.834698596877423
18492,4.76
18493,4.3
18494,4.04
18495,6.906476052341931
18496,5.970000000000001
18497,1.7100000000000002
18498,8.129999999999999
18499,4.7700000000000005
18500,4.1899999999999995
18501,0.26
18502,2.3699999999999997
18503,9.31
18504,1.6999999999999997
18505,5.43
18506,4.08
18507,5.2
18508,1.912349298438712
18509,6.37
18510,7.529999999999999
18511,7.790000000000001
18512,6.92
18513,5.83
18514,2.3600000000000003
18515,2.63
18516,6.970000000000001
18517,5.82
18518,6.2
18519,5.35
18520,7.859999999999999
18521,9.999999999999998
18522,5.82
18523,6.14
18524,0.94
18525,5.91
18526,5.25
18527,4.38
18528,9.28
18529,9.46
18530,4.529999999999999
18531,2.94
18532,6.561761973829033
18533,8.28
18534,7.779999999999999
18535,8.05
18536,8.45
18537,0.51
18538,7.42
18539,6.699999999999999
18540,6.95
18541,6.243523947658068
18542,5.022349298438712
18543,7.859999999999999
18544,6.25
18545,0.94
18546,6.2299999999999995
18547,7.967650701561289
18548,6.29
18549,8.309999999999999
18550,1.94
18551,7.63
18552,5.440587324609678
18553,6.539412675390322
18554,4.8
18555,7.2988253507806435
18556,6.499999999999999
18557,8.03
18558,6.699999999999999
18559,3.5200000000000005
18560,6.63
18561,2.68
18562,6.54
18563,8.02
18564,7.809999999999999
18565,0.9800000000000001
18566,9.89
18567,7.37
18568,2.8600000000000003
18569,9.999999999999998
18570,2.06
18571,8.72
18572,4.17
18573,5.75
18574,8.85
18575,6.56
18576,8.4
18577,4.9799999999999995
18578,7.229999999999999
18579,8.879999999999999
18580,2.82
18581,7.390000000000001
18582,7.74
18583,7.059999999999999
18584,4.7700000000000005
18585,9.22
18586,8.02
18587,4.0
18588,8.02
18589,7.3317619738290345
18590,7.18
18591,4.89
18592,7.74
18593,7.970000000000001
18594,7.879999999999999
18595,2.9499999999999997
18596,5.3
18597,4.2299999999999995
18598,4.32
18599,4.9364760523419315
18600,7.92
18601,8.796476052341932
18602,6.72
18603,3.88
18604,4.59
18605,6.83
18606,2.57
18607,7.55
18608,7.859999999999999
18609,3.0599999999999996
18610,8.03
18611,6.63
18612,3.7700000000000005
18613,7.390000000000001
18614,3.01
18615,6.659999999999999
18616,3.025301403122576
18617,3.5
18618,8.35
18619,4.36
18620,7.0299999999999985
18621,4.970000000000001
18622,8.709999999999999
18623,5.9399999999999995
18624,7.149412675390322
18625,6.809999999999999
18626,5.859999999999999
18627,8.77
18628,8.379999999999999
18629,6.970000000000001
18630,5.2299999999999995
18631,7.879999999999999
18632,4.04
18633,9.07
18634,0.44000000000000006
18635,6.42
18636,6.67
18637,5.67
18638,9.998825350780644
18639,6.9
18640,7.2700000000000005
18641,1.7899999999999998
18642,2.4899999999999998
18643,4.5200000000000005
18644,6.26
18645,8.950587324609677
18646,2.2600000000000002
18647,5.29
18648,5.85
18649,6.7700000000000005
18650,5.069999999999999
18651,5.3
18652,5.759412675390322
18653,3.4899999999999998
18654,5.2
18655,2.83
18656,9.994714078512898
18657,4.16
18658,5.41
18659,4.220000000000001
18660,9.999999999999998
18661,6.09
18662,6.0200000000000005
18663,9.081761973829034
18664,5.66
18665,8.35
18666,6.06
18667,8.55
18668,4.658238026170966
18669,7.220000000000001
18670,9.736476052341931
18671,6.55
18672,7.379999999999999
18673,8.78
18674,3.7999999999999994
18675,4.18
18676,6.27
18677,3.84
18678,8.959999999999997
18679,5.329999999999999
18680,2.6399999999999997
18681,6.39
18682,6.952349298438712
18683,6.329999999999999
18684,3.04
18685,5.42
18686,3.6899999999999995
18687,7.25
18688,8.909999999999998
18689,7.82
18690,3.5399999999999996
18691,6.56
18692,6.799999999999999
18693,6.4399999999999995
18694,5.26
18695,4.968238026170967
18696,9.998238026170965
18697,4.0
18698,3.87
18699,6.470000000000001
18700,9.997650701561287
18701,6.412936623048389
18702,6.16
18703,7.709999999999999
18704,7.059999999999999
18705,5.58
18706,3.3999999999999995
18707,9.08
18708,9.65
18709,6.94
18710,9.440000000000001
18711,8.190000000000001
18712,7.909999999999998
18713,4.0600000000000005
18714,6.9
18715,4.25
18716,7.93
18717,2.3394126753903217
18718,5.153523947658067
18719,7.079999999999999
18720,4.86
18721,5.88
18722,7.220000000000001
18723,9.14
18724,6.37
18725,4.92
18726,9.34
18727,4.029999999999999
18728,5.55
18729,9.559999999999999
18730,2.46
18731,7.859999999999999
18732,7.459999999999999
18733,3.1100000000000003
18734,5.85
18735,5.24
18736,7.95
18737,8.559999999999999
18738,4.689999999999999
18739,4.11
18740,6.34
18741,5.88
18742,7.42
18743,4.39
18744,6.248238026170966
18745,7.05
18746,0.94
18747,8.879999999999999
18748,8.86
18749,5.159999999999999
18750,7.2805873246096775
18751,6.27
18752,4.59
18753,7.56
18754,6.82
18755,3.3499999999999996
18756,2.7399999999999998
18757,7.069999999999999
18758,7.069999999999999
18759,5.36
18760,7.48
18761,6.6499999999999995
18762,6.67
18763,5.95
18764,4.57
18765,8.18
18766,7.5
18767,4.49
18768,5.55
18769,1.1400000000000001
18770,5.970000000000001
18771,6.138654079859268e-20
18772,4.09
18773,9.999999999999998
18774,8.23
18775,8.884111272267745
18776,9.479999999999999
18777,1.0221726170840837e-19
18778,5.55
18779,8.2
18780,2.45
18781,9.81
18782,4.93
18783,8.37
18784,6.4799999999999995
18785,5.279999999999999
18786,8.47
18787,8.839999999999998
18788,6.99
18789,7.14
18790,9.994126753903219
18791,6.13
18792,9.35
18793,5.4399999999999995
18794,1.3800000000000001
18795,8.18
18796,7.051761973829033
18797,6.9799999999999995
18798,6.11
18799,5.18
18800,7.69
18801,6.869999999999999
18802,5.83
18803,6.4399999999999995
18804,7.869999999999999
18805,8.14
18806,4.24
18807,6.499999999999999
18808,5.87
18809,8.76
18810,5.104714078512899
18811,7.279999999999999
18812,6.609999999999999
18813,7.37
18814,7.159999999999999
18815,7.4399999999999995
18816,4.62
18817,4.64
18818,5.34
18819,6.13
18820,7.0
18821,6.13
18822,0.22000000000000003
18823,6.67
18824,5.29
18825,3.4299999999999997
18826,7.869999999999999
18827,2.06
18828,2.82
18829,7.0299999999999985
18830,2.03
18831,8.809999999999999
18832,4.09
18833,7.390000000000001
18834,7.071761973829034
18835,7.9799999999999995
18836,7.809999999999999
18837,2.29
18838,3.86
18839,8.879999999999999
18840,4.86
18841,5.4
18842,9.0
18843,9.37
18844,6.379999999999999
18845,5.3100000000000005
18846,5.09
18847,9.040000000000001
18848,5.46
18849,5.050000000000001
18850,9.690000000000001
18851,7.489999999999999
18852,6.43
18853,4.46
18854,4.8
18855,8.53706337695161
18856,5.37
18857,7.359999999999999
18858,9.999999999999998
18859,2.8899999999999997
18860,3.51
18861,1.9899999999999998
18862,5.689999999999999
18863,7.590000000000002
18864,8.55
18865,9.64
18866,8.290000000000001
18867,6.93
18868,7.890000000000001
18869,9.999999999999998
18870,4.192349298438711
18871,9.05
18872,7.6099999999999985
18873,4.15
18874,7.169999999999999
18875,4.38
18876,0.42
18877,6.83
18878,5.36
18879,5.779999999999999
18880,2.9299999999999997
18881,7.069999999999999
18882,8.839999999999998
18883,9.999999999999998
18884,4.720000000000001
18885,6.618238026170966
18886,5.9799999999999995
18887,6.668825350780644
18888,4.5200000000000005
18889,3.75
18890,2.43
18891,9.290000000000001
18892,3.7
18893,8.419412675390323
18894,5.3
18895,8.26
18896,9.999999999999998
18897,6.9
18898,8.51
18899,4.04
18900,9.05
18901,5.12
18902,7.859999999999999
18903,6.09
18904,3.9
18905,4.3
18906,6.869999999999999
18907,4.99
18908,9.25
18909,4.62
18910,4.895285921487101
18911,7.12
18912,4.5
18913,7.2
18914,3.6399999999999997
18915,4.58
18916,7.051174649219355
18917,5.37
18918,7.779999999999999
18919,6.57
18920,3.5399999999999996
18921,7.72
18922,8.879999999999999
18923,5.2
18924,4.8
18925,1.8399999999999999
18926,3.41
18927,5.66
18928,8.28
18929,5.34
18930,0.6599999999999999
18931,8.107650701561287
18932,7.571174649219357
18933,2.8699999999999997
18934,5.34
18935,2.04
18936,7.63
18937,7.812349298438711
18938,6.08
18939,9.995888727732254
18940,3.04
18941,9.02
18942,8.57
18943,7.409999999999999
18944,2.47
18945,7.790000000000001
18946,8.107650701561287
18947,5.0200000000000005
18948,7.5
18949,5.95
18950,6.62
18951,6.890000000000001
18952,9.190000000000001
18953,6.27
18954,8.03
18955,4.36
18956,4.8
18957,3.88
18958,6.08
18959,5.26
18960,8.0
18961,9.37
18962,8.040000000000001
18963,8.33
18964,4.220000000000001
18965,9.33
18966,6.1899999999999995
18967,9.999999999999998
18968,7.31
18969,3.1100000000000003
18970,0.77
18971,3.2199999999999998
18972,8.54
18973,5.3529366230483895
18974,7.322349298438712
18975,3.3999999999999995
18976,9.998238026170965
18977,7.090000000000001
18978,8.290000000000001
18979,4.49
18980,5.51
18981,1.23
18982,7.640000000000001
18983,6.609999999999999
18984,4.18
18985,6.599999999999999
18986,5.319999999999999
18987,1.7600000000000002
18988,3.8899999999999997
18989,9.0
18990,4.49
18991,5.65
18992,7.0382380261709665
18993,8.78
18994,5.66
18995,2.47
18996,8.85
18997,3.88706337695161
18998,6.890000000000001
18999,3.3299999999999996
19000,8.059999999999999
19001,3.7700000000000005
19002,5.14
19003,4.8100000000000005
19004,2.48
19005,4.34
19006,2.62
19007,3.67
19008,3.04
19009,7.7299999999999995
19010,7.590000000000002
19011,6.890000000000001
19012,9.91
19013,5.779999999999999
19014,7.009999999999999
19015,4.85
19016,3.13
19017,3.3499999999999996
19018,6.869999999999999
19019,9.51
19020,6.63
19021,4.49
19022,3.81
19023,3.47
19024,7.959999999999998
19025,6.840000000000001
19026,6.1
19027,4.41
19028,9.999999999999998
19029,1.7899999999999998
19030,5.11
19031,5.689999999999999
19032,3.8299999999999996
19033,7.809999999999999
19034,4.9
19035,7.56
19036,8.92
19037,3.5399999999999996
19038,5.209999999999999
19039,4.3
19040,5.009999999999999
19041,4.0200000000000005
19042,8.59
19043,5.329999999999999
19044,5.41
19045,4.7299999999999995
19046,6.859999999999999
19047,6.3
19048,8.059999999999999
19049,8.02
19050,2.1
19051,3.91
19052,3.1
19053,7.13
19054,6.26
19055,8.08
19056,8.559999999999999
19057,2.96
19058,6.21
19059,7.010353428332779
19060,2.23
19061,7.640000000000001
19062,5.069999999999999
19063,7.689412675390322
19064,9.995888727732254
19065,4.36
19066,4.59
19067,7.379999999999999
19068,8.690000000000001
19069,5.27
19070,4.85
19071,6.32
19072,9.999999999999998
19073,5.970000000000001
19074,8.309999999999999
19075,5.09
19076,6.641761973829034
19077,7.0
19078,6.42
19079,6.699999999999999
19080,5.319999999999999
19081,4.4
19082,4.01
19083,8.41
19084,3.8299999999999996
19085,2.54
19086,9.690000000000001
19087,5.29
19088,0.16
19089,1.21
19090,7.220000000000001
19091,9.05
19092,8.129999999999999
19093,1.7699999999999998
19094,2.07
19095,6.42
19096,6.55
19097,3.96
19098,7.048238026170965
19099,4.529999999999999
19100,3.742349298438712
19101,7.669999999999999
19102,5.7700000000000005
19103,5.470000000000001
19104,9.34
19105,6.1899999999999995
19106,3.5799999999999996
19107,7.590000000000002
19108,5.279999999999999
19109,6.35
19110,0.84
19111,3.65
19112,3.71
19113,2.6399999999999997
19114,8.59
19115,7.51
19116,8.4
19117,7.0299999999999985
19118,5.5600000000000005
19119,8.809999999999999
19120,6.590000000000001
19121,9.429999999999998
19122,7.26
19123,4.470000000000001
19124,9.74
19125,1.6700000000000002
19126,6.4799999999999995
19127,7.409999999999999
19128,4.82
19129,5.43
19130,8.39
19131,5.45
19132,8.43
19133,7.57
19134,3.3200000000000003
19135,9.228825350780644
19136,4.57
19137,8.649412675390321
19138,6.45
19139,5.12
19140,5.09
19141,9.999999999999998
19142,2.779412675390322
19143,9.090000000000002
19144,3.87
19145,3.12
19146,3.4658732460967796
19147,5.95
19148,8.190000000000001
19149,6.08
19150,5.319999999999999
19151,9.88
19152,5.7299999999999995
19153,3.7
19154,9.84
19155,3.1
19156,4.9399999999999995
19157,7.14
19158,5.45
19159,6.220000000000001
19160,8.690000000000001
19161,5.38
19162,7.43
19163,7.869999999999999
19164,6.55
19165,7.2
19166,2.01
19167,6.13
19168,7.83
19169,8.3
19170,7.448029589408342
19171,6.3
19172,7.890000000000001
19173,4.18
19174,8.120000000000001
19175,9.999999999999998
19176,4.479999999999999
19177,4.12
19178,4.3
19179,4.27
19180,7.470000000000001
19181,3.9200000000000004
19182,9.8
19183,6.9799999999999995
19184,5.239412675390322
19185,0.42
19186,7.83
19187,8.03
19188,4.8
19189,1.92
19190,7.0299999999999985
19191,5.92
19192,5.24
19193,8.45
19194,2.3
19195,4.779999999999999
19196,6.37
19197,7.409999999999999
19198,9.875873246096779
19199,5.84
19200,5.11
19201,3.5399999999999996
19202,1.24
19203,4.08
19204,9.14
19205,8.32
19206,5.63
19207,7.29
19208,4.46
19209,5.64
19210,7.18
19211,6.7299999999999995
19212,3.76
19213,7.34
19214,5.279999999999999
19215,3.8899999999999997
19216,7.809999999999999
19217,8.482349298438711
19218,3.36
19219,8.01
19220,7.5
19221,4.07
19222,8.55
19223,5.09
19224,5.739999999999999
19225,8.82
19226,4.87
19227,7.2700000000000005
19228,1.47
19229,5.61
19230,3.5799999999999996
19231,6.599999999999999
19232,4.86
19233,5.779999999999999
19234,9.73
19235,8.82
19236,3.4200000000000004
19237,2.05
19238,6.659999999999999
19239,6.04
19240,6.75
19241,5.57
19242,5.5200000000000005
19243,6.8129366230483885
19244,8.309999999999999
19245,6.55
19246,7.72
19247,8.5
19248,5.470000000000001
19249,9.18
19250,5.71
19251,7.4399999999999995
19252,4.629999999999999
19253,6.05
19254,6.5299999999999985
19255,5.779999999999999
19256,6.09
19257,7.95
19258,2.3399999999999994
19259,4.85
19260,6.11
19261,3.5200000000000005
19262,8.209999999999999
19263,8.379999999999999
19264,2.53
19265,3.7
19266,8.18
19267,9.17
19268,6.799999999999999
19269,1.93
19270,3.56
19271,3.1899999999999995
19272,6.27
19273,9.74
19274,1.5699999999999996
19275,6.27
19276,7.599999999999999
19277,4.18
19278,5.65
19279,6.57
19280,4.029999999999999
19281,1.1699999999999997
19282,7.489999999999999
19283,4.689999999999999
19284,3.2199999999999998
19285,0.9499999999999998
19286,4.96
19287,6.859999999999999
19288,7.2111746492193545
19289,3.29
19290,6.56
19291,6.5299999999999985
19292,7.13
19293,5.329999999999999
19294,9.57
19295,3.86
19296,5.83
19297,3.481761973829033
19298,6.58
19299,7.13
19300,7.069999999999999
19301,6.9
19302,5.050000000000001
19303,7.2
19304,5.63
19305,5.84
19306,2.27
19307,2.69
19308,6.9799999999999995
19309,1.6999999999999997
19310,7.790000000000001
19311,4.45
19312,6.18
19313,7.659999999999999
19314,9.190000000000001
19315,3.5799999999999996
19316,8.3
19317,7.56
19318,2.35
19319,6.05
19320,2.46
19321,8.23
19322,4.15
19323,5.470000000000001
19324,5.791174649219355
19325,6.809999999999999
19326,4.870587324609678
19327,7.9
19328,5.12
19329,2.65
19330,8.02
19331,6.009999999999999
19332,8.35
19333,9.08
19334,6.599999999999999
19335,6.83
19336,6.3
19337,7.079999999999999
19338,3.96
19339,7.169999999999999
19340,6.35
19341,4.64
19342,2.9499999999999997
19343,6.911761973829034
19344,8.0
19345,2.7800000000000002
19346,7.220000000000001
19347,5.159999999999999
19348,4.46
19349,7.85
19350,6.93
19351,3.9417619738290335
19352,8.48
19353,3.9299999999999997
19354,3.9
19355,6.009999999999999
19356,8.45
19357,8.26
19358,3.55
19359,6.11
19360,9.73
19361,6.088825350780644
19362,2.12
19363,4.12
19364,4.67
19365,7.880587324609677
19366,4.04
19367,7.76
19368,8.36
19369,9.5
19370,8.15
19371,8.47
19372,4.36
19373,5.67
19374,7.93
19375,7.079999999999999
19376,3.7199999999999998
19377,3.4200000000000004
19378,7.040000000000001
19379,6.1
19380,5.15
19381,8.839999999999998
19382,8.08
19383,6.640000000000001
19384,6.99
19385,3.08
19386,6.08
19387,9.23
19388,6.63
19389,9.999999999999998
19390,4.33
19391,6.631174649219355
19392,5.63
19393,4.41
19394,5.43
19395,6.029999999999999
19396,1.1729208600442454e-19
19397,3.3546985968774234
19398,7.379999999999999
19399,4.522349298438712
19400,6.057650701561288
19401,4.38
19402,9.6
19403,4.5600000000000005
19404,9.51
19405,6.72
19406,3.65
19407,7.869999999999999
19408,0.31
19409,7.48
19410,7.24
19411,7.859999999999999
19412,5.67
19413,7.32
19414,3.71
19415,5.279999999999999
19416,5.9399999999999995
19417,4.01
19418,6.11370897978146e-20
19419,9.11
19420,6.26
19421,5.41
19422,3.71
19423,7.599999999999999
19424,9.479999999999999
19425,6.238238026170967
19426,6.95
19427,6.426476052341933
19428,3.36
19429,8.41
19430,5.83
19431,6.740000000000001
19432,4.8100000000000005
19433,4.92
19434,9.995301403122575
19435,3.66
19436,9.529999999999998
19437,3.61
19438,3.96
19439,5.12
19440,3.6399999999999997
19441,6.35
19442,6.869999999999999
19443,6.11
19444,7.14
19445,4.5600000000000005
19446,9.670587324609677
19447,7.9
19448,5.8100000000000005
19449,7.459999999999999
19450,7.76
19451,4.88
19452,2.9299999999999997
19453,7.779999999999999
19454,1.23
19455,5.779999999999999
19456,5.79
19457,3.3499999999999996
19458,5.18
19459,6.2799999999999985
19460,5.9799999999999995
19461,4.9799999999999995
19462,6.3929366230483895
19463,0.1411901308548304
19464,4.8100000000000005
19465,6.57
19466,8.52
19467,2.59
19468,5.4
19469,1.03
19470,5.92
19471,8.209999999999999
19472,2.69
19473,7.56
19474,7.95
19475,5.4
19476,4.14
19477,9.86
19478,3.1305873246096776
19479,6.67
19480,6.15
19481,6.6499999999999995
19482,6.62
19483,1.469855656145805e-19
19484,7.209999999999999
19485,6.809999999999999
19486,5.7299999999999995
19487,6.909999999999999
19488,7.68
19489,8.11
19490,2.75
19491,9.0
19492,8.78
19493,7.220000000000001
19494,6.34
19495,9.42
19496,6.698825350780644
19497,5.68
19498,7.169999999999999
19499,6.51
19500,2.6
19501,7.92
19502,8.847650701561287
19503,5.319999999999999
19504,5.17
19505,8.02
19506,7.069999999999999
19507,6.499999999999999
19508,6.27
19509,3.8899999999999997
19510,7.4399999999999995
19511,4.34
19512,9.440000000000001
19513,9.997063376951608
19514,9.46
19515,4.43
19516,1.9100000000000001
19517,9.797063376951611
19518,3.1899999999999995
19519,8.34
19520,5.84
19521,2.2
19522,7.25
19523,3.55
19524,6.82
19525,5.91
19526,7.19
19527,8.61
19528,6.62
19529,6.459999999999999
19530,2.71
19531,7.35
19532,6.847650701561287
19533,6.029999999999999
19534,6.499999999999999
19535,5.739999999999999
19536,5.89
19537,9.009999999999998
19538,7.909999999999998
19539,8.309999999999999
19540,6.24
19541,8.01
19542,4.76
19543,1.1099999999999999
19544,9.93
19545,8.73
19546,2.03
19547,8.120000000000001
19548,4.21
19549,5.66
19550,7.25
19551,8.01
19552,7.76
19553,6.680000000000001
19554,6.640000000000001
19555,5.799999999999999
19556,6.5200000000000005
19557,7.069999999999999
19558,3.76
19559,7.529999999999999
19560,9.41
19561,8.959999999999997
19562,8.24
19563,7.93
19564,2.29
19565,9.57
19566,9.999999999999998
19567,8.26
19568,8.66
19569,4.62
19570,6.93
19571,7.0200000000000005
19572,5.68
19573,8.120000000000001
19574,9.068238026170967
19575,5.39
19576,7.069999999999999
19577,0.3399999999999999
19578,7.58
19579,7.9
19580,7.859999999999999
19581,8.53
19582,4.3
19583,6.909999999999999
19584,0.19
19585,9.33
19586,3.09
19587,9.16706337695161
19588,9.6
19589,0.9499999999999998
19590,1.1400000000000001
19591,5.75
19592,6.24
19593,4.82
19594,7.2700000000000005
19595,8.120000000000001
19596,5.739999999999999
19597,4.34
19598,8.909999999999998
19599,4.24
19600,4.999999999999999
19601,6.17
19602,5.57
19603,3.9200000000000004
19604,7.790000000000001
19605,7.470000000000001
19606,9.994126753903219
19607,9.999999999999998
19608,8.74
19609,4.5
19610,8.040000000000001
19611,3.65
19612,7.3423492984387115
19613,5.8999999999999995
19614,2.4999999999999996
19615,6.06
19616,3.3899999999999997
19617,5.11
19618,3.8735239476580676
19619,2.41
19620,6.119999999999999
19621,6.99
19622,5.91
19623,9.999999999999998
19624,4.84
19625,5.14
19626,4.88
19627,4.37
19628,6.27
19629,5.009999999999999
19630,7.659999999999999
19631,4.76
19632,5.9748351405234805
19633,4.88
19634,6.21
19635,3.57
19636,5.799999999999999
19637,6.56
19638,2.98
19639,6.069999999999999
19640,9.73
19641,2.62
19642,9.07
19643,4.89
19644,3.1100000000000003
19645,2.7199999999999998
19646,6.982349298438711
19647,1.6700000000000002
19648,7.92
19649,4.9
19650,6.2
19651,3.27
19652,3.16
19653,4.49
19654,4.739999999999999
19655,5.15
19656,9.997650701561287
19657,8.09
19658,2.4999999999999996
19659,7.6682380261709655
19660,1.2119219761335034e-19
19661,5.42
19662,5.76
19663,4.6
19664,8.49
19665,8.36
19666,6.680000000000001
19667,5.24706337695161
19668,8.86
19669,0.9099999999999999
19670,3.16
19671,5.62
19672,7.5
19673,2.03
19674,6.82
19675,5.65
19676,6.499999999999999
19677,9.83
19678,3.5299999999999994
19679,7.209999999999999
19680,6.95
19681,8.73
19682,5.3100000000000005
19683,2.38
19684,5.479999999999999
19685,6.809999999999999
19686,7.379999999999999
19687,8.15
19688,6.609999999999999
19689,7.95
19690,2.5799999999999996
19691,5.64
19692,8.959999999999997
19693,6.26
19694,7.111761973829033
19695,2.31
19696,8.120000000000001
19697,4.57
19698,4.83
19699,0.5900000000000001
19700,7.05
19701,6.76
19702,6.94
19703,6.14
19704,8.03
19705,7.809999999999999
19706,8.190000000000001
19707,4.5600000000000005
19708,4.57
19709,2.12
19710,9.999999999999998
19711,4.12
19712,8.82
19713,7.37
19714,6.24
19715,8.23
19716,7.359999999999999
19717,6.459999999999999
19718,4.54
19719,2.45
19720,5.5600000000000005
19721,3.979999999999999
19722,7.93
19723,7.797650701561287
19724,6.32
19725,8.040000000000001
19726,4.37
19727,2.46
19728,1.8399999999999999
19729,6.329999999999999
19730,5.65
19731,6.119999999999999
19732,5.739999999999999
19733,4.9399999999999995
19734,8.1
19735,7.409999999999999
19736,4.689999999999999
19737,3.9
19738,5.51
19739,4.679999999999999
19740,8.132936623048389
19741,6.32
19742,2.63
19743,4.45
19744,5.89
19745,0.2799999999999999
19746,1.4499999999999997
19747,9.620000000000001
19748,3.0599999999999996
19749,4.93
19750,3.2199999999999998
19751,5.713523947658068
19752,3.65
19753,6.6499999999999995
19754,7.69
19755,4.32
19756,6.82
19757,1.02
19758,4.32
19759,8.059999999999999
19760,6.859999999999999
19761,3.61
19762,5.37
19763,6.55
19764,5.27
19765,8.959999999999997
19766,8.0
19767,8.379999999999999
19768,6.69
19769,5.89
19770,4.75
19771,4.0
19772,2.62
19773,6.57
19774,3.05
19775,5.26
19776,8.25
19777,2.81
19778,5.15
19779,8.41
19780,1.69
19781,5.029999999999999
19782,5.970000000000001
19783,4.66
19784,9.899999999999999
19785,5.99
19786,6.04
19787,7.69
19788,8.14
19789,5.87
19790,6.869999999999999
19791,7.18
19792,5.79
19793,2.1100000000000003
19794,6.459999999999999
19795,5.66
19796,1.1199999999999999
19797,1.7699999999999998
19798,5.67
19799,5.5600000000000005
19800,4.7700000000000005
19801,3.09
19802,8.4
19803,6.34
19804,7.489999999999999
19805,8.95
19806,9.997063376951608
19807,8.709999999999999
19808,7.629412675390322
19809,4.85
19810,1.48
19811,2.8999999999999995
19812,6.329999999999999
19813,6.1899999999999995
19814,1.69
19815,8.76
19816,0.8599999999999999
19817,7.540000000000001
19818,3.74
19819,7.379999999999999
19820,5.7700000000000005
19821,5.9799999999999995
19822,4.49
19823,8.190000000000001
19824,9.995301403122575
19825,9.977650701561288
19826,8.690000000000001
19827,2.57
19828,9.999999999999998
19829,2.52
19830,2.3699999999999997
19831,6.13
19832,5.029999999999999
19833,6.26
19834,4.36
19835,9.66
19836,6.790000000000002
19837,4.4
19838,2.85
19839,8.66
19840,5.319999999999999
19841,4.13
19842,4.96
19843,7.209999999999999
19844,6.75
19845,4.11
19846,9.35
19847,9.998238026170965
19848,7.2700000000000005
19849,6.27
19850,3.08
19851,8.790000000000001
19852,4.09
19853,8.889412675390322
19854,6.2299999999999995
19855,7.80293662304839
19856,9.155888727732256
19857,1.2574181537637843e-19
19858,5.79
19859,3.91
19860,6.859999999999999
19861,3.26
19862,4.92
19863,6.740000000000001
19864,6.7700000000000005
19865,9.997650701561287
19866,7.05
19867,2.96
19868,7.470000000000001
19869,7.1
19870,6.7700000000000005
19871,6.34
19872,7.37
19873,3.4664760523419322
19874,3.95
19875,3.3999999999999995
19876,5.50706337695161
19877,9.32
19878,8.0
19879,2.75
19880,6.05
19881,7.879999999999999
19882,7.72
19883,6.75
19884,7.790000000000001
19885,7.209999999999999
19886,6.600587324609677
19887,6.3
19888,5.7299999999999995
19889,2.8899999999999997
19890,4.91
19891,4.96
19892,3.3899999999999997
19893,7.116476052341932
19894,8.16
19895,7.14
19896,6.55
19897,2.9499999999999997
19898,6.2799999999999985
19899,4.46
19900,7.15
19901,7.74
19902,8.690000000000001
19903,7.1
19904,6.24
19905,9.999999999999998
19906,7.99
19907,9.767650701561289
19908,3.9899999999999998
19909,6.99
19910,5.6
19911,6.779999999999999
19912,6.2799999999999985
19913,7.449999999999999
19914,2.63
19915,5.92
19916,7.709999999999999
19917,4.17
19918,7.059999999999999
19919,8.22
19920,7.2700000000000005
19921,7.9
19922,8.25
19923,4.59
19924,8.58
19925,6.09
19926,2.43
19927,7.890000000000001
19928,9.52
19929,5.479999999999999
19930,7.7299999999999995
19931,4.290587324609678
19932,7.069999999999999
19933,8.95
19934,7.12
19935,4.689999999999999
19936,8.53
19937,9.999999999999998
19938,3.7299999999999995
19939,6.5299999999999985
19940,9.999999999999998
19941,9.999999999999998
19942,5.37
19943,7.82
19944,7.25
19945,4.524111272267746
19946,1.3199999999999998
19947,3.41
19948,1.6499999999999997
19949,5.779999999999999
19950,9.05
19951,5.99
19952,2.2399999999999998
19953,5.26
19954,0.8699999999999998
19955,5.84
19956,7.890000000000001
19957,9.999999999999998
19958,7.93
19959,8.379999999999999
19960,4.88
19961,2.3399999999999994
19962,3.86
19963,4.9799999999999995
19964,2.79
19965,5.13
19966,2.7
19967,8.2
19968,4.629999999999999
19969,8.59
19970,7.95
19971,7.809999999999999
19972,7.43
19973,6.329999999999999
19974,5.689999999999999
19975,0.74
19976,6.959999999999998
19977,3.76
19978,4.828825350780644
19979,6.58
19980,2.04
19981,5.38
19982,7.709999999999999
19983,6.67
19984,4.295888727732254
19985,4.9799999999999995
19986,5.58
19987,7.31
19988,5.26
19989,3.9
19990,7.1
19991,2.59
19992,6.536476052341932
19993,3.78
19994,6.3
19995,7.220000000000001
19996,6.7299999999999995
19997,3.1399999999999992
19998,5.5600000000000005
19999,5.720000000000001
20000,7.840000000000001
20001,9.5
20002,6.050587324609677
20003,5.2194126753903225
20004,6.34
20005,7.109999999999999
20006,5.85
20007,4.62
20008,7.890000000000001
20009,4.32
20010,6.4217619738290335
20011,6.459999999999999
20012,1.05
20013,8.52
20014,3.56
20015,6.409999999999999
20016,4.029999999999999
20017,4.89
20018,9.994126753903219
20019,3.7199999999999998
20020,6.4799999999999995
20021,4.789999999999999
20022,5.25
20023,2.18
20024,7.52
20025,2.4464760523419327
20026,3.1076507015612886
20027,9.999999999999998
20028,9.46
20029,7.407650701561288
20030,1.05
20031,7.7700000000000005
20032,4.9
20033,8.8
20034,7.19
20035,5.63
20036,8.32
20037,5.17
20038,6.27
20039,7.19
20040,7.031174649219355
20041,9.11
20042,7.34
20043,3.65
20044,6.83
20045,1.54
20046,6.591174649219357
20047,5.64
20048,8.909999999999998
20049,5.4399999999999995
20050,3.75
20051,5.5
20052,6.94
20053,6.0
20054,4.742936623048389
20055,6.3
20056,5.59
20057,4.82
20058,7.5
20059,8.36
20060,6.0200000000000005
20061,6.26
20062,4.09
20063,4.3
20064,2.27
20065,5.5200000000000005
20066,8.97
20067,9.995888727732254
20068,6.16
20069,3.76
20070,4.529999999999999
20071,8.41
20072,7.0
20073,7.34
20074,9.009999999999998
20075,8.99
20076,2.27
20077,4.7700000000000005
20078,9.92
20079,5.029999999999999
20080,8.02
20081,9.629999999999999
20082,4.779999999999999
20083,2.3899999999999997
20084,5.29
20085,7.26
20086,8.1
20087,9.16
20088,7.43
20089,3.9
20090,3.88
20091,7.809999999999999
20092,6.7700000000000005
20093,7.15
20094,9.999999999999998
20095,9.040000000000001
20096,7.379999999999999
20097,6.32
20098,7.26
20099,2.4
20100,6.14
20101,4.35
20102,5.87
20103,2.8600000000000003
20104,6.680000000000001
20105,7.9799999999999995
20106,5.84
20107,6.1899999999999995
20108,6.0200000000000005
20109,1.46
20110,1.86293662304839
20111,7.529999999999999
20112,3.16
20113,8.940000000000001
20114,4.14
20115,3.8200000000000003
20116,4.689999999999999
20117,3.45
20118,4.71
20119,3.27
20120,5.220000000000001
20121,5.75
20122,6.42
20123,2.2800000000000002
20124,3.4200000000000004
20125,8.24
20126,8.61
20127,4.45
20128,7.0
20129,8.690000000000001
20130,4.66
20131,5.029999999999999
20132,5.91
20133,4.59
20134,4.2
20135,9.78
20136,7.059999999999999
20137,5.63
20138,4.13
20139,9.440000000000001
20140,2.162952104683864
20141,2.52
20142,5.739999999999999
20143,9.41
20144,5.95
20145,8.83
20146,9.999999999999998
20147,6.640000000000001
20148,3.1
20149,5.17293662304839
20150,6.15
20151,2.1399999999999997
20152,5.739999999999999
20153,4.08
20154,6.409999999999999
20155,8.1
20156,1.9600000000000002
20157,2.47
20158,6.379999999999999
20159,7.33
20160,1.47
20161,2.51
20162,5.59
20163,6.58
20164,9.999999999999998
20165,9.999999999999998
20166,0.21
20167,5.3100000000000005
20168,5.90706337695161
20169,7.62
20170,5.8999999999999995
20171,5.257063376951609
20172,5.029999999999999
20173,4.51
20174,4.16293662304839
20175,6.51
20176,9.08
20177,9.999999999999998
20178,3.329412675390322
20179,8.15
20180,5.36
20181,9.88
20182,3.91
20183,9.68
20184,7.379999999999999
20185,6.590000000000001
20186,9.22
20187,4.2299999999999995
20188,4.88
20189,3.79
20190,4.09
20191,5.3
20192,9.999999999999998
20193,8.17
20194,8.99
20195,7.169999999999999
20196,4.82
20197,5.268825350780644
20198,7.51
20199,9.22
20200,4.26
20201,8.97
20202,2.07
20203,8.839999999999998
20204,5.89
20205,7.4399999999999995
20206,4.5200000000000005
20207,6.599999999999999
20208,6.069999999999999
20209,5.84
20210,9.84
20211,5.3
20212,5.2
20213,9.851174649219354
20214,4.13
20215,0.16999999999999996
20216,7.18
20217,4.999999999999999
20218,8.9
20219,6.55
20220,4.18
20221,5.398825350780644
20222,6.918238026170966
20223,7.55
20224,6.55
20225,7.7299999999999995
20226,5.75
20227,6.05
20228,7.059999999999999
20229,6.39
20230,4.7
20231,6.7700000000000005
20232,8.26
20233,8.25
20234,9.999999999999998
20235,5.3894126753903215
20236,7.209999999999999
20237,2.23
20238,5.76
20239,5.3100000000000005
20240,6.1899999999999995
20241,1.01
20242,7.18
20243,1.78
20244,9.3
20245,6.970000000000001
20246,7.5
20247,4.07
20248,7.26
20249,1.6
20250,4.39
20251,4.33
20252,6.76
20253,6.740000000000001
20254,2.91
20255,0.45999999999999996
20256,7.2
20257,1.9505873246096779
20258,3.56
20259,5.1899999999999995
20260,8.4
20261,3.309412675390322
20262,6.590000000000001
20263,6.29
20264,8.64
20265,9.71
20266,5.13
20267,6.379999999999999
20268,0.65
20269,5.159999999999999
20270,5.470000000000001
20271,6.2799999999999985
20272,6.266460570706458
20273,3.66
20274,1.5
20275,9.541761973829034
20276,8.52
20277,4.330587324609678
20278,5.130587324609678
20279,9.5
20280,5.57
20281,7.48
20282,5.04
20283,9.059999999999999
20284,5.71
20285,8.18234929843871
20286,6.56
20287,6.7700000000000005
20288,2.33
20289,5.34
20290,6.9799999999999995
20291,2.3399999999999994
20292,6.99
20293,6.779999999999999
20294,6.709999999999999
20295,6.220000000000001
20296,4.689999999999999
20297,0.8699999999999998
20298,6.252349298438712
20299,3.5299999999999994
20300,5.069999999999999
20301,6.277650701561287
20302,7.72
20303,2.29
20304,4.3
20305,7.0299999999999985
20306,5.65
20307,9.57
20308,3.1100000000000003
20309,5.68
20310,7.890000000000001
20311,5.6
20312,9.34
20313,8.129999999999999
20314,6.09
20315,3.24
20316,2.3899999999999997
20317,7.37
20318,3.9200000000000004
20319,6.489999999999999
20320,5.37
20321,5.13
20322,7.76
20323,9.68
20324,5.41
20325,5.09
20326,6.93
20327,6.4399999999999995
20328,3.88
20329,6.24
20330,3.0599999999999996
20331,5.58
20332,5.9799999999999995
20333,9.579999999999998
20334,5.4
20335,7.76
20336,8.05
20337,1.95
20338,2.33
20339,6.04
20340,2.31
20341,6.7299999999999995
20342,5.88
20343,8.03
20344,7.599999999999999
20345,7.42
20346,9.39
20347,7.869999999999999
20348,3.62
20349,5.4
20350,6.63
20351,6.83
20352,7.4399999999999995
20353,7.069999999999999
20354,3.91
20355,9.379999999999999
20356,7.72
20357,5.65
20358,5.9799999999999995
20359,8.49
20360,5.141174649219355
20361,3.7700000000000005
20362,4.5600000000000005
20363,2.5799999999999996
20364,5.85
20365,6.699999999999999
20366,7.069999999999999
20367,5.479999999999999
20368,4.11
20369,8.889999999999999
20370,4.65
20371,7.4399999999999995
20372,9.28
20373,7.409999999999999
20374,2.85
20375,4.419999999999999
20376,4.75
20377,3.0599999999999996
20378,8.559999999999999
20379,3.91
20380,1.0826370365486452e-19
20381,6.99
20382,5.89
20383,9.429999999999998
20384,8.05
20385,5.39
20386,3.78
20387,6.76
20388,6.4799999999999995
20389,4.39
20390,3.62
20391,6.379999999999999
20392,7.8
20393,6.902349298438712
20394,8.620000000000001
20395,4.9
20396,7.959999999999998
20397,5.57
20398,4.09
20399,7.709999999999999
20400,8.0
20401,7.869999999999999
20402,6.93
20403,5.670587324609678
20404,9.07
20405,4.26
20406,8.35
20407,7.29
20408,4.3
20409,6.890000000000001
20410,1.52
20411,4.591174649219356
20412,9.3
20413,4.99
20414,4.6
20415,7.43
20416,8.620000000000001
20417,7.48587324609678
20418,3.9
20419,5.8100000000000005
20420,8.120000000000001
20421,2.71
20422,6.680000000000001
20423,9.040000000000001
20424,5.37
20425,7.3
20426,5.45293662304839
20427,4.229412675390321
20428,9.22
20429,4.86
20430,3.09
20431,6.879999999999999
20432,8.620000000000001
20433,6.55
20434,5.739999999999999
20435,4.89
20436,4.88
20437,4.55
20438,8.396476052341933
20439,8.97
20440,4.76
20441,5.159999999999999
20442,2.6
20443,7.709999999999999
20444,4.45
20445,7.699999999999999
20446,8.78
20447,4.0
20448,1.63
20449,6.21
20450,2.59
20451,6.459999999999999
20452,8.5
20453,3.61
20454,9.209999999999999
20455,5.24
20456,6.76
20457,5.009999999999999
20458,9.190000000000001
20459,9.999999999999998
20460,4.5270633769516095
20461,2.81
20462,6.75
20463,5.06
20464,3.63
20465,1.9100000000000001
20466,8.465285921487101
20467,4.999999999999999
20468,4.178825350780643
20469,6.25
20470,5.13
20471,0.84
20472,5.781174649219355
20473,2.55
20474,6.909999999999999
20475,3.12
20476,7.059999999999999
20477,5.0200000000000005
20478,3.9399999999999995
20479,1.69
20480,5.39
20481,8.39
20482,8.09
20483,2.2600000000000002
20484,9.549209368685177e-20
20485,8.73
20486,6.99
20487,5.24
20488,2.6100000000000003
20489,5.12
20490,4.08
20491,3.26
20492,3.81
20493,9.999999999999998
20494,7.489999999999999
20495,1.1800000000000002
20496,3.15
20497,5.12
20498,1.3599999999999999
20499,8.58
20500,5.679412675390322
20501,7.68
20502,2.7699999999999996
20503,8.459999999999999
20504,5.319999999999999
20505,7.449999999999999
20506,2.133523947658068
20507,9.690000000000001
20508,7.82
20509,5.43
20510,7.8
20511,8.39
20512,4.09
20513,9.17
20514,7.582834537584667e-20
20515,3.47
20516,1.7199999999999998
20517,4.01
20518,4.14
20519,8.879999999999999
20520,3.5799999999999996
20521,8.209999999999999
20522,5.17
20523,4.71
20524,5.15
20525,6.34
20526,3.3299999999999996
20527,6.36
20528,7.31
20529,5.24
20530,9.009999999999998
20531,6.83
20532,3.2199999999999998
20533,7.109999999999999
20534,8.879999999999999
20535,8.27
20536,4.279999999999999
20537,7.970000000000001
20538,8.26
20539,4.897650701561289
20540,4.82
20541,8.32
20542,8.620000000000001
20543,5.689999999999999
20544,7.68
20545,4.66
20546,4.18
20547,3.97
20548,4.83
20549,6.99
20550,1.92
20551,7.6099999999999985
20552,7.209999999999999
20553,4.9
20554,9.03
20555,9.579999999999998
20556,7.24
20557,7.079999999999999
20558,9.999999999999998
20559,4.5
20560,9.81
20561,4.517650701561288
20562,9.16
20563,9.08
20564,2.91
20565,8.559999999999999
20566,6.4694126753903225
20567,7.079999999999999
20568,5.2299999999999995
20569,6.93
20570,3.4200000000000004
20571,5.029999999999999
20572,7.699999999999999
20573,8.209999999999999
20574,5.069999999999999
20575,7.63
20576,9.34
20577,9.92
20578,4.3
20579,5.758238026170966
20580,5.99
20581,7.0
20582,7.999412675390322
20583,7.669999999999999
20584,8.75
20585,7.449999999999999
20586,3.0599999999999996
20587,4.87
20588,8.92
20589,3.077650701561288
20590,5.4399999999999995
20591,5.45
20592,9.190000000000001
20593,5.61
20594,6.75
20595,8.8
20596,4.0200000000000005
20597,1.75
20598,4.92
20599,4.9799999999999995
20600,4.29
20601,6.379999999999999
20602,3.81
20603,7.0
20604,3.8499999999999996
20605,7.6499999999999995
20606,6.840587324609678
20607,3.479999999999999
20608,5.7
20609,9.190000000000001
20610,5.5299999999999985
20611,9.971761973829034
20612,5.6
20613,3.6899999999999995
20614,9.02
20615,5.66
20616,3.4399999999999995
20617,6.119999999999999
20618,8.120000000000001
20619,9.062349298438711
20620,6.970000000000001
20621,6.08
20622,4.7299999999999995
20623,6.599999999999999
20624,8.59
20625,5.466476052341933
20626,6.51
20627,9.059999999999999
20628,6.5200000000000005
20629,9.22
20630,9.92
20631,5.470000000000001
20632,2.69
20633,7.612936623048388
20634,4.59
20635,4.279999999999999
20636,6.119999999999999
20637,5.779999999999999
20638,6.069999999999999
20639,3.95
20640,5.34
20641,7.540000000000001
20642,6.662936623048389
20643,4.89
20644,5.809412675390322
20645,7.0200000000000005
20646,5.329999999999999
20647,1.8599999999999999
20648,2.3899999999999997
20649,5.58
20650,7.14
20651,6.470000000000001
20652,6.959999999999998
20653,2.62
20654,0.19
20655,7.14
20656,8.51
20657,9.999999999999998
20658,8.64
20659,2.75
20660,8.72
20661,8.040000000000001
20662,1.78
20663,9.090000000000002
20664,3.6
20665,4.479999999999999
20666,6.09
20667,4.689999999999999
20668,3.67
20669,7.640000000000001
20670,7.35
20671,5.51
20672,6.57
20673,7.63
20674,9.86
20675,4.1899999999999995
20676,8.65706337695161
20677,7.43
20678,6.16
20679,2.9899999999999998
20680,9.440000000000001
20681,4.279999999999999
20682,4.7700000000000005
20683,6.790000000000002
20684,4.21
20685,7.34
20686,7.131174649219356
20687,7.764698596877424
20688,6.7700000000000005
20689,0.8800000000000001
20690,7.840000000000001
20691,7.220000000000001
20692,7.970000000000001
20693,7.69
20694,7.93
20695,5.279999999999999
20696,3.15
20697,6.779999999999999
20698,5.188825350780643
20699,9.994714078512898
20700,0.25
20701,6.399412675390322
20702,8.28
20703,7.7700000000000005
20704,7.3
20705,7.93
20706,6.95
20707,1.16
20708,2.2399999999999998
20709,5.970000000000001
20710,8.658238026170967
20711,4.670587324609677
20712,6.488825350780644
20713,8.328825350780644
20714,9.359999999999998
20715,7.970000000000001
20716,5.79
20717,3.38
20718,8.58
20719,6.75
20720,7.05
20721,8.37
20722,4.37
20723,9.66
20724,7.37
20725,4.45
20726,3.57
20727,2.19
20728,6.27
20729,3.999412675390322
20730,5.84
20731,0.89
20732,0.6799999999999999
20733,8.95
20734,9.46
20735,8.64
20736,4.0
20737,4.75
20738,5.82
20739,2.05
20740,2.7699999999999996
20741,8.43
20742,6.92
20743,8.809999999999999
20744,6.92
20745,7.52
20746,3.76
20747,6.909999999999999
20748,8.49
20749,3.04
20750,8.309999999999999
20751,3.6
20752,3.41
20753,9.74
20754,1.7199999999999998
20755,2.02
20756,6.04
20757,8.58
20758,5.89
20759,6.640000000000001
20760,6.75
20761,5.93
20762,0.58
20763,7.5
20764,4.4399999999999995
20765,9.999999999999998
20766,5.09
20767,6.0088253507806435
20768,1.1400000000000001
20769,9.32
20770,3.7199999999999998
20771,5.8999999999999995
20772,5.029999999999999
20773,8.15
20774,6.06
20775,7.279999999999999
20776,8.93
20777,4.5
20778,9.959999999999999
20779,2.7
20780,7.709999999999999
20781,9.31
20782,8.129999999999999
20783,6.029999999999999
20784,8.559999999999999
20785,3.59
20786,4.220000000000001
20787,1.3800000000000001
20788,5.91
20789,0.22999999999999995
20790,6.858238026170966
20791,6.26
20792,8.7
20793,8.320649251151575
20794,8.17
20795,7.594111272267747
20796,8.28
20797,7.0299999999999985
20798,7.34
20799,6.37
20800,6.1899999999999995
20801,9.4
20802,8.440000000000001
20803,5.65
20804,7.12
20805,5.55
20806,3.7700000000000005
20807,4.86
20808,8.62293662304839
20809,4.8100000000000005
20810,8.1
20811,7.29
20812,8.75
20813,3.66
20814,9.11
20815,8.55
20816,8.1
20817,4.850587324609678
20818,8.459999999999999
20819,8.11
20820,6.63
20821,7.05
20822,7.709999999999999
20823,1.23
20824,6.809999999999999
20825,7.32
20826,9.08
20827,8.57
20828,1.1199999999999999
20829,8.379999999999999
20830,5.751174649219356
20831,5.220000000000001
20832,2.282349298438712
20833,5.67
20834,8.52941267539032
20835,6.970000000000001
20836,7.959999999999998
20837,7.83
20838,4.720000000000001
20839,4.789999999999999
20840,8.14
20841,7.19
20842,9.999999999999998
20843,3.97
20844,0.13999999999999996
20845,5.45
20846,5.1899999999999995
20847,6.0200000000000005
20848,8.059999999999999
20849,5.159999999999999
20850,6.869999999999999
20851,5.301761973829033
20852,7.7700000000000005
20853,4.25
20854,4.6
20855,1.56
20856,4.679999999999999
20857,5.7
20858,5.13
20859,4.39
20860,5.36
20861,5.99
20862,6.4399999999999995
20863,6.659999999999999
20864,4.04
20865,7.58
20866,8.57
20867,9.72
20868,6.709999999999999
20869,6.7700000000000005
20870,8.15
20871,4.999999999999999
20872,9.33
20873,6.6499999999999995
20874,7.83
20875,5.18
20876,5.799999999999999
20877,7.970000000000001
20878,5.3
20879,4.16
20880,9.996476052341931
20881,4.71
20882,8.42
20883,3.7
20884,5.66
20885,3.9899999999999998
20886,6.1899999999999995
20887,3.6399999999999997
20888,4.2
20889,9.42
20890,4.739999999999999
20891,8.51
20892,5.779999999999999
20893,3.979999999999999
20894,7.35
20895,8.68
20896,5.57
20897,7.796476052341932
20898,4.470000000000001
20899,1.3699999999999999
20900,4.85
20901,7.209999999999999
20902,9.45
20903,8.42
20904,6.24
20905,5.61
20906,9.999999999999998
20907,1.59
20908,9.999999999999998
20909,6.3
20910,5.83
20911,5.209999999999999
20912,5.64
20913,2.27
20914,3.9599845183645255
20915,9.25
20916,1.1
20917,3.5299999999999994
20918,6.9799999999999995
20919,1.1800000000000002
20920,6.26
20921,8.73
20922,5.34
20923,2.15
20924,9.64
20925,5.799999999999999
20926,2.5799999999999996
20927,5.5200000000000005
20928,5.5600000000000005
20929,4.220000000000001
20930,7.879999999999999
20931,6.75
20932,3.479999999999999
20933,5.63
20934,0.22999999999999995
20935,2.92
20936,9.68
20937,9.75
20938,9.529999999999998
20939,8.78
20940,9.994714078512898
20941,7.13
20942,6.21
20943,6.58
20944,1.9899999999999998
20945,5.009999999999999
20946,8.26
20947,4.789999999999999
20948,7.379999999999999
20949,6.62
20950,6.879999999999999
20951,5.63
20952,8.459999999999999
20953,8.807650701561288
20954,1.89
20955,2.92
20956,5.39
20957,7.2700000000000005
20958,6.09
20959,5.39
20960,4.739999999999999
20961,2.7800000000000002
20962,6.220000000000001
20963,8.280911424064062
20964,9.08
20965,1.5219099864480388e-19
20966,7.18
20967,4.09
20968,1.15
20969,5.41
20970,5.64
20971,2.1141112722677464
20972,7.229999999999999
20973,6.3100000000000005
20974,8.059999999999999
20975,8.08
20976,4.51
20977,5.67
20978,4.5600000000000005
20979,3.8499999999999996
20980,6.37
20981,5.95
20982,7.19
20983,9.17
20984,5.68
20985,6.75
20986,5.3
20987,5.220000000000001
20988,6.3100000000000005
20989,9.843523947658067
20990,9.59
20991,7.7299999999999995
20992,4.0
20993,3.24
20994,5.91
20995,4.12
20996,5.075841738028313
20997,7.659999999999999
20998,6.890000000000001
20999,5.99
21000,4.470000000000001
21001,6.779999999999999
21002,1.89
21003,6.382936623048389
21004,6.62
21005,8.209999999999999
21006,4.779999999999999
21007,4.25
21008,3.27
21009,6.5200000000000005
21010,6.6499999999999995
21011,8.73
21012,7.63
21013,7.090000000000001
21014,8.517650701561289
21015,5.91
21016,7.659999999999999
21017,3.7299999999999995
21018,5.662952104683864
21019,6.329999999999999
21020,6.0200000000000005
21021,1.6999999999999997
21022,7.51
21023,4.57
21024,5.17
21025,4.3100000000000005
21026,3.5799999999999996
21027,6.379999999999999
21028,5.39
21029,3.5200000000000005
21030,4.91
21031,0.99
21032,9.02
21033,6.32
21034,5.25
21035,1.9899999999999998
21036,7.63
21037,3.59
21038,8.24
21039,7.470000000000001
21040,6.971174649219357
21041,5.5200000000000005
21042,3.61
21043,6.119999999999999
21044,7.2700000000000005
21045,5.618825350780644
21046,8.440000000000001
21047,5.721761973829034
21048,4.57
21049,4.779999999999999
21050,6.7700000000000005
21051,4.64
21052,3.479999999999999
21053,5.95
21054,6.67
21055,8.59
21056,6.54
21057,2.1399999999999997
21058,3.96
21059,2.02
21060,3.922349298438712
21061,8.99
21062,1.6499999999999997
21063,2.18
21064,1.7199999999999998
21065,8.03
21066,4.83
21067,9.07
21068,4.17
21069,7.058825350780643
21070,5.41
21071,2.91
21072,5.43
21073,2.41
21074,9.999999999999998
21075,8.53
21076,9.996476052341931
21077,3.97
21078,2.33
21079,9.999999999999998
21080,2.15
21081,5.93
21082,8.471174649219357
21083,7.56
21084,6.57
21085,8.5
21086,8.01
21087,7.2700000000000005
21088,4.82
21089,2.038825350780644
21090,2.51
21091,6.58
21092,6.2299999999999995
21093,8.82
21094,7.18
21095,7.51
21096,1.7699999999999998
21097,2.8999999999999995
21098,4.25
21099,4.32
21100,6.69
21101,6.75
21102,4.08
21103,5.3100000000000005
21104,5.5299999999999985
21105,2.04
21106,4.5600000000000005
21107,4.7700000000000005
21108,5.8100000000000005
21109,6.34
21110,8.6
21111,6.869999999999999
21112,9.37
21113,7.69
21114,4.789999999999999
21115,5.38
21116,3.88
21117,8.11
21118,7.6682380261709655
21119,8.24
21120,4.84
21121,5.13
21122,7.640000000000001
21123,4.54
21124,8.53
21125,3.2299999999999995
21126,1.0699999999999998
21127,7.63
21128,7.15
21129,8.52
21130,6.790000000000002
21131,8.75
21132,6.04
21133,5.689999999999999
21134,6.18
21135,2.7699999999999996
21136,8.9
21137,6.99
21138,8.023523947658067
21139,6.25
21140,7.35
21141,7.359999999999999
21142,4.679999999999999
21143,3.26
21144,8.39
21145,6.258238026170965
21146,8.64
21147,4.36
21148,8.77
21149,6.4
21150,5.970000000000001
21151,7.460587324609677
21152,3.6799999999999997
21153,8.2
21154,9.190000000000001
21155,2.23
21156,9.67
21157,6.21
21158,7.470000000000001
21159,7.409999999999999
21160,5.646476052341932
21161,5.5299999999999985
21162,2.03
21163,3.2199999999999998
21164,5.739999999999999
21165,1.3
21166,7.529999999999999
21167,6.962349298438711
21168,4.6
21169,7.790000000000001
21170,5.11
21171,7.669999999999999
21172,2.8600000000000003
21173,5.27
21174,6.640000000000001
21175,7.229999999999999
21176,4.88
21177,6.1
21178,5.4
21179,5.83
21180,7.169999999999999
21181,4.51
21182,4.59
21183,6.43
21184,3.66
21185,5.7299999999999995
21186,5.2
21187,4.86
21188,9.2
21189,2.2800000000000002
21190,6.9799999999999995
21191,7.359999999999999
21192,5.7
21193,7.909999999999998
21194,6.0200000000000005
21195,5.4
21196,7.76
21197,7.18
21198,8.3
21199,4.0
21200,5.8100000000000005
21201,6.508803160051477
21202,6.887650701561288
21203,8.35
21204,6.72
21205,7.079999999999999
21206,7.659999999999999
21207,8.7
21208,5.4399999999999995
21209,6.54
21210,9.460380370475428e-20
21211,9.75
21212,9.23
21213,2.2399999999999998
21214,2.17706337695161
21215,7.52
21216,2.27
21217,7.040000000000001
21218,5.734111272267745
21219,6.69
21220,7.279999999999999
21221,9.75
21222,3.66
21223,4.9
21224,2.38
21225,6.05
21226,5.859999999999999
21227,9.901761973829034
21228,9.999999999999998
21229,6.709999999999999
21230,6.7700000000000005
21231,4.71
21232,4.59
21233,7.0200000000000005
21234,4.24
21235,5.87
21236,7.0
21237,2.41
21238,7.82
21239,5.62
21240,2.2399999999999998
21241,4.83
21242,9.997063376951608
21243,3.8200000000000003
21244,1.8217619738290338
21245,4.76
21246,4.739999999999999
21247,7.1
21248,7.0123492984387115
21249,3.87
21250,5.689999999999999
21251,7.33
21252,6.459999999999999
21253,5.258238026170965
21254,9.16
21255,7.56
21256,7.33
21257,6.93
21258,7.42
21259,9.49
21260,3.12
21261,1.3299999999999998
21262,4.629999999999999
21263,5.220000000000001
21264,6.590000000000001
21265,3.47
21266,3.62
21267,4.0200000000000005
21268,5.13
21269,8.95
21270,7.2700000000000005
21271,5.26
21272,5.65
21273,9.02
21274,8.95
21275,5.57
21276,4.71
21277,4.67
21278,0.6
21279,8.120000000000001
21280,6.5299999999999985
21281,7.590000000000002
21282,5.13
21283,8.08
21284,3.46
21285,6.640000000000001
21286,7.709999999999999
21287,5.62
21288,7.669999999999999
21289,6.09
21290,9.129999999999999
21291,4.86
21292,4.71
21293,6.72
21294,7.85
21295,7.040000000000001
21296,7.590000000000002
21297,3.7999999999999994
21298,2.8699999999999997
21299,7.4
21300,5.123523947658068
21301,3.71
21302,4.196460570706457
21303,5.7299999999999995
21304,2.98
21305,7.763523947658068
21306,7.159999999999999
21307,4.1
21308,5.64
21309,8.809999999999999
21310,7.109999999999999
21311,5.06
21312,8.64
21313,4.87
21314,4.9799999999999995
21315,7.970000000000001
21316,9.05
21317,1.7100000000000002
21318,2.32
21319,8.47
21320,4.17
21321,7.449999999999999
21322,5.720000000000001
21323,1.51
21324,8.379999999999999
21325,6.599999999999999
21326,7.33
21327,5.41
21328,9.243523947658067
21329,8.37
21330,3.46
21331,7.709999999999999
21332,2.67
21333,5.159999999999999
21334,9.999999999999998
21335,7.194714078512899
21336,7.92
21337,4.6
21338,3.09
21339,3.4200000000000004
21340,1.5
21341,7.449999999999999
21342,6.9694126753903225
21343,3.5299999999999994
21344,5.050000000000001
21345,5.799999999999999
21346,6.599999999999999
21347,3.4200000000000004
21348,2.7800000000000002
21349,6.26
21350,7.470000000000001
21351,7.69
21352,6.94
21353,6.459999999999999
21354,4.1899999999999995
21355,5.06
21356,7.51
21357,9.4
21358,6.3641112722677455
21359,7.56
21360,8.690000000000001
21361,5.57
21362,5.009999999999999
21363,8.040000000000001
21364,1.0729366230483897
21365,4.83
21366,9.57
21367,6.4799999999999995
21368,4.5200000000000005
21369,5.4399999999999995
21370,4.629999999999999
21371,6.046476052341932
21372,3.01
21373,5.87
21374,4.65
21375,4.8135239476580685
21376,7.51
21377,4.8
21378,9.07706337695161
21379,9.999999999999998
21380,6.72
21381,7.2
21382,5.51
21383,4.36
21384,6.599999999999999
21385,7.68
21386,3.7299999999999995
21387,4.87
21388,5.68
21389,7.0
21390,7.470000000000001
21391,6.069999999999999
21392,2.85
21393,2.79
21394,6.63
21395,7.26
21396,2.3899999999999997
21397,8.47
21398,7.279999999999999
21399,5.2299999999999995
21400,2.55
21401,5.87
21402,5.38
21403,8.76
21404,3.67
21405,7.93
21406,3.05
21407,8.040000000000001
21408,3.3700000000000006
21409,2.47
21410,8.839999999999998
21411,9.359999999999998
21412,5.029999999999999
21413,9.540000000000001
21414,7.470000000000001
21415,5.92
21416,0.84
21417,7.659412675390321
21418,6.55
21419,9.999999999999998
21420,6.05
21421,4.982936623048389
21422,3.46
21423,0.3399999999999999
21424,8.07
21425,4.37
21426,7.05
21427,5.83
21428,5.49
21429,3.9399999999999995
21430,8.61
21431,2.2800000000000002
21432,7.72
21433,7.059999999999999
21434,5.34
21435,7.74
21436,9.37
21437,9.899999999999999
21438,7.68
21439,5.41
21440,6.211174649219355
21441,8.18
21442,4.51
21443,4.789999999999999
21444,6.599999999999999
21445,6.55
21446,7.779999999999999
21447,4.21
21448,7.58
21449,5.75
21450,3.84
21451,5.82
21452,8.72
21453,8.16
21454,6.409999999999999
21455,5.029999999999999
21456,3.71
21457,9.088238026170966
21458,7.0200000000000005
21459,5.188825350780643
21460,5.57
21461,6.0200000000000005
21462,3.67
21463,9.999999999999998
21464,4.49
21465,7.69
21466,4.05
21467,9.77
21468,6.5200000000000005
21469,3.2499999999999996
21470,3.2999999999999994
21471,4.9799999999999995
21472,6.24
21473,6.37
21474,3.4399999999999995
21475,3.7
21476,3.27
21477,2.08
21478,6.69
21479,9.57
21480,6.75
21481,3.12
21482,6.790000000000002
21483,9.259999999999998
21484,8.1
21485,6.759412675390322
21486,2.9335239476580677
21487,7.69
21488,1.16
21489,7.180587324609678
21490,6.680000000000001
21491,9.52
21492,6.72
21493,6.39
21494,7.94
21495,7.890000000000001
21496,4.96
21497,5.92
21498,9.28
21499,2.8899999999999997
21500,4.479999999999999
21501,5.42
21502,5.319999999999999
21503,4.29
21504,5.85
21505,3.74
21506,5.69692404223234
21507,7.869999999999999
21508,7.69
21509,6.615301403122576
21510,6.4
21511,5.6
21512,7.6099999999999985
21513,6.72
21514,8.75
21515,4.5600000000000005
21516,6.659999999999999
21517,4.629999999999999
21518,9.8
21519,7.94
21520,2.96
21521,2.01
21522,5.970000000000001
21523,9.32
21524,5.2
21525,7.63
21526,5.1
21527,3.5299999999999994
21528,8.58
21529,5.85
21530,7.0
21531,7.109999999999999
21532,9.75
21533,6.6499999999999995
21534,4.08
21535,3.07
21536,3.96
21537,9.259999999999998
21538,2.1100000000000003
21539,3.9299999999999997
21540,4.32
21541,5.62
21542,5.83
21543,5.63
21544,8.36
21545,4.66
21546,2.4999999999999996
21547,8.08
21548,7.2700000000000005
21549,5.26
21550,9.995301403122575
21551,7.94
21552,4.04
21553,6.470000000000001
21554,2.05
21555,7.7700000000000005
21556,8.481761973829034
21557,7.669999999999999
21558,2.6599999999999997
21559,2.7600000000000002
21560,8.11
21561,9.03
21562,8.67706337695161
21563,5.34
21564,5.57
21565,5.99
21566,4.32
21567,7.7700000000000005
21568,7.669999999999999
21569,8.68
21570,5.65
21571,4.7299999999999995
21572,7.809999999999999
21573,8.27
21574,3.5799999999999996
21575,3.7999999999999994
21576,9.999999999999998
21577,9.009999999999998
21578,6.35
21579,8.15
21580,8.18
21581,3.17
21582,4.05
21583,5.220000000000001
21584,4.9799999999999995
21585,6.869999999999999
21586,8.459999999999999
21587,6.55
21588,3.59
21589,6.45
21590,3.4200000000000004
21591,7.32
21592,9.999999999999998
21593,8.83
21594,3.13
21595,7.669999999999999
21596,8.02
21597,6.029999999999999
21598,5.279999999999999
21599,4.550587324609678
21600,6.15
21601,4.4
21602,0.5700000000000001
21603,9.359999999999998
21604,5.7700000000000005
21605,8.45
21606,3.57
21607,5.65
21608,6.51
21609,5.68
21610,5.0200000000000005
21611,6.63
21612,3.57
21613,9.28
21614,5.470000000000001
21615,4.05
21616,5.8100000000000005
21617,6.32
21618,8.59
21619,9.83
21620,2.07
21621,9.66
21622,6.4399999999999995
21623,8.620000000000001
21624,9.68
21625,7.779999999999999
21626,6.489999999999999
21627,6.5200000000000005
21628,9.999999999999998
21629,8.86
21630,9.02
21631,4.2
21632,4.1899999999999995
21633,5.38
21634,2.63
21635,6.14
21636,6.69
21637,5.18
21638,7.879999999999999
21639,6.879999999999999
21640,9.995888727732254
21641,6.69
21642,6.83
21643,9.999999999999998
21644,6.879999999999999
21645,6.659999999999999
21646,4.39
21647,7.037650701561289
21648,5.971761973829035
21649,8.09
21650,4.86
21651,2.2
21652,4.9
21653,5.91
21654,3.87
21655,6.4399999999999995
21656,6.869999999999999
21657,7.24
21658,7.63
21659,4.07
21660,6.379999999999999
21661,0.52
21662,4.967650701561289
21663,8.09
21664,2.41
21665,4.21
21666,2.82
21667,6.124714078512898
21668,6.1
21669,9.27
21670,5.770555097592373e-20
21671,6.42
21672,4.779999999999999
21673,3.1100000000000003
21674,4.2594126753903225
21675,5.0200000000000005
21676,8.61
21677,5.4399999999999995
21678,4.9399999999999995
21679,9.7
21680,3.8200000000000003
21681,9.854575808289653e-20
21682,8.839999999999998
21683,4.25
21684,6.56
21685,9.5
21686,5.15
21687,6.2799999999999985
21688,6.72
21689,5.13
21690,9.64
21691,4.49
21692,6.42
21693,2.54
21694,7.741174649219356
21695,6.119999999999999
21696,9.999999999999998
21697,5.96
21698,1.78
21699,7.7299999999999995
21700,6.029999999999999
21701,7.32
21702,1.66
21703,8.790000000000001
21704,1.9100000000000001
21705,8.78
21706,3.7
21707,7.2
21708,5.767063376951611
21709,4.39
21710,9.999999999999998
21711,6.709999999999999
21712,2.9299999999999997
21713,4.45
21714,3.7999999999999994
21715,4.15
21716,7.209999999999999
21717,5.35
21718,3.67
21719,7.15
21720,3.7299999999999995
21721,7.68
21722,9.999999999999998
21723,7.220000000000001
21724,5.11
21725,7.040000000000001
21726,9.52
21727,7.4399999999999995
21728,4.89
21729,4.4
21730,7.8
21731,7.699999999999999
21732,1.1691587404106875e-19
21733,3.9399999999999995
21734,1.4
21735,6.3
21736,7.209999999999999
21737,7.05
21738,2.19
21739,9.5
21740,9.8
21741,8.809999999999999
21742,3.03
21743,6.809999999999999
21744,3.4200000000000004
21745,4.529999999999999
21746,5.5
21747,1.5
21748,9.999999999999998
21749,7.159999999999999
21750,7.709999999999999
21751,5.13
21752,7.52
21753,9.999999999999998
21754,6.93
21755,7.0299999999999985
21756,2.92
21757,5.88
21758,5.8894126753903215
21759,5.29
21760,7.63
21761,7.15
21762,9.129999999999999
21763,8.76
21764,5.83
21765,5.09
21766,3.51
21767,2.6188253507806443
21768,5.720000000000001
21769,3.9399999999999995
21770,4.929412675390322
21771,2.85
21772,6.69
21773,3.8200000000000003
21774,0.41
21775,5.366476052341933
21776,8.55
21777,4.89
21778,6.75
21779,6.29
21780,6.680000000000001
21781,1.9600000000000002
21782,6.26
21783,3.3899999999999997
21784,7.870587324609677
21785,8.01
21786,4.720000000000001
21787,3.7611746492193556
21788,9.849999999999998
21789,3.8200000000000003
21790,5.43
21791,6.809999999999999
21792,6.21
21793,7.859999999999999
21794,6.74706337695161
21795,9.999999999999998
21796,6.699999999999999
21797,6.92
21798,8.536277650003001e-20
21799,4.0600000000000005
21800,7.18
21801,2.6399999999999997
21802,4.7700000000000005
21803,4.18
21804,9.27
21805,6.45
21806,7.890000000000001
21807,7.56
21808,2.7800000000000002
21809,4.21
21810,3.7
21811,8.209999999999999
21812,8.36
21813,9.999999999999998
21814,6.15
21815,9.598825350780643
21816,6.799999999999999
21817,8.64
21818,5.85
21819,6.42
21820,8.95
21821,7.26
21822,8.59
21823,8.120587324609678
21824,6.849999999999999
21825,5.3
21826,7.890000000000001
21827,6.193539429293542
21828,6.55
21829,2.88
21830,5.84
21831,3.3899999999999997
21832,3.01
21833,2.79
21834,6.99
21835,8.68
21836,5.39
21837,4.629999999999999
21838,8.909999999999998
21839,2.96
21840,7.9
21841,6.970000000000001
21842,9.432711168821949e-20
21843,9.690000000000001
21844,8.658238026170967
21845,6.39
21846,6.790000000000002
21847,7.790000000000001
21848,3.08
21849,7.659999999999999
21850,4.37
21851,4.18
21852,6.16
21853,7.12
21854,4.55
21855,6.08
21856,5.17
21857,7.764698596877424
21858,6.42
21859,8.1
21860,7.52
21861,2.1399999999999997
21862,7.460587324609677
21863,5.96
21864,8.959999999999997
21865,6.790000000000002
21866,8.670587324609677
21867,4.67
21868,4.8
21869,5.470000000000001
21870,6.859999999999999
21871,7.42
21872,4.57
21873,9.16
21874,8.209999999999999
21875,7.68
21876,5.61
21877,5.25
21878,5.1
21879,4.4399999999999995
21880,8.37
21881,5.1899999999999995
21882,6.790000000000002
21883,4.89
21884,7.908825350780643
21885,9.42
21886,3.24
21887,4.46
21888,6.329999999999999
21889,4.4
21890,7.379999999999999
21891,3.86
21892,5.25
21893,3.5200000000000005
21894,7.4399999999999995
21895,9.999999999999998
21896,7.159999999999999
21897,5.720000000000001
21898,5.2299999999999995
21899,6.009999999999999
21900,1.3299999999999998
21901,4.029999999999999
21902,6.09
21903,7.95
21904,4.0
21905,9.32
21906,6.5299999999999985
21907,6.7299999999999995
21908,9.062349298438711
21909,7.159999999999999
21910,5.801761973829033
21911,3.36
21912,6.26
21913,7.94
21914,8.57
21915,3.36
21916,7.7299999999999995
21917,4.27
21918,5.87
21919,8.52
21920,9.999999999999998
21921,8.52
21922,9.999999999999998
21923,6.659999999999999
21924,8.47871012844855
21925,4.58
21926,5.3100000000000005
21927,7.2
21928,6.640000000000001
21929,8.809999999999999
21930,7.540000000000001
21931,9.45
21932,3.9899999999999998
21933,4.45
21934,3.4200000000000004
21935,4.529999999999999
21936,5.9799999999999995
21937,5.3
21938,8.95
21939,8.02
21940,3.7199999999999998
21941,5.08
21942,8.35
21943,4.0600000000000005
21944,6.4
21945,3.79
21946,6.970000000000001
21947,9.999999999999998
21948,5.3100000000000005
21949,8.48
21950,6.5299999999999985
21951,7.970000000000001
21952,4.25
21953,4.478825350780643
21954,4.919412675390322
21955,6.83
21956,3.62
21957,8.129999999999999
21958,7.5
21959,3.65
21960,2.6399999999999997
21961,3.88
21962,7.43
21963,8.728238026170967
21964,8.68
21965,9.998825350780644
21966,7.05
21967,4.18
21968,7.15
21969,9.999999999999998
21970,5.06
21971,2.06
21972,6.9694126753903225
21973,6.840000000000001
21974,6.640000000000001
21975,0.06999999999999995
21976,7.51
21977,5.06
21978,9.93
21979,7.0
21980,6.76
21981,4.720000000000001
21982,6.32
21983,5.59
21984,5.42
21985,8.77
21986,9.45
21987,3.3200000000000003
21988,5.95
21989,8.129999999999999
21990,7.840000000000001
21991,5.88
21992,3.12
21993,6.94
21994,2.5799999999999996
21995,4.08
21996,4.495285921487102
21997,2.88
21998,5.720000000000001
21999,7.109999999999999
22000,5.42
22001,3.91
22002,5.38
22003,1.93
22004,3.09
22005,5.1
22006,5.15
22007,9.999999999999998
22008,6.95
22009,9.18
22010,1.6499999999999997
22011,6.680000000000001
22012,7.599999999999999
22013,7.57
22014,6.67
22015,6.26
22016,7.209999999999999
22017,4.86
22018,3.979999999999999
22019,3.05
22020,5.36
22021,6.001689315735114
22022,6.94
22023,6.24
22024,3.1399999999999992
22025,4.949999999999999
22026,2.59
22027,9.479999999999999
22028,9.74
22029,8.1
22030,6.651761973829034
22031,7.912349298438711
22032,3.71
22033,7.74
22034,5.13
22035,7.57
22036,7.540000000000001
22037,2.7699999999999996
22038,7.6099999999999985
22039,3.66
22040,8.584111272267746
22041,6.0
22042,5.46
22043,6.35
22044,9.42
22045,7.1
22046,8.41
22047,5.83
22048,9.82
22049,6.038825350780644
22050,3.91
22051,2.02
22052,7.9
22053,9.999999999999998
22054,5.062349298438712
22055,8.26
22056,7.52
22057,5.99
22058,2.6599999999999997
22059,5.06
22060,7.859999999999999
22061,6.83
22062,3.8299999999999996
22063,5.5
22064,7.42
22065,3.1399999999999992
22066,2.8699999999999997
22067,5.689999999999999
22068,7.459999999999999
22069,7.5
22070,6.779999999999999
22071,6.709999999999999
22072,5.12
22073,7.69
22074,3.5799999999999996
22075,7.51
22076,6.42
22077,8.940000000000001
22078,8.559999999999999
22079,8.889999999999999
22080,4.45
22081,8.0
22082,2.08
22083,8.622349298438712
22084,1.1300000000000001
22085,2.54
22086,4.689999999999999
22087,1.54
22088,6.890000000000001
22089,6.809999999999999
22090,4.8
22091,7.379999999999999
22092,9.999999999999998
22093,7.26
22094,5.35
22095,5.04
22096,7.065888727732254
22097,5.87
22098,8.870000000000001
22099,7.94
22100,2.57
22101,5.95
22102,7.4399999999999995
22103,8.177650701561287
22104,1.68
22105,5.791174649219355
22106,3.9299999999999997
22107,8.05
22108,5.479999999999999
22109,2.62
22110,6.740000000000001
22111,7.091174649219357
22112,6.879999999999999
22113,4.92
22114,9.999999999999998
22115,7.13
22116,4.84
22117,3.5299999999999994
22118,8.15
22119,3.2
22120,3.3499999999999996
22121,9.99
22122,6.9799999999999995
22123,5.83
22124,8.95
22125,4.689999999999999
22126,7.58
22127,8.629999999999999
22128,2.19
22129,8.08
22130,6.27
22131,6.09
22132,6.62
22133,6.08
22134,6.69
22135,6.26
22136,5.42
22137,5.470000000000001
22138,5.57
22139,5.55
22140,6.94
22141,7.94
22142,6.35
22143,6.37
22144,9.11
22145,4.934126753903219
22146,4.58
22147,4.88
22148,2.92
22149,7.840000000000001
22150,6.466476052341933
22151,3.2
22152,8.24
22153,1.34
22154,2.45
22155,4.949999999999999
22156,4.01
22157,5.84
22158,7.890000000000001
22159,5.279999999999999
22160,9.997063376951608
22161,3.7
22162,5.8999999999999995
22163,5.220000000000001
22164,3.96
22165,6.58
22166,4.57
22167,6.879999999999999
22168,7.4
22169,5.45
22170,2.97
22171,6.328238026170966
22172,3.78
22173,6.93
22174,3.71
22175,4.679999999999999
22176,3.9899999999999998
22177,0.6799999999999999
22178,6.08
22179,5.069999999999999
22180,7.379999999999999
22181,5.799999999999999
22182,4.21
22183,9.24
22184,5.68
22185,5.89
22186,6.220000000000001
22187,9.120000000000001
22188,6.470000000000001
22189,4.26
22190,5.83
22191,4.36
22192,6.37
22193,6.879999999999999
22194,2.32
22195,4.09
22196,5.38
22197,6.04
22198,7.48
22199,6.62
22200,5.71
22201,5.88
22202,4.9399999999999995
22203,9.84
22204,4.38
22205,8.5
22206,6.95
22207,4.34
22208,3.7700000000000005
22209,8.24
22210,9.32
22211,9.540000000000001
22212,6.680000000000001
22213,7.48
22214,4.7299999999999995
22215,6.599999999999999
22216,7.869999999999999
22217,3.808825350780644
22218,4.7700000000000005
22219,9.34
22220,2.79
22221,7.32
22222,6.29
22223,7.4
22224,2.3600000000000003
22225,3.6
22226,5.6
22227,5.82
22228,6.425285921487101
22229,4.13
22230,4.24
22231,8.39
22232,8.07
22233,7.909999999999998
22234,6.069999999999999
22235,6.497650701561287
22236,2.2399999999999998
22237,4.37
22238,6.039412675390322
22239,3.59
22240,6.4799999999999995
22241,8.0
22242,3.7
22243,6.499999999999999
22244,5.4
22245,7.57
22246,8.889999999999999
22247,5.93
22248,9.009999999999998
22249,5.43
22250,4.779999999999999
22251,3.2499999999999996
22252,4.62
22253,9.5
22254,9.999999999999998
22255,4.91
22256,7.109999999999999
22257,9.999999999999998
22258,7.37
22259,1.0699999999999998
22260,2.97
22261,4.738238026170966
22262,5.0200000000000005
22263,7.879999999999999
22264,3.24
22265,6.37
22266,4.999999999999999
22267,3.4105873246096783
22268,3.057650701561288
22269,6.2
22270,7.76
22271,4.220000000000001
22272,8.5
22273,0.74
22274,4.2299999999999995
22275,7.125888727732254
22276,6.2799999999999985
22277,9.120000000000001
22278,7.4399999999999995
22279,1.5699999999999996
22280,9.37
22281,4.3458732460967795
22282,4.5600000000000005
22283,5.209999999999999
22284,9.540000000000001
22285,6.63
22286,5.76
22287,5.08
22288,7.169999999999999
22289,7.92
22290,2.81
22291,1.3199999999999998
22292,8.67
22293,5.539999999999999
22294,7.24
22295,9.040000000000001
22296,5.42
22297,3.6
22298,6.840000000000001
22299,7.56
22300,3.881761973829034
22301,5.859999999999999
22302,6.809999999999999
22303,4.43
22304,4.12
22305,7.890000000000001
22306,9.47
22307,8.290000000000001
22308,7.489999999999999
22309,7.540000000000001
22310,9.992952104683864
22311,4.720000000000001
22312,5.18
22313,4.14
22314,7.14
22315,4.2
22316,5.050000000000001
22317,8.3
22318,2.1100000000000003
22319,6.859999999999999
22320,6.9799999999999995
22321,3.5399999999999996
22322,4.910587324609678
22323,7.699999999999999
22324,5.887650701561287
22325,2.53
22326,3.5729366230483897
22327,4.4399999999999995
22328,5.5200000000000005
22329,4.76
22330,6.94
22331,7.05
22332,4.55
22333,7.4
22334,9.997650701561287
22335,5.2299999999999995
22336,5.76
22337,6.99
22338,5.050000000000001
22339,8.18
22340,9.999999999999998
22341,1.05
22342,6.0
22343,7.359999999999999
22344,4.25293662304839
22345,6.009999999999999
22346,0.79
22347,6.76
22348,4.9399999999999995
22349,7.279999999999999
22350,6.2299999999999995
22351,4.5305873246096775
22352,4.9399999999999995
22353,8.48
22354,6.0
22355,7.55
22356,6.489999999999999
22357,5.42
22358,7.079999999999999
22359,4.781174649219355
22360,4.51
22361,1.5699999999999996
22362,6.2299999999999995
22363,4.5600000000000005
22364,9.39
22365,9.379999999999999
22366,7.509412675390322
22367,4.3
22368,4.58
22369,8.361174649219356
22370,4.2
22371,6.42
22372,6.94
22373,3.47
22374,6.55
22375,3.62
22376,9.999999999999998
22377,6.13
22378,2.8
22379,9.2
22380,8.790000000000001
22381,5.34
22382,7.599999999999999
22383,8.32
22384,4.96
22385,3.4899999999999998
22386,6.57
22387,3.791761973829034
22388,7.209260557761174e-20
22389,9.379999999999999
22390,2.8600000000000003
22391,5.5299999999999985
22392,9.14
22393,8.08
22394,9.83
22395,7.809999999999999
22396,9.75
22397,9.5
22398,5.92
22399,4.419999999999999
22400,1.2499999999999998
22401,6.4799999999999995
22402,8.97
22403,7.379999999999999
22404,6.779999999999999
22405,6.21
22406,8.8
22407,1.8199999999999998
22408,9.359999999999998
22409,1.58
22410,6.0
22411,3.75
22412,8.45
22413,8.43
22414,7.2
22415,5.09
22416,2.2099999999999995
22417,8.74
22418,4.9
22419,9.999999999999998
22420,5.5200000000000005
22421,6.840000000000001
22422,6.27
22423,3.5399999999999996
22424,8.190000000000001
22425,3.9899999999999998
22426,7.63
22427,7.5
22428,8.74
22429,4.779999999999999
22430,7.34
22431,3.7199999999999998
22432,5.27
22433,1.49
22434,6.471761973829034
22435,3.6799999999999997
22436,5.5200000000000005
22437,7.079999999999999
22438,6.14
22439,1.0304188729381899e-19
22440,5.970000000000001
22441,6.63
22442,8.99
22443,9.998238026170965
22444,7.390000000000001
22445,8.059999999999999
22446,5.42
22447,1.9600000000000002
22448,8.9
22449,5.2
22450,5.99
22451,7.169999999999999
22452,6.2299999999999995
22453,4.5
22454,4.479999999999999
22455,3.7
22456,7.38293662304839
22457,4.689999999999999
22458,5.12
22459,4.57
22460,7.37
22461,6.609999999999999
22462,2.3399999999999994
22463,5.75
22464,7.379999999999999
22465,5.5600000000000005
22466,6.029999999999999
22467,7.109999999999999
22468,4.7
22469,7.55
22470,7.7700000000000005
22471,7.9799999999999995
22472,4.9399999999999995
22473,4.3100000000000005
22474,6.32
22475,1.16
22476,8.940000000000001
22477,8.14
22478,8.059999999999999
22479,5.279999999999999
22480,5.06
22481,7.699999999999999
22482,4.96
22483,6.459999999999999
22484,6.26
22485,0.6799999999999999
22486,4.629999999999999
22487,7.2700000000000005
22488,3.27
22489,4.33
22490,7.0200000000000005
22491,8.309999999999999
22492,8.97
22493,5.712961422023166
22494,1.52
22495,8.76
22496,4.14
22497,8.73
22498,5.970000000000001
22499,9.009999999999998
22500,7.31
22501,4.33
22502,3.08
22503,7.590000000000002
22504,5.43
22505,5.34
22506,8.379999999999999
22507,2.84
22508,3.01
22509,5.15
22510,7.0200000000000005
22511,4.58
22512,8.42
22513,3.09
22514,8.290000000000001
22515,8.879999999999999
22516,7.009999999999999
22517,4.9799999999999995
22518,4.71
22519,7.659999999999999
22520,5.279999999999999
22521,2.83
22522,8.0
22523,7.879999999999999
22524,2.8570633769516105
22525,4.86
22526,8.629999999999999
22527,6.489999999999999
22528,3.479999999999999
22529,7.879999999999999
22530,4.45
22531,6.840000000000001
22532,4.51
22533,4.27
22534,5.96
22535,2.54
22536,3.5299999999999994
22537,2.32
22538,1.80605653361593e-19
22539,4.51
22540,7.659999999999999
22541,9.201174649219356
22542,5.0923492984387115
22543,6.379999999999999
22544,9.66
22545,3.59
22546,8.790000000000001
22547,7.43
22548,5.485888727732255
22549,6.859999999999999
22550,7.079999999999999
22551,6.37
22552,7.19
22553,3.8170633769516105
22554,7.62
22555,1.8399999999999999
22556,6.5200000000000005
22557,5.3
22558,7.7700000000000005
22559,8.28
22560,6.840000000000001
22561,1.75
22562,6.694111272267746
22563,3.31
22564,9.22
22565,6.94
22566,5.209999999999999
22567,5.079412675390322
22568,5.82
22569,9.66
22570,5.209999999999999
22571,7.869999999999999
22572,4.479412675390321
22573,4.87
22574,5.58
22575,7.449999999999999
22576,4.689999999999999
22577,1.602793071012391e-19
22578,6.55
22579,4.57
22580,3.05
22581,8.26
22582,7.43
22583,0.9282380261709661
22584,2.2099999999999995
22585,4.76
22586,5.470000000000001
22587,3.479999999999999
22588,3.9200000000000004
22589,4.8100000000000005
22590,6.1
22591,8.5
22592,3.2199999999999998
22593,5.64
22594,9.540000000000001
22595,8.41
22596,5.539999999999999
22597,0.79
22598,6.56
22599,8.709999999999999
22600,3.76
22601,1.73
22602,7.0299999999999985
22603,5.55
22604,9.379999999999999
22605,6.7299999999999995
22606,4.6
22607,6.3100000000000005
22608,2.5799999999999996
22609,3.1899999999999995
22610,6.970000000000001
22611,9.92
22612,7.107650701561287
22613,6.909999999999999
22614,1.93
22615,4.21
22616,7.879999999999999
22617,5.5
22618,4.689999999999999
22619,8.68
22620,4.07
22621,6.9
22622,9.02
22623,4.88
22624,6.29
22625,4.83
22626,6.18
22627,4.847650701561288
22628,9.84
22629,7.85
22630,6.15
22631,6.470000000000001
22632,2.63
22633,9.1
22634,9.999999999999998
22635,7.069999999999999
22636,8.76647605234193
22637,8.76
22638,6.58
22639,5.4399999999999995
22640,2.18
22641,3.18
22642,6.674714078512898
22643,0.94
22644,5.29
22645,4.5200000000000005
22646,6.840000000000001
22647,3.36
22648,4.29
22649,7.889412675390322
22650,6.890000000000001
22651,1.22
22652,7.12
22653,4.54
22654,4.568825350780644
22655,7.459999999999999
22656,8.839999999999998
22657,5.39
22658,6.409999999999999
22659,5.641761973829034
22660,2.3399999999999994
22661,6.11
22662,5.76
22663,7.5123492984387115
22664,7.209999999999999
22665,9.05
22666,6.6499999999999995
22667,3.3999999999999995
22668,9.629999999999999
22669,3.4200000000000004
22670,6.890000000000001
22671,4.13
22672,6.51
22673,6.35
22674,9.49
22675,3.81
22676,7.427063376951609
22677,5.83
22678,5.11
22679,3.9399999999999995
22680,6.9799999999999995
22681,3.87
22682,5.970000000000001
22683,8.02
22684,8.58
22685,4.86
22686,5.177635219925814
22687,3.31
22688,5.009999999999999
22689,6.869999999999999
22690,6.72
22691,5.717650701561289
22692,7.0299999999999985
22693,4.04
22694,6.6499999999999995
22695,4.04
22696,6.029999999999999
22697,1.8399999999999999
22698,2.1
22699,4.911761973829035
22700,7.12
22701,3.4399999999999995
22702,5.7700000000000005
22703,7.879999999999999
22704,5.62
22705,4.779999999999999
22706,3.45
22707,6.34
22708,7.12
22709,8.25
22710,8.36
22711,4.04
22712,5.38
22713,7.32
22714,7.659999999999999
22715,5.319999999999999
22716,5.9399999999999995
22717,1.7100000000000002
22718,4.720000000000001
22719,2.16
22720,8.83
22721,6.1899999999999995
22722,6.69
22723,7.85
22724,8.705301403122576
22725,7.109999999999999
22726,6.859999999999999
22727,7.05
22728,8.290000000000001
22729,2.9499999999999997
22730,5.42
22731,4.87
22732,3.158238026170966
22733,9.22
22734,9.999999999999998
22735,8.8
22736,7.970000000000001
22737,7.3
22738,8.37
22739,3.2999999999999994
22740,4.26
22741,5.92
22742,7.449999999999999
22743,8.8
22744,5.4
22745,7.26
22746,3.2999999999999994
22747,6.57
22748,9.65
22749,6.42
22750,2.6094126753903226
22751,7.35
22752,2.9299999999999997
22753,4.9799999999999995
22754,3.9899999999999998
22755,6.4799999999999995
22756,0.9800000000000001
22757,6.24
22758,3.62
22759,3.8200000000000003
22760,6.879999999999999
22761,8.059999999999999
22762,5.84
22763,8.93
22764,7.5
22765,6.95
22766,6.4
22767,4.18
22768,4.3100000000000005
22769,6.790000000000002
22770,7.32
22771,4.5600000000000005
22772,7.529999999999999
22773,3.6
22774,3.9299999999999997
22775,4.689999999999999
22776,7.640000000000001
22777,2.8699999999999997
22778,8.93
22779,9.999999999999998
22780,3.09
22781,3.5399999999999996
22782,6.62
22783,8.968176502636505
22784,3.5799999999999996
22785,5.85
22786,7.26
22787,9.999999999999998
22788,3.3499999999999996
22789,4.83
22790,6.24
22791,9.07
22792,2.4
22793,4.739999999999999
22794,7.51
22795,9.32
22796,6.497063376951609
22797,1.78
22798,5.799999999999999
22799,5.06
22800,3.5035239476580675
22801,9.529999999999998
22802,5.220000000000001
22803,9.08
22804,7.14
22805,9.261761973829033
22806,4.470000000000001
22807,6.890000000000001
22808,2.84
22809,7.540000000000001
22810,5.220000000000001
22811,5.88
22812,6.680000000000001
22813,7.35
22814,7.599999999999999
22815,7.7299999999999995
22816,9.690000000000001
22817,1.28
22818,2.9299999999999997
22819,4.01
22820,5.39
22821,9.090000000000002
22822,7.13
22823,7.779999999999999
22824,8.09
22825,3.8899999999999997
22826,8.26
22827,9.549999999999999
22828,4.279999999999999
22829,5.18
22830,5.689999999999999
22831,3.0599999999999996
22832,7.6099999999999985
22833,3.84
22834,8.57
22835,6.709999999999999
22836,5.93
22837,4.84
22838,7.8
22839,4.37
22840,2.48
22841,0.8699999999999998
22842,9.57
22843,6.849999999999999
22844,5.3100000000000005
22845,7.25
22846,9.16
22847,7.58
22848,2.06
22849,7.24
22850,3.5017619738290335
22851,6.470000000000001
22852,3.8499999999999996
22853,7.540000000000001
22854,4.89
22855,5.5
22856,6.329999999999999
22857,3.9200000000000004
22858,5.13
22859,6.659999999999999
22860,8.190000000000001
22861,5.18
22862,7.42
22863,3.31
22864,6.45
22865,6.699999999999999
22866,9.05
22867,5.050000000000001
22868,9.429999999999998
22869,5.739999999999999
22870,8.17
22871,6.32
22872,7.011174649219355
22873,9.18
22874,5.069999999999999
22875,4.05
22876,2.767650701561288
22877,8.34
22878,2.18
22879,7.15
22880,4.957650701561288
22881,3.84
22882,1.66
22883,3.5
22884,5.209999999999999
22885,7.58
22886,7.7700000000000005
22887,4.93
22888,5.42
22889,5.819412675390322
22890,5.7
22891,6.25
22892,2.29
22893,2.94
22894,4.34
22895,6.5299999999999985
22896,8.1
22897,7.33
22898,1.89
22899,3.3299999999999996
22900,4.41
22901,2.13
22902,8.42
22903,2.38
22904,2.79
22905,6.99
22906,8.818238026170965
22907,5.479999999999999
22908,6.859999999999999
22909,8.059999999999999
22910,8.43
22911,8.459999999999999
22912,9.999999999999998
22913,4.09
22914,2.63
22915,6.397650701561289
22916,3.08
22917,6.15
22918,3.6
22919,0.55
22920,7.809999999999999
22921,6.4799999999999995
22922,2.19
22923,8.73
22924,6.7700000000000005
22925,5.15
22926,1.52
22927,4.8100000000000005
22928,5.75
22929,6.859999999999999
22930,5.65
22931,3.04
22932,6.55
22933,6.6499999999999995
22934,7.4399999999999995
22935,7.85
22936,4.66
22937,5.5
22938,6.0200000000000005
22939,7.390000000000001
22940,6.069999999999999
22941,4.0200000000000005
22942,8.11
22943,3.2
22944,7.0200000000000005
22945,6.1899999999999995
22946,4.33
22947,6.869999999999999
22948,7.94
22949,4.71
22950,5.88
22951,5.7194126753903225
22952,5.329999999999999
22953,4.82
22954,5.3100000000000005
22955,2.8899999999999997
22956,1.01
22957,2.01
22958,6.16
22959,6.029999999999999
22960,6.25
22961,7.7700000000000005
22962,9.99
22963,4.8100000000000005
22964,1.83
22965,4.279999999999999
22966,5.739999999999999
22967,2.5235239476580675
22968,3.55
22969,0.9299999999999999
22970,3.7199999999999998
22971,9.998825350780644
22972,6.4399999999999995
22973,3.3299999999999996
22974,9.359999999999998
22975,6.029999999999999
22976,9.345974893446032e-20
22977,2.73
22978,4.479999999999999
22979,5.6
22980,8.440000000000001
22981,7.55
22982,7.82
22983,4.27
22984,6.21
22985,7.279999999999999
22986,5.9799999999999995
22987,9.999999999999998
22988,9.997650701561287
22989,3.7
22990,5.385301403122576
22991,7.090000000000001
22992,1.8399999999999999
22993,9.999999999999998
22994,4.32
22995,6.11
22996,2.92
22997,8.41
22998,2.75
22999,8.45
23000,1.3299999999999998
23001,7.4329366230483895
23002,7.209412675390321
23003,4.779999999999999
23004,7.840000000000001
23005,6.4
23006,1.31
23007,7.85
23008,4.57
23009,7.209999999999999
23010,5.38
23011,4.92
23012,5.92
23013,6.92
23014,8.690000000000001
23015,2.41
23016,5.82
23017,5.76
23018,4.62
23019,8.48
23020,4.8
23021,4.659412675390322
23022,4.29
23023,9.048825350780644
23024,3.9299999999999997
23025,3.3999999999999995
23026,5.069999999999999
23027,1.5299999999999998
23028,8.49
23029,4.470000000000001
23030,7.669999999999999
23031,7.25
23032,4.59
23033,5.720000000000001
23034,8.8
23035,6.1
23036,5.08
23037,5.89
23038,9.89
23039,7.33
23040,5.79
23041,1.81
23042,5.87
23043,6.051174649219355
23044,6.959999999999998
23045,1.27
23046,8.25
23047,8.24
23048,4.220000000000001
23049,3.45
23050,5.39
23051,9.999999999999998
23052,5.0574039058464235
23053,6.06
23054,7.599999999999999
23055,6.21
23056,6.75293662304839
23057,4.5
23058,8.08
23059,6.8676507015612875
23060,8.66
23061,3.29
23062,6.869999999999999
23063,3.3299999999999996
23064,5.739999999999999
23065,6.9799999999999995
23066,4.62
23067,4.751174649219356
23068,3.67
23069,7.19
23070,1.73
23071,4.49
23072,8.74
23073,2.44
23074,8.41
23075,6.57
23076,4.66
23077,7.2
23078,6.6499999999999995
23079,4.65
23080,9.27
23081,9.31
23082,6.42
23083,6.43
23084,7.3205873246096775
23085,7.32
23086,5.68
23087,7.040000000000001
23088,8.26
23089,8.290000000000001
23090,6.2299999999999995
23091,6.459999999999999
23092,4.6
23093,7.640000000000001
23094,5.14
23095,4.83
23096,9.882349298438712
23097,6.790000000000002
23098,6.321761973829034
23099,9.009999999999998
23100,5.8100000000000005
23101,7.909412675390321
23102,9.891765854120474e-20
23103,9.009999999999998
23104,5.76
23105,4.999999999999999
23106,3.15
23107,3.4899999999999998
23108,7.409999999999999
23109,5.38
23110,4.16
23111,2.01
23112,6.15
23113,5.8999999999999995
23114,5.319999999999999
23115,7.359999999999999
23116,3.45
23117,4.999999999999999
23118,6.76
23119,5.37
23120,8.43
23121,5.970000000000001
23122,5.49
23123,8.58
23124,2.98
23125,6.869999999999999
23126,6.57
23127,5.87
23128,7.75
23129,5.8100000000000005
23130,2.79
23131,7.9
23132,7.99
23133,2.6399999999999997
23134,5.93
23135,2.2399999999999998
23136,8.86
23137,6.329999999999999
23138,2.27
23139,9.999999999999998
23140,7.55
23141,5.319999999999999
23142,3.97
23143,3.1399999999999992
23144,6.970000000000001
23145,4.38
23146,7.599999999999999
23147,5.6
23148,3.31
23149,6.62
23150,3.47
23151,8.23
23152,3.18
23153,4.89
23154,5.662349298438712
23155,1.8999999999999997
23156,8.36200466137039e-20
23157,6.489999999999999
23158,5.37
23159,3.12
23160,6.640000000000001
23161,6.434111272267746
23162,2.06
23163,5.6
23164,3.6899999999999995
23165,5.009999999999999
23166,8.690000000000001
23167,9.999999999999998
23168,5.55
23169,7.15
23170,6.470000000000001
23171,4.89
23172,8.120000000000001
23173,5.5
23174,1.95
23175,6.009999999999999
23176,6.740000000000001
23177,5.17
23178,9.25
23179,6.82
23180,9.491174649219356
23181,6.5299999999999985
23182,4.33
23183,7.037650701561289
23184,9.999999999999998
23185,6.54
23186,6.36
23187,7.56
23188,3.5399999999999996
23189,2.44
23190,8.14
23191,7.92
23192,6.45
23193,9.99
23194,3.8499999999999996
23195,5.050000000000001
23196,2.85
23197,4.629999999999999
23198,8.2
23199,4.91
23200,7.767650701561289
23201,5.9799999999999995
23202,3.6976507015612885
23203,7.409999999999999
23204,8.55
23205,5.38
23206,5.220000000000001
23207,6.17
23208,4.88
23209,3.6
23210,7.778741369619313e-20
23211,2.85
23212,6.9
23213,0.75
23214,7.229999999999999
23215,5.08
23216,7.059999999999999
23217,5.59
23218,8.209999999999999
23219,5.24
23220,2.46
23221,4.2
23222,6.1899999999999995
23223,5.8999999999999995
23224,5.209999999999999
23225,8.309999999999999
23226,9.259999999999998
23227,5.51
23228,7.3
23229,7.6099999999999985
23230,7.229999999999999
23231,6.16
23232,4.5600000000000005
23233,5.539999999999999
23234,3.3499999999999996
23235,3.1399999999999992
23236,6.119999999999999
23237,6.499999999999999
23238,6.09
23239,6.9799999999999995
23240,2.16
23241,4.96
23242,3.87
23243,2.59
23244,6.95
23245,6.57
23246,5.39
23247,5.25
23248,6.25
23249,3.81
23250,4.529999999999999
23251,6.2799999999999985
23252,6.459999999999999
23253,6.05
23254,1.1904914550400295e-19
23255,9.83
23256,7.2
23257,4.59
23258,3.91
23259,7.090000000000001
23260,9.05
23261,4.96
23262,2.32
23263,9.94
23264,7.879999999999999
23265,4.58
23266,6.51
23267,4.6
23268,4.92
23269,9.88
23270,6.680000000000001
23271,6.459999999999999
23272,7.059999999999999
23273,6.82
23274,7.959999999999998
23275,8.0
23276,7.05
23277,2.48
23278,5.319999999999999
23279,7.9
23280,4.7299999999999995
23281,5.45
23282,5.67
23283,5.42
23284,3.5200000000000005
23285,6.7700000000000005
23286,4.789999999999999
23287,4.720000000000001
23288,2.04
23289,6.849999999999999
23290,7.58
23291,5.27
23292,5.509412675390322
23293,7.599999999999999
23294,7.4
23295,8.26
23296,9.73
23297,5.42
23298,8.870000000000001
23299,7.069999999999999
23300,6.35
23301,3.2
23302,7.350587324609678
23303,6.628825350780644
23304,5.515301403122576
23305,6.06
23306,8.03
23307,7.63
23308,8.879999999999999
23309,6.329999999999999
23310,6.0
23311,6.599999999999999
23312,7.879999999999999
23313,6.51
23314,4.41
23315,3.720587324609678
23316,9.11
23317,4.67
23318,9.6
23319,5.43
23320,2.07
23321,3.1399999999999992
23322,6.2
23323,5.08
23324,9.999999999999998
23325,8.25
23326,7.640000000000001
23327,3.13
23328,2.68
23329,4.7700000000000005
23330,9.999999999999998
23331,3.1
23332,8.16
23333,4.5600000000000005
23334,4.66
23335,3.3899999999999997
23336,5.66
23337,5.89
23338,4.37
23339,5.9799999999999995
23340,7.42
23341,6.58
23342,6.3
23343,5.799999999999999
23344,6.67
23345,7.869999999999999
23346,7.72
23347,3.86
23348,2.97
23349,1.761174649219356
23350,5.779999999999999
23351,6.680000000000001
23352,5.970000000000001
23353,4.3100000000000005
23354,2.08
23355,9.999999999999998
23356,7.18
23357,8.675301403122576
23358,9.22
23359,6.09
23360,4.11
23361,8.440000000000001
23362,8.2
23363,1.552346938984813e-19
23364,3.86
23365,4.35
23366,5.25
23367,3.17
23368,5.739999999999999
23369,4.80293662304839
23370,2.67
23371,6.3
23372,4.65
23373,9.126476052341932
23374,4.8
23375,5.14
23376,9.32
23377,5.8999999999999995
23378,4.470000000000001
23379,6.13
23380,3.2299999999999995
23381,6.58
23382,1.4300000000000002
23383,7.37
23384,5.159999999999999
23385,4.38
23386,1.1400000000000001
23387,2.55
23388,4.65
23389,1.19
23390,5.15
23391,8.9
23392,1.0843216285836682e-19
23393,6.119999999999999
23394,5.720000000000001
23395,4.11
23396,5.41
23397,6.92
23398,1.22
23399,6.09
23400,9.996476052341931
23401,3.63
23402,5.18
23403,7.790000000000001
23404,6.27
23405,2.79
23406,9.6
23407,9.4
23408,5.2194126753903225
23409,3.66
23410,9.0
23411,7.83
23412,5.739999999999999
23413,9.999999999999998
23414,0.9800000000000001
23415,7.359999999999999
23416,7.869999999999999
23417,3.46
23418,7.459999999999999
23419,5.11
23420,7.680587324609678
23421,3.27
23422,6.809999999999999
23423,9.2
23424,7.189412675390322
23425,7.229999999999999
23426,9.090000000000002
23427,7.4
23428,0.44000000000000006
23429,1.7199999999999998
23430,7.35
23431,7.409999999999999
23432,8.57
23433,2.1723492984387116
23434,4.71
23435,5.5811746492193555
23436,8.4
23437,8.34
23438,4.55
23439,1.1252859214871016
23440,2.13
23441,2.7699999999999996
23442,4.27
23443,4.3
23444,5.12
23445,8.13234929843871
23446,9.25
23447,6.709999999999999
23448,4.51
23449,6.62
23450,8.39
23451,3.96
23452,7.529999999999999
23453,2.7399999999999998
23454,7.965301403122577
23455,5.51
23456,5.62
23457,7.909999999999998
23458,4.35
23459,1.2783806864535995e-19
23460,4.67
23461,8.2
23462,6.93
23463,6.3100000000000005
23464,7.699999999999999
23465,4.9
23466,9.15
23467,8.26
23468,6.489999999999999
23469,4.14
23470,8.909999999999998
23471,4.3
23472,5.79
23473,9.997650701561287
23474,5.29
23475,4.88
23476,1.3900000000000001
23477,5.91
23478,6.62
23479,4.71
23480,3.3899999999999997
23481,3.13
23482,9.997063376951608
23483,5.3
23484,6.92
23485,8.07
23486,6.640000000000001
23487,8.34
23488,8.01941267539032
23489,1.63
23490,3.599412675390322
23491,5.75
23492,4.13
23493,8.33
23494,4.89
23495,5.470000000000001
23496,6.9
23497,2.81
23498,3.47
23499,7.15
23500,2.9264605707064573
23501,7.51
23502,9.999999999999998
23503,6.4399999999999995
23504,5.319999999999999
23505,9.6
23506,6.6499999999999995
23507,5.220000000000001
23508,6.740000000000001
23509,9.999999999999998
23510,1.8929366230483897
23511,3.6899999999999995
23512,5.009999999999999
23513,1.22
23514,6.32
23515,4.162349298438712
23516,8.809999999999999
23517,7.1
23518,6.08
23519,5.35
23520,4.779999999999999
23521,9.78
23522,5.859999999999999
23523,6.7700000000000005
23524,4.85
23525,4.75
23526,9.32
23527,4.87
23528,3.02
23529,7.94
23530,9.031761973829033
23531,4.49
23532,3.62
23533,9.07
23534,5.1
23535,7.12
23536,7.769412675390322
23537,3.023523947658068
23538,6.05
23539,0.99
23540,2.8600000000000003
23541,4.1899999999999995
23542,2.6
23543,6.05
23544,4.18
23545,5.77293662304839
23546,2.08
23547,9.03
23548,6.54
23549,7.9799999999999995
23550,6.499999999999999
23551,5.470000000000001
23552,7.0
23553,8.0
23554,3.596476052341932
23555,7.15
23556,6.76
23557,7.4
23558,4.04
23559,9.999999999999998
23560,6.83
23561,9.66
23562,7.19
23563,7.93
23564,2.81
23565,2.68
23566,5.970000000000001
23567,1.58
23568,6.11
23569,2.85
23570,6.08
23571,6.959999999999998
23572,4.679999999999999
23573,4.81587324609678
23574,5.27
23575,5.39
23576,6.08
23577,7.68
23578,2.0941462579970245
23579,7.31
23580,2.3699999999999997
23581,3.4200000000000004
23582,6.25
23583,5.57
23584,6.58
23585,4.779999999999999
23586,2.81
23587,5.4
23588,4.84
23589,3.3999999999999995
23590,9.03
23591,5.319999999999999
23592,4.9799999999999995
23593,4.4111746492193555
23594,2.950587324609678
23595,4.9399999999999995
23596,6.37
23597,0.6900000000000001
23598,6.740000000000001
23599,3.1
23600,1.2899999999999998
23601,7.470000000000001
23602,4.85
23603,5.39
23604,2.18
23605,8.882936623048389
23606,5.032349298438711
23607,6.09
23608,6.0200000000000005
23609,9.14
23610,2.69
23611,1.9899999999999998
23612,3.63
23613,7.640000000000001
23614,7.790000000000001
23615,4.76
23616,6.1
23617,5.82
23618,6.329999999999999
23619,4.0600000000000005
23620,4.7700000000000005
23621,6.6499999999999995
23622,8.1
23623,6.009999999999999
23624,5.799999999999999
23625,9.999412675390321
23626,5.37
23627,5.68
23628,6.974392443419605e-20
23629,9.37
23630,6.595301403122575
23631,7.040000000000001
23632,4.4
23633,5.65
23634,6.859999999999999
23635,5.67
23636,3.87
23637,5.159999999999999
23638,6.9
23639,9.995301403122575
23640,3.79
23641,9.22
23642,4.62
23643,3.57
23644,6.590000000000001
23645,4.789999999999999
23646,1.1438048957027072e-19
23647,6.95
23648,7.57
23649,7.279999999999999
23650,7.079999999999999
23651,7.2700000000000005
23652,6.95
23653,5.49
23654,3.8499999999999996
23655,7.7299999999999995
23656,4.3
23657,4.07
23658,5.524111272267746
23659,5.26
23660,5.5299999999999985
23661,5.71
23662,7.840000000000001
23663,4.4399999999999995
23664,3.15
23665,8.49
23666,6.35
23667,8.538825350780643
23668,6.13
23669,6.849999999999999
23670,5.88
23671,7.26
23672,9.429999999999998
23673,8.68
23674,6.409999999999999
23675,1.09
23676,3.0
23677,5.11
23678,4.779999999999999
23679,9.993539429293541
23680,3.63412675390322
23681,7.76
23682,6.58
23683,4.49
23684,4.576476052341933
23685,7.15
23686,7.25
23687,4.92
23688,7.079999999999999
23689,7.169999999999999
23690,3.5299999999999994
23691,6.119999999999999
23692,2.41
23693,9.999999999999998
23694,5.75
23695,0.9099999999999999
23696,5.6
23697,9.16
23698,7.0200000000000005
23699,5.12
23700,6.909999999999999
23701,4.987650701561288
23702,4.32
23703,8.2
23704,5.75
23705,5.84
23706,6.119999999999999
23707,5.76
23708,8.129999999999999
23709,6.029999999999999
23710,4.999999999999999
23711,0.45
23712,4.0200000000000005
23713,5.5299999999999985
23714,6.409999999999999
23715,4.9799999999999995
23716,3.8899999999999997
23717,7.93
23718,4.453523947658068
23719,8.0
23720,6.39
23721,3.09
23722,1.41
23723,6.029999999999999
23724,1.46
23725,4.3100000000000005
23726,7.040000000000001
23727,6.2299999999999995
23728,7.63
23729,9.190000000000001
23730,1.1932979729583125e-19
23731,4.58
23732,3.13
23733,7.209999999999999
23734,9.290000000000001
23735,4.5600000000000005
23736,4.43
23737,8.39
23738,3.78
23739,9.359999999999998
23740,8.23
23741,3.2499999999999996
23742,3.16
23743,5.14
23744,6.99
23745,7.909999999999998
23746,4.720000000000001
23747,8.839999999999998
23748,6.574698596877424
23749,7.35
23750,5.1
23751,4.32
23752,5.050000000000001
23753,6.67
23754,7.42
23755,6.470000000000001
23756,2.09
23757,2.75
23758,4.3100000000000005
23759,5.648238026170967
23760,7.779999999999999
23761,4.05
23762,4.18
23763,2.2199999999999998
23764,9.22
23765,6.029999999999999
23766,1.85
23767,8.23
23768,5.18
23769,5.43
23770,0.8499999999999999
23771,8.25
23772,3.84
23773,9.997063376951608
23774,5.799999999999999
23775,8.03
23776,6.609999999999999
23777,8.53
23778,5.24
23779,3.2299999999999995
23780,3.26
23781,3.3700000000000006
23782,3.2
23783,5.815301403122576
23784,6.9799999999999995
23785,7.57
23786,7.75
23787,7.37
23788,4.57
23789,5.51
23790,3.29
23791,2.1399999999999997
23792,9.059999999999999
23793,8.317650701561288
23794,8.09
23795,4.76
23796,5.61
23797,8.059999999999999
23798,6.220000000000001
23799,6.99
23800,2.3399999999999994
23801,6.740000000000001
23802,7.1
23803,7.279999999999999
23804,6.62
23805,6.0200000000000005
23806,4.96
23807,7.95
23808,3.2
23809,9.221770527193786e-20
23810,3.66
23811,6.25
23812,3.2282380261709656
23813,2.03
23814,6.709999999999999
23815,4.281174649219356
23816,5.43
23817,4.391761973829033
23818,7.699999999999999
23819,7.449999999999999
23820,9.11
23821,8.870000000000001
23822,6.7082380261709655
23823,8.78
23824,9.98
23825,5.891174649219355
23826,5.0200000000000005
23827,2.43
23828,7.57
23829,6.92
23830,9.090000000000002
23831,6.470688179232602e-20
23832,2.2600000000000002
23833,2.7600000000000002
23834,8.379999999999999
23835,1.8399999999999999
23836,6.57
23837,6.409999999999999
23838,4.05
23839,5.09
23840,0.4
23841,3.7299999999999995
23842,5.935285921487101
23843,8.41
23844,4.13
23845,3.16
23846,6.0
23847,9.999999999999998
23848,1.7899999999999998
23849,5.779999999999999
23850,7.31
23851,3.01
23852,7.279999999999999
23853,9.86
23854,3.55
23855,6.32
23856,7.412952104683864
23857,8.620000000000001
23858,4.87
23859,9.998825350780644
23860,2.98
23861,8.98
23862,8.629999999999999
23863,8.5
23864,1.0
23865,6.4799999999999995
23866,5.159999999999999
23867,5.13
23868,4.12
23869,5.93
23870,5.720000000000001
23871,9.991777455464508
23872,6.890000000000001
23873,3.31
23874,4.2
23875,7.62
23876,9.999999999999998
23877,7.229999999999999
23878,5.18
23879,4.55
23880,5.62
23881,1.2328945993760456e-19
23882,9.22
23883,3.05
23884,4.949999999999999
23885,4.84
23886,8.23
23887,5.159999999999999
23888,4.33
23889,5.08
23890,8.72
23891,5.38
23892,6.35
23893,4.2517619738290335
23894,2.4999999999999996
23895,5.609412675390322
23896,1.49
23897,3.2199999999999998
23898,7.699999999999999
23899,4.09
23900,4.8
23901,5.879412675390322
23902,5.45
23903,5.36
23904,5.99
23905,6.99
23906,9.65
23907,7.869999999999999
23908,4.39
23909,7.809999999999999
23910,7.25
23911,7.470000000000001
23912,7.993539429293542
23913,7.540000000000001
23914,5.55
23915,9.02
23916,5.7
23917,0.9299999999999999
23918,5.720000000000001
23919,4.65
23920,7.872936623048389
23921,7.75
23922,1.55
23923,5.7299999999999995
23924,5.1
23925,3.07
23926,8.98
23927,8.309999999999999
23928,1.0452767058191384e-19
23929,6.409999999999999
23930,4.683523947658067
23931,4.92
23932,4.51
23933,7.63
23934,4.7299999999999995
23935,4.62
23936,4.1899999999999995
23937,5.37
23938,6.51
23939,0.67
23940,3.61
23941,5.7299999999999995
23942,2.46
23943,8.790000000000001
23944,8.17
23945,5.7
23946,8.6
23947,4.75
23948,4.15
23949,5.55
23950,7.449999999999999
23951,3.6799999999999997
23952,7.7299999999999995
23953,4.96
23954,8.67
23955,0.01
23956,0.9199999999999999
23957,0.76
23958,8.129999999999999
23959,9.997650701561287
23960,3.2
23961,4.949999999999999
23962,6.75
23963,3.8200000000000003
23964,6.470000000000001
23965,3.2999999999999994
23966,0.7
23967,6.92
23968,6.394698596877424
23969,5.39
23970,5.5
23971,7.83
23972,4.43
23973,6.790000000000002
23974,7.31
23975,9.999999999999998
23976,4.441174649219356
23977,8.76
23978,6.95
23979,9.94
23980,5.279999999999999
23981,8.9
23982,7.669999999999999
23983,6.0
23984,4.479999999999999
23985,9.997650701561287
23986,2.3600000000000003
23987,7.72
23988,3.5988253507806442
23989,5.539999999999999
23990,4.61
23991,5.611174649219357
23992,4.61
23993,9.68
23994,5.39
23995,6.83
23996,3.28
23997,6.39
23998,5.13
23999,3.02
24000,2.62
