id,bilissel_performans_skoru
1,6.005591651913466
2,6.701919109861214
3,2.983138466152141
4,7.103534945751055
5,3.6862514943501816
6,5.423091593725209
7,3.4017828884740156
8,7.395100920689941
9,3.6326712707663282
10,3.6625421288832154
11,8.490293293576316
12,4.221101886552622
13,6.391657184764564
14,6.9119214069179025
15,5.9264587650575375
16,4.368815064874127
17,7.299655064744573
18,7.94480266834315
19,7.499752519225345
20,4.859932587186687
21,4.230707906321375
22,7.280972513022633
23,2.9084415937547288
24,5.184937837963684
25,7.342183813569748
26,6.693295582346698
27,7.1022462505706825
28,8.227768380048396
29,3.9388849685705547
30,7.7322018729804345
31,6.822085932073967
32,6.694151779053167
33,5.4074306003040835
34,5.261010042643578
35,4.266914538804151
36,5.367854645481473
37,4.8480830221694635
38,5.945077808711184
39,7.436069628127406
40,7.935898318466278
41,6.506167081494643
42,6.061293176188817
43,6.849477531018305
44,5.546346886075291
45,9.01094665648833
46,1.8501992508647929
47,5.151570140808662
48,6.590856268501517
49,4.768108254844535
50,7.862418472778051
51,7.16438651665252
52,3.230466484435062
53,6.833715230292167
54,7.177492691908408
55,4.283439105316061
56,5.980338549148352
57,2.4968883743764327
58,3.515363592586862
59,4.538968873194874
60,4.082221903177989
61,8.889091401396865
62,8.65536476234836
63,7.435851087917643
64,5.51042702732546
65,4.596438487449707
66,6.254119281669817
67,4.830450439418355
68,5.494617680937585
69,7.5484065232691995
70,3.103153716612089
71,4.507338035822327
72,8.326088285505604
73,8.21614646739832
74,5.8134935463944455
75,2.6013887588888727
76,7.341916480922459
77,4.489666056684405
78,3.819556052609215
79,8.809641223786434
80,5.992343992408449
81,4.129578397370413
82,4.964379785117001
83,6.267393731450045
84,7.309162097130449
85,5.6926662509594825
86,7.089279195432414
87,7.356798372675742
88,7.60910634327273
89,3.2117248685163027
90,8.28066851783313
91,3.964444337610793
92,2.8599791330933533
93,5.914607747376768
94,7.802511455997554
95,5.863110469686667
96,7.6701312062250695
97,4.628963965375592
98,3.9292069459454124
99,6.077301306885629
100,8.842196380222052
101,5.1796998585528495
102,6.055204425027482
103,5.275049911902883
104,3.5872599531349776
105,6.173790725409261
106,5.615314156597577
107,8.002954211419112
108,8.717827574057281
109,7.892241017899129
110,7.959397674651746
111,3.9791104716277172
112,2.995984072040018
113,6.779612405961642
114,5.685417884870903
115,7.007136162701829
116,8.174243520335786
117,7.642273881563231
118,7.407013469396256
119,8.653156736891622
120,3.4444269515004438
121,1.5021245132359178
122,6.315100208238024
123,7.174440091256357
124,3.7818297086191115
125,3.335799015689799
126,7.9794200154991515
127,4.493431909169946
128,7.0858925287220265
129,4.6150579643742
130,8.333605758632167
131,5.739055358654603
132,5.845582019623216
133,4.643769803189663
134,6.735876261636604
135,7.341437439883827
136,7.514403171781413
137,7.420161859683401
138,6.542121224568712
139,4.4942365928587735
140,6.427639826282201
141,7.35458635753038
142,5.0737983387546945
143,3.583418810745475
144,4.56340874854953
145,6.04269618473172
146,8.30348761316388
147,6.098562894779047
148,8.116427670554975
149,3.3460207926492056
150,6.686485937590604
151,7.971993052121171
152,2.6069249813429978
153,5.021147693901836
154,7.860774813492469
155,5.838963853198658
156,8.600103969476583
157,4.475299701462662
158,4.804139572882669
159,4.828903230472679
160,4.557122754879772
161,4.233237623854898
162,6.305407777540939
163,4.573099393947792
164,4.056457320340618
165,8.715688787623671
166,6.0108076020815835
167,8.341589731116402
168,4.07995266412056
169,7.866510264458144
170,7.576326572226702
171,6.434367139836464
172,7.715862646327691
173,3.3566928793967206
174,4.6960862235595515
175,7.908093494809839
176,6.195059937708245
177,6.2746648619327265
178,5.875406878952403
179,1.5075804452308321
180,6.191307056856672
181,3.852497260243907
182,3.3203615309613794
183,3.77407923206518
184,4.18799914589869
185,9.03428905722852
186,6.052507125644698
187,4.658033875866338
188,9.231357427282111
189,5.982916752748464
190,5.852198460809525
191,4.079466228679072
192,2.8622710563599196
193,5.495048308101847
194,4.092158116005622
195,8.942331032675055
196,8.067941516642641
197,6.755975092064327
198,7.374184989919417
199,6.79800807865832
200,2.9041283666364537
201,8.785100685680304
202,6.73614403167042
203,5.561866254418444
204,4.432993194962463
205,8.733152710602518
206,6.070940505032959
207,6.384676760085463
208,3.729999588770577
209,6.194123894617022
210,6.36342981418881
211,4.638038282989613
212,8.334075696518603
213,3.0048919708746924
214,5.294231655883814
215,6.454439001292342
216,9.39144877969659
217,8.195883082384604
218,4.28427431519042
219,5.4864671626037005
220,5.017076128120712
221,0.943840557782856
222,5.512939154017156
223,2.8729436334128637
224,8.166145627349971
225,5.8966565580763195
226,8.111706975888163
227,7.605459626713722
228,5.371095853638745
229,3.5209878427202757
230,2.8954059932617975
231,7.453439299803045
232,7.426922451866065
233,3.793873609597999
234,1.3877275722733549
235,6.631769546159315
236,5.520977476512252
237,7.0024193584169945
238,5.73123508556625
239,7.622732844013229
240,3.947969673393313
241,8.964713178085967
242,6.571277762393711
243,4.59410654468964
244,4.5837295492070815
245,4.347761778258634
246,1.6405148252403732
247,7.586504049808851
248,6.009661359224128
249,7.146845277680621
250,8.514783190574605
251,6.384538332353593
252,6.9417926365896605
253,7.152066852998231
254,5.607170429789323
255,2.321357173418159
256,8.779952798231657
257,4.624920317533008
258,4.613642470369698
259,6.406628690051808
260,6.366369388569548
261,2.1732983231156915
262,5.417035643975083
263,5.961427513892858
264,4.832832583216464
265,4.4405827550859875
266,6.067162660501764
267,4.213363747106282
268,9.06248783239756
269,7.321381320833557
270,2.069830825670055
271,4.868460296128099
272,9.447789636813372
273,3.7228175174064715
274,6.174224829163484
275,9.242618295147969
276,6.079042676999715
277,9.283997311253053
278,5.429724753864389
279,4.016706899459996
280,2.3401907272529856
281,5.153864830539643
282,8.79188448841796
283,6.218401234890477
284,6.142584779869132
285,7.665263358146721
286,3.4152980262425654
287,3.190545731468951
288,8.205373404130926
289,3.5838321697327986
290,4.486883155488138
291,3.218436704241873
292,3.915569596742611
293,5.45359018857071
294,8.733482139371796
295,7.277581622622686
296,4.701168482499535
297,6.264865299994556
298,7.45064079319302
299,4.754317920661225
300,4.449587449053906
301,8.666213950330548
302,3.194964870412235
303,7.527205805516247
304,3.579506514800815
305,8.805492488409183
306,8.151158785254562
307,6.70036986831041
308,4.912329923529471
309,5.156338414530908
310,4.3948298019712535
311,5.505700358642946
312,5.249917540659132
313,9.504205302678903
314,6.976019985494084
315,5.409901413739113
316,5.831836097131283
317,2.4592485812678464
318,5.33080692031324
319,5.1315453542781615
320,4.238878530185974
321,5.672695269215465
322,5.405189884358914
323,3.7187248593159015
324,4.941315439775175
325,7.7551260339000185
326,7.486999562436113
327,6.590518276186045
328,6.906986713282214
329,3.7229193679692263
330,8.862376393315373
331,9.116389857544295
332,6.888637387160626
333,4.6984710407247645
334,8.780775056406858
335,6.685440975080733
336,5.70045292568102
337,5.503551112599562
338,7.6548015618502125
339,5.161830534516165
340,6.937486389032786
341,3.858233578719031
342,2.49995760459532
343,7.058995086650747
344,4.551889194498397
345,5.658716158264802
346,5.971527516945326
347,5.856581070255801
348,6.098180914017104
349,4.470401039101751
350,4.2179016568290795
351,6.45631775090059
352,4.490045893454661
353,7.2976746326156
354,6.267960690843559
355,3.549433193080824
356,5.527668223227718
357,6.717355826150247
358,5.69131356719732
359,3.314126169179443
360,8.334597259704042
361,6.738116067813314
362,5.315244863326658
363,1.7926338310124632
364,3.1002367646090563
365,6.681313797872671
366,5.465143096157645
367,3.7304049800212082
368,6.92577670026056
369,6.433538416809149
370,3.7594617700829076
371,8.466801038379462
372,6.474575475305253
373,6.8181730210973015
374,4.016622919124028
375,6.1970846970199895
376,7.638033389076117
377,6.050530248627174
378,8.065332535370988
379,6.419949646023907
380,8.631156086904644
381,8.86238153013588
382,3.3322307743234916
383,3.8403896067788788
384,6.758661372672966
385,7.719521644428432
386,6.54431018689775
387,9.157383597653148
388,7.641435895781565
389,9.805429029456315
390,6.356708639228945
391,5.326137681104885
392,3.822913738063964
393,4.037393235186445
394,8.694969995400923
395,5.246807531843432
396,5.612350817836406
397,5.813412518820353
398,0.6479780957744876
399,8.60563446057637
400,6.685681184299149
401,7.653675283740703
402,3.3204161248146113
403,4.164228253388446
404,6.994730495593773
405,7.9347071854273965
406,4.02601102198156
407,5.574105961281387
408,5.706808253712017
409,6.253485411259779
410,5.255994577727329
411,4.801492145786403
412,6.865033312825455
413,5.657371432083392
414,6.389355355463462
415,5.0504514334672255
416,5.107466451623117
417,5.220938886349121
418,6.138286072672961
419,6.11299016957838
420,3.0936202760440343
421,4.055630310289756
422,6.47017294914021
423,4.297303865907832
424,2.8346193503445547
425,6.257881460084733
426,5.028235533928484
427,3.339613525249094
428,4.124315115121604
429,6.229364145694932
430,6.051656063841508
431,7.682821735891928
432,6.5681121759202465
433,7.7829568791877195
434,4.287280679252429
435,4.900205644709032
436,4.317479449162396
437,6.488590300509039
438,7.383259671204846
439,3.7353496921809004
440,7.733941007655306
441,7.791419027928782
442,2.691899524281697
443,6.400144467659391
444,5.01814926366024
445,2.080611831743906
446,3.5464276521015594
447,8.039010051266631
448,2.187883005534314
449,8.791234826287136
450,6.1128238633277325
451,7.6786237733749285
452,6.957028217758581
453,8.485934187899492
454,5.36528714238465
455,4.5217490155627855
456,7.664456286012291
457,5.215862410241756
458,4.918731155777919
459,6.33823259761037
460,6.7861115362787086
461,4.152122813997845
462,7.353600739058096
463,8.989424666517706
464,4.984183171318424
465,5.5937022416937
466,8.24192232791323
467,6.5940405184240145
468,5.513716340335606
469,5.14859590697928
470,6.406226308168096
471,5.9332436589175535
472,6.895977912937414
473,8.696093557419635
474,4.296266587185987
475,4.363924071011136
476,4.83551681809136
477,7.525445027938733
478,6.60806214450492
479,8.1481282592901
480,4.456488459861749
481,6.4491118297466805
482,8.258882251344454
483,4.539683719308164
484,5.90398783617374
485,7.532040940226494
486,7.315463168636676
487,2.4129274946097987
488,6.5090780369278605
489,6.742009597912153
490,5.534017156286589
491,9.979624370669494
492,2.878177756379431
493,6.298230692190731
494,1.2656733134572447
495,6.2104811797565205
496,6.980630673972506
497,6.818275665258328
498,7.429217335591164
499,3.818635902719734
500,6.562548482504296
501,4.980904828979907
502,4.825699267166788
503,8.463080158215593
504,5.040913393449836
505,3.8316940328070395
506,5.14173585060078
507,7.467723910053385
508,6.532421468511688
509,8.401426606972205
510,2.4406730124543694
511,8.488642748572595
512,6.496337581028027
513,4.204865193708338
514,7.060224319973368
515,5.014200892443003
516,8.895936547192855
517,4.821444361355256
518,6.298466717982562
519,4.1102251787206425
520,3.3613752249175546
521,7.8903755813791765
522,5.666938028097104
523,1.619955012912953
524,9.228403489181177
525,7.319964834572301
526,4.788891490826818
527,4.559608538669722
528,3.7028377911602086
529,7.734678108287362
530,7.590943882232573
531,6.251883693945181
532,1.907771227204075
533,9.027324225106412
534,8.636217162992994
535,6.686944797726375
536,6.057877664958288
537,6.86909913103601
538,8.697161559443456
539,2.6997243851687625
540,4.442638111099493
541,5.47969872845553
542,7.321891699469369
543,8.178758997863948
544,6.867369360768578
545,9.682951294111248
546,4.845634127677091
547,4.53452546713923
548,7.390024089775854
549,6.358328801108222
550,7.422819906825289
551,4.695086483826975
552,7.492388536789234
553,8.874446080327893
554,6.617345197696524
555,6.564756467657292
556,8.056132084290567
557,5.6800379634371705
558,5.677628084783707
559,4.402211072960151
560,3.0809579477079048
561,8.760414748909696
562,8.041099105753581
563,6.18773797173979
564,6.227427051953241
565,4.904000816576618
566,2.7680873963802703
567,7.441677565276092
568,6.326849251161176
569,4.601701739109519
570,8.49742885192694
571,6.209851942636668
572,8.57076888668719
573,4.7343928042883
574,8.90814809386967
575,5.71087933642395
576,5.019626551690243
577,7.800267617708174
578,4.495403920494424
579,6.742065064002485
580,6.1519122019277805
581,7.022617275351714
582,4.3308018591447865
583,4.951925588725355
584,4.580242718770291
585,6.545107682571741
586,5.866405051016665
587,4.464902067937174
588,5.297126666692366
589,5.614748642506378
590,7.19295938067356
591,4.15762498575656
592,3.2587538179317455
593,7.300201875361235
594,6.101725302311762
595,6.335929095782516
596,9.80234024980331
597,5.4273417530693795
598,3.054888751769982
599,6.737123875705505
600,7.968170495746671
601,7.73471590894827
602,4.185989056189406
603,5.377095257259019
604,2.3262771882416584
605,1.5652504063708625
606,8.376773195902832
607,6.353316079333376
608,5.379072006248262
609,5.684199750360118
610,5.909338413846148
611,5.177953204815445
612,4.821526483391335
613,6.686412756012238
614,3.758121560284312
615,6.612220031296324
616,8.133219730629374
617,7.132484303874641
618,7.983215251805115
619,1.472370010117389
620,5.8709791200347246
621,4.557178332284063
622,4.698780620320782
623,2.2984607654904363
624,8.170052345735987
625,5.564770296060514
626,4.833080567907585
627,6.439720641872812
628,4.727085058500548
629,5.483312555567927
630,5.368449917927328
631,6.548612161775298
632,4.090419751683918
633,8.510217745134444
634,5.9185510275455435
635,2.865925440299889
636,4.790243614969975
637,7.795612957725578
638,5.254575484793189
639,4.890366163123476
640,5.636474850426249
641,3.5673513365399714
642,8.97327786737464
643,3.8127153032880368
644,6.053661116082778
645,5.2473477332832426
646,4.4605912545999065
647,9.855764153451599
648,6.622150481907169
649,7.384686163985643
650,3.231244657909849
651,9.844218341814322
652,5.908803428769538
653,4.45064034527743
654,5.170659619678542
655,6.8581077723488715
656,5.511092065651798
657,7.248495652625167
658,7.945990775932425
659,6.899636697016951
660,3.6700474695419008
661,3.4406086237407276
662,7.149948900707253
663,7.517536870043263
664,7.454709019164168
665,4.934193746531076
666,9.30670173988752
667,4.525339004589648
668,6.159056483094468
669,6.47653812099517
670,8.305841571647246
671,5.053475038987595
672,7.143191945693372
673,5.20087281564113
674,7.99000426802057
675,7.125720663446565
676,8.211844634498263
677,5.72744620824504
678,8.386407789860321
679,3.69261511772397
680,8.055644511566541
681,2.5682558601433225
682,5.574843779089629
683,3.6391669921981395
684,8.598017123254715
685,3.5589046023718867
686,6.6405154388812475
687,5.380757051153955
688,6.236985675965679
689,8.75279109715254
690,6.410551019254401
691,6.837594166984226
692,5.6364538238239135
693,5.246184637279964
694,4.972347487377352
695,8.34370768950861
696,5.803088586709992
697,6.946832308847482
698,6.2935916771302365
699,2.4574229770732563
700,3.7812125743077525
701,8.744209859930638
702,4.567637257732492
703,4.228701554105456
704,2.5128747010886485
705,6.826411606942908
706,7.717976128054407
707,3.4073540908160016
708,6.8814026346285635
709,7.671183858998579
710,3.6250803728690073
711,7.977231405282055
712,8.044577846098008
713,9.249535133109353
714,6.720154678844575
715,3.883284239529339
716,2.4512106571369108
717,4.143276299532128
718,6.723536410394194
719,4.755944820115452
720,5.976065556743379
721,6.086698441305297
722,5.852589976524662
723,8.090339443762428
724,9.768334771395466
725,3.503715606923504
726,5.95997265651678
727,6.883395591083202
728,6.321702937893634
729,6.230843472890612
730,4.645955497110074
731,8.30274579238722
732,9.437733676791824
733,3.9245037830730807
734,2.49755454882881
735,7.64338316610488
736,7.370545838369283
737,5.632440376052311
738,5.196812068312692
739,4.691783432660386
740,4.508179066856803
741,5.58692570145717
742,7.998283556674627
743,7.375564139651535
744,7.611598961394756
745,4.832464476940868
746,2.8667034581343556
747,8.781414416167106
748,5.526801604930516
749,7.98333036371735
750,6.3431101728653045
751,3.794744677170516
752,7.821213058327736
753,7.553165240911478
754,4.659964036510358
755,6.579050227580554
756,8.145978223340958
757,3.97741550293294
758,3.0646017190714523
759,4.291406585403697
760,8.262010307253648
761,5.512246098245004
762,6.314103030310254
763,5.560060347175959
764,6.835461412637697
765,9.10681329582651
766,8.453330022352201
767,7.801729891594662
768,3.245178655883068
769,1.0304910214016882
770,7.16546737907867
771,6.437663441034745
772,4.966384758808866
773,6.467955325658854
774,7.086424801480746
775,5.0846141328905095
776,7.088932533475309
777,5.573286686563948
778,4.458845053604316
779,5.714724836578106
780,4.219109642004947
781,7.245379021856392
782,7.815841467060438
783,8.64060856208517
784,4.4866286671304785
785,7.4946078095864035
786,6.31207854361196
787,5.31082239718841
788,6.982855579706079
789,4.235652795026006
790,7.220968297543074
791,5.855616761175581
792,6.084558657212602
793,7.8856148029747715
794,8.353806456211352
795,5.924734591321134
796,5.012537835711306
797,5.162138401339727
798,2.72158621108205
799,7.199805750675893
800,6.092341786413801
801,5.141141786917697
802,6.838970751908128
803,6.6141629141677205
804,6.129720029904386
805,5.880933320298203
806,4.522875933931282
807,7.647687880980868
808,3.506053025436914
809,6.519270688883449
810,5.73497709026319
811,8.753231871504239
812,8.954420461003625
813,5.781528974839867
814,7.195459478114352
815,3.500174982156586
816,5.840529635258483
817,4.34982905751088
818,2.460723149104512
819,5.364708454971443
820,5.010707792718757
821,7.154297776798809
822,5.938049640014992
823,5.799056587345563
824,5.515206250678195
825,2.8968462078071333
826,5.52935526622007
827,4.793884718698168
828,7.231298170513719
829,5.7630071747670515
830,4.257813867561714
831,5.045112238896559
832,7.747538256005253
833,5.040397303157612
834,6.226897075597617
835,8.863514780836539
836,3.5264034436341527
837,6.7309528417918285
838,4.679744394774468
839,6.967328197440619
840,6.657700912114467
841,8.398810447611616
842,8.13484933351804
843,7.206348531349617
844,7.153416503503298
845,4.125290530288562
846,5.159501703049707
847,5.17630606008323
848,7.2853101424488
849,3.2438222326795865
850,3.235485047325821
851,8.19487938799073
852,7.189100697678795
853,6.067514491819607
854,7.441243464315558
855,9.999469915189813
856,3.6197614733285937
857,2.5290281651784583
858,3.294482369131508
859,5.534247850129281
860,8.060433889640478
861,7.0748409260723575
862,6.3263953748006685
863,5.952156902608328
864,6.531764240459905
865,5.082037527052702
866,8.971432495708543
867,4.201057262182119
868,4.00440778938247
869,2.958785110504162
870,6.305822353600003
871,6.801045736647557
872,6.545620801420609
873,7.456283096747269
874,4.11169361851509
875,9.527647217832854
876,3.7733945532417517
877,7.411739781806403
878,4.6519864143180945
879,7.766847054271653
880,7.202608811289354
881,6.603957945428627
882,7.811719519400986
883,5.066387171094206
884,7.940302205288009
885,3.54295595430691
886,2.3616831168940995
887,3.1610296304773855
888,3.857119433374271
889,5.259064252576929
890,7.684723034490787
891,6.280129393245451
892,6.972125534332689
893,5.562550947113028
894,6.65067625993922
895,6.46523904621191
896,3.9069820414497776
897,4.681788342141301
898,4.93238202251868
899,8.50048470668012
900,8.886824025805563
901,6.855283780513046
902,4.307673378723614
903,9.14223618705265
904,1.1881017345679623
905,4.98441316357997
906,7.842719775606596
907,7.564093520594145
908,3.9260863438755136
909,3.9686087056021107
910,7.016386742107119
911,2.727779366064524
912,9.664041227549653
913,7.40958409557768
914,5.698608350392576
915,5.331650493141041
916,3.4273875768333832
917,5.765569871526603
918,7.138584639711405
919,4.602651419692258
920,6.316363478755162
921,7.020340663228007
922,7.089135396875951
923,7.0910902161265845
924,5.145946022777725
925,8.203394760901416
926,8.235007956248452
927,7.788441895049518
928,6.190486527293939
929,8.525319951525555
930,5.569712562342881
931,9.272858601092633
932,7.487348360702509
933,4.110692589077124
934,3.1123117079482094
935,3.0600801126893185
936,2.887086287389537
937,7.942433171807077
938,6.8822652979120225
939,7.312098963964045
940,3.527192455452296
941,6.926158158260649
942,2.1850761978702
943,9.457451872884059
944,5.955827312118505
945,7.867837329020829
946,7.394302020945081
947,8.082080087283424
948,9.660740378661727
949,6.114983920801051
950,7.121223199096478
951,4.77442243129249
952,4.195068705452326
953,5.8099979436843565
954,4.077595870105873
955,6.113422097589113
956,6.639704043622028
957,4.356308697155468
958,2.73316330411855
959,3.84543282333085
960,4.313807577438419
961,7.686153281253197
962,8.637027229377574
963,4.470069173250995
964,7.83171035926607
965,3.214466970588415
966,6.231540814773421
967,4.067273171719034
968,5.046346700669686
969,5.587998988274156
970,4.364710712231882
971,5.5418421217397205
972,6.4296721008180935
973,7.113286176499974
974,4.224976229274676
975,6.9822333031497275
976,5.1726390050792785
977,4.65336803766484
978,8.309337483303993
979,5.662349574255664
980,5.402662594824658
981,7.679300832048494
982,8.909428076028576
983,9.186726742169913
984,6.115680172108163
985,1.909942374847774
986,8.147075742683896
987,8.187381584747273
988,1.715203823711844
989,4.224803153831613
990,5.063982424521949
991,5.64088087248057
992,4.433284100243345
993,6.847889757330691
994,4.352511991017235
995,6.936530943230564
996,4.4942055184751055
997,7.843092224391343
998,4.016887925627027
999,4.6312972940231
1000,6.243974377473912
1001,5.024349184006592
1002,7.369519927282477
1003,6.822361039838078
1004,7.766941818017039
1005,4.972004736211851
1006,4.352342255233341
1007,5.623265619965717
1008,7.275237071070999
1009,4.907900454903254
1010,6.538288356800693
1011,5.495072319034547
1012,7.157076147461485
1013,6.010348197821111
1014,6.561703641677616
1015,7.557890477601473
1016,8.666285421516902
1017,8.257602548259475
1018,9.562682425792692
1019,6.154630961187649
1020,4.940225805225859
1021,3.713358111322394
1022,4.286014680538086
1023,6.883197800034227
1024,5.158581206725005
1025,6.392564662062536
1026,7.583968189148509
1027,6.707939931826624
1028,5.476349356802798
1029,3.511123126259598
1030,5.7081639235656425
1031,8.100457579621155
1032,7.742696084785151
1033,8.305093327930496
1034,8.065148057275994
1035,6.621563997360529
1036,5.150097073479012
1037,7.917890365154585
1038,5.3276960384595675
1039,8.050952070044346
1040,7.86301919372654
1041,6.160019403418822
1042,5.891648595522371
1043,6.444251077611253
1044,8.59560436872052
1045,5.521881288771656
1046,4.957097448435469
1047,6.678101657310042
1048,3.52276884084747
1049,4.425408229370053
1050,7.110141480557064
1051,8.571963900807885
1052,6.30313096402161
1053,3.5555620353864335
1054,6.01637701104423
1055,3.3818693699652407
1056,4.40732336077217
1057,2.8658464826241423
1058,7.804382027289392
1059,6.432782816898828
1060,5.1793589581182315
1061,9.139729116423382
1062,7.1690209835607215
1063,5.071128987697498
1064,6.1107426865779715
1065,4.921264359705908
1066,5.366215516337956
1067,8.431752805840025
1068,7.644201195334027
1069,8.730979495079032
1070,6.155890914526495
1071,9.53845146060383
1072,7.146677162362876
1073,5.879560329197389
1074,9.12621478124441
1075,7.658290989577097
1076,4.444851418355215
1077,5.6884810814919105
1078,7.521302369132764
1079,4.272523629911057
1080,4.291231078481832
1081,9.9450569709357
1082,6.541118234386942
1083,5.018462272833492
1084,3.1833346052102853
1085,5.033019556377319
1086,4.200875178591974
1087,3.9821891686278152
1088,3.2520798190750995
1089,2.634118753572733
1090,7.708659411068537
1091,3.6979336343457483
1092,5.340500614711653
1093,6.521817944661722
1094,6.623076452552017
1095,6.0562969885950695
1096,9.050428373973459
1097,5.812012218219477
1098,5.191366303134611
1099,5.742604833296552
1100,5.388697071701482
1101,5.767996063897742
1102,7.338651051450813
1103,3.873000223489396
1104,5.666701922818065
1105,6.096743390990944
1106,5.327110642592613
1107,8.412833974873802
1108,5.66495765865247
1109,8.336055282689614
1110,4.54114742111436
1111,3.6502117876031335
1112,4.208646037237935
1113,6.932182849398513
1114,2.9951695241111755
1115,4.97773789822448
1116,2.1138315694000163
1117,6.119941281144691
1118,5.87959245394443
1119,9.643742276293123
1120,8.619836266666793
1121,8.497344738256881
1122,6.71028864815265
1123,6.701982195023637
1124,5.547315240947061
1125,3.3489549956415225
1126,5.550899330564317
1127,2.689283157484501
1128,8.09503460337357
1129,3.192734603142131
1130,5.766089394220209
1131,3.0244416781118484
1132,6.508037342033223
1133,6.334992334489457
1134,3.186576213942464
1135,5.660846500341404
1136,7.33948478483165
1137,3.9407761741506455
1138,4.0885785641337975
1139,6.958530584896646
1140,7.216114419208173
1141,5.06217149117709
1142,2.4281047843842747
1143,7.748728277135452
1144,4.355175465229581
1145,2.456115779170054
1146,8.321461391824858
1147,1.516695066843354
1148,3.5412014810630903
1149,5.7951889575684925
1150,6.594110156124334
1151,7.902912638325573
1152,6.515428527283338
1153,5.233329101401574
1154,3.8933259317731976
1155,5.068409508493266
1156,5.039203846976304
1157,5.005469085029071
1158,3.7294008099148455
1159,3.1788770805163513
1160,6.136703384607689
1161,6.5842895986507735
1162,7.110786577584228
1163,7.101598905568655
1164,4.77410430894697
1165,7.486782908786958
1166,6.98591714073097
1167,6.83256588724494
1168,6.23516274763898
1169,5.898821232863797
1170,5.86127232027404
1171,5.362944174474718
1172,6.800962921552961
1173,3.8782897004829073
1174,6.7604754325364995
1175,3.890415116882773
1176,4.104523622772833
1177,4.858530153755446
1178,6.359722216139403
1179,6.94245882657682
1180,3.2513731257023886
1181,5.689087333307851
1182,9.565936543711176
1183,3.3358724625923
1184,3.8212747055527823
1185,7.444998752018882
1186,5.114544192219453
1187,4.611330922334017
1188,7.602827582481908
1189,4.573608935926602
1190,6.9550102896984285
1191,3.352893046196844
1192,5.029709364084468
1193,3.9170020835204107
1194,7.410231445705227
1195,4.050658313038223
1196,2.287881579137411
1197,7.907104646108074
1198,4.424714836098067
1199,6.580867850264568
1200,3.0163227092051264
1201,6.156452968154837
1202,8.640779059983881
1203,5.293198545951246
1204,7.564975905854139
1205,4.943245363611317
1206,5.731802387879923
1207,4.110170044728021
1208,5.974704712540879
1209,7.970274998194249
1210,6.602334490797867
1211,7.788004582190069
1212,6.080153392805008
1213,8.785313010501842
1214,7.273205366783825
1215,5.718311355373267
1216,4.4849939749906165
1217,7.413404597323328
1218,3.3874942440192797
1219,4.566817972542981
1220,7.659143661466988
1221,5.913219568798888
1222,7.202312486248443
1223,5.443003726108352
1224,5.131933891340186
1225,7.449878443876173
1226,8.6373246513999
1227,7.171638623428023
1228,3.592150472234404
1229,6.958523118943
1230,7.07399130229249
1231,9.978874840338529
1232,6.270637330631249
1233,7.886054710733705
1234,6.606717881077386
1235,6.7511018612382285
1236,8.38259172616651
1237,3.7125108305922163
1238,7.769808153563562
1239,3.7919604174575654
1240,7.59561233417951
1241,5.822974437457331
1242,5.8602334666991505
1243,2.6520489947091206
1244,6.880526139441461
1245,4.5947728622996395
1246,5.464939710519863
1247,5.310496919593476
1248,4.559326880146329
1249,6.391583093874126
1250,4.891328772903659
1251,8.472609981040494
1252,5.451103766643779
1253,8.934726543981794
1254,3.4913316330242736
1255,5.426867871431966
1256,6.789778375316197
1257,5.5598150701046976
1258,4.363832961697718
1259,6.4298738729604175
1260,6.003849049295142
1261,8.855807649074821
1262,8.25070845189088
1263,5.824060394017715
1264,8.113915909034791
1265,6.701620618661323
1266,7.517059308794598
1267,9.15513430379983
1268,8.216914716142886
1269,7.344248268079532
1270,9.687670178177317
1271,6.165326742632288
1272,4.319690504768313
1273,5.2869967840315875
1274,7.1699971488775045
1275,7.878231990561709
1276,5.485721207343088
1277,1.2739035449882103
1278,5.823677841791569
1279,3.874953283043806
1280,5.733809941899017
1281,4.693048090473939
1282,6.088254455622692
1283,3.359596330830655
1284,6.097503056916714
1285,6.01275365839298
1286,2.552946701859437
1287,4.866586585752234
1288,6.262759340328295
1289,7.712650493295452
1290,3.0184562795046657
1291,8.165595121104506
1292,5.634964308231848
1293,4.753485983955853
1294,3.503725450696373
1295,7.331492993361206
1296,8.059765109759299
1297,4.545770944274151
1298,2.650307348750646
1299,2.768959193746534
1300,7.833157685376493
1301,7.2683742414452635
1302,6.075932834433981
1303,6.646514404383441
1304,3.8287377637328306
1305,6.996958679081643
1306,3.940805990370583
1307,5.25546802411828
1308,6.148346161449912
1309,5.728807058579735
1310,5.086730725111981
1311,1.6124333855582749
1312,7.003930220380669
1313,5.2025779235085015
1314,7.8901792232657675
1315,2.442120819247535
1316,8.669259350830687
1317,2.1218942266833056
1318,2.6857940188145197
1319,2.072850271618313
1320,7.627184705434868
1321,3.8682169572441873
1322,5.028562374277318
1323,6.081733550283785
1324,5.816254445539765
1325,8.65833723494378
1326,8.7914097030556
1327,5.506738830437756
1328,2.4868239438653696
1329,6.809528419903478
1330,5.5903119929348914
1331,7.242488741053674
1332,8.080369445063011
1333,7.606152579424935
1334,5.740782913613245
1335,4.775424772098425
1336,5.909992992479454
1337,3.3897081130161006
1338,4.49893179057632
1339,6.395685256726822
1340,6.225495871140256
1341,6.172242897056231
1342,7.316013752127622
1343,4.71432692060014
1344,6.351523971527829
1345,3.412709539252208
1346,5.45903028846972
1347,6.981838865863895
1348,3.783905709684859
1349,7.1636681483735645
1350,7.023389198993144
1351,4.013595525849816
1352,6.924264981557828
1353,4.768020693556104
1354,6.891110921136632
1355,7.038156768797878
1356,4.5928594894008326
1357,5.765160210416797
1358,7.606120194839694
1359,5.787724932823595
1360,4.8068901623581235
1361,8.491576970150138
1362,8.60691376657602
1363,4.0012787544801505
1364,7.083309265702863
1365,4.475873543581662
1366,5.238374366566681
1367,9.636301600216598
1368,5.896761121692303
1369,7.795775770491417
1370,4.946981447706937
1371,7.706292532524247
1372,4.786364247290907
1373,7.274308011634882
1374,4.672313037395035
1375,6.894670623082015
1376,7.374236705672332
1377,5.433492263428698
1378,5.928656363344986
1379,5.951862540034397
1380,5.331454140754993
1381,1.904492772633706
1382,9.264748649508599
1383,3.5379690906426102
1384,7.323359302228179
1385,7.814071750074633
1386,5.499145893316072
1387,5.261598474933581
1388,6.710031892564988
1389,6.330834785952267
1390,4.664032157441241
1391,4.726711596362959
1392,3.877982706008175
1393,6.089763138540553
1394,5.1187296859287255
1395,5.29341382935808
1396,7.1694135749184715
1397,7.2701533630652015
1398,7.401111457449124
1399,5.048576489966896
1400,3.766699431051478
1401,4.766338963325934
1402,7.796845512242451
1403,7.641711996126451
1404,4.868425922190131
1405,6.296369343581377
1406,5.077822748029797
1407,3.0028588391307203
1408,5.12020902895542
1409,6.218941363529371
1410,5.790599784584285
1411,8.30013550555111
1412,5.099787448806513
1413,6.315690358735978
1414,8.68576090855293
1415,9.138485951858739
1416,4.428025560182058
1417,1.4714156750172254
1418,6.3661920528310905
1419,6.3112945883389955
1420,2.6650978591988688
1421,7.8282914581395335
1422,9.071156872298253
1423,7.097029154141895
1424,7.55844351166419
1425,9.096073369426458
1426,8.00536565948132
1427,1.4197383840108635
1428,2.9920795661144606
1429,5.323575616757389
1430,3.000313585096163
1431,7.034507632468144
1432,4.7869124434490535
1433,7.976662792427576
1434,5.311034695391741
1435,7.77305206058957
1436,8.606634988898588
1437,7.518343924863804
1438,8.00004058326263
1439,7.160895931792374
1440,7.8275902324775135
1441,4.827105528408276
1442,7.475463569102954
1443,7.212038285911603
1444,1.854007448891859
1445,8.846591266726456
1446,6.420788438127812
1447,6.645216092193926
1448,9.028254698173388
1449,5.640871099182605
1450,8.216045677117155
1451,7.354570571180926
1452,6.889824125335111
1453,5.681602204706588
1454,7.256645489555075
1455,7.2837899611448655
1456,7.604460570357682
1457,6.393618249830312
1458,4.703261133336024
1459,8.01633830533076
1460,2.3146680158052018
1461,6.415339747732765
1462,4.328348941045544
1463,3.3461912301398073
1464,4.573745958248884
1465,3.689749259476751
1466,7.1290832233757415
1467,6.5490242610650995
1468,6.985165691702874
1469,8.990072563202723
1470,2.52712198154118
1471,6.1173082289154825
1472,4.01171832251502
1473,8.226290834915185
1474,5.184456262995585
1475,4.445558080154854
1476,7.780377437741651
1477,6.323202406451447
1478,7.261677032235162
1479,3.8631461712963735
1480,6.943120008712723
1481,7.119485031429001
1482,7.082118001741173
1483,4.792601595038651
1484,4.611386855834717
1485,8.325546708810888
1486,1.7457454483869428
1487,3.049756159047836
1488,2.4671276179660744
1489,4.414954186994238
1490,4.2893443968867935
1491,6.782438710912427
1492,6.275734492903541
1493,8.980167473119906
1494,3.6140574337335485
1495,7.905836026580862
1496,5.006531499849032
1497,5.249819290393241
1498,6.604431243544745
1499,4.599916520686819
1500,8.531482299447378
1501,6.041315102621929
1502,7.470159559921682
1503,5.899920223339789
1504,5.210053772955684
1505,4.4956089860087
1506,7.236894370248056
1507,6.8822159655855994
1508,6.25118740097957
1509,3.288904243554822
1510,4.693755672564705
1511,8.015796584297984
1512,2.5855664305889285
1513,3.2775826172831137
1514,8.518696443604762
1515,5.877213724926477
1516,5.362901377110025
1517,7.598944488622952
1518,8.127823270245011
1519,6.166913100357539
1520,5.090162371083239
1521,4.907936907989881
1522,7.962606633740306
1523,5.867739693557062
1524,3.0578958295609744
1525,3.8599970494322453
1526,8.901285916582811
1527,4.0635590168689415
1528,5.809374641160005
1529,6.939909783589121
1530,8.214224953977546
1531,4.885095298110058
1532,4.109793482973265
1533,6.281363485346016
1534,4.5708356334903595
1535,4.9777585909921
1536,8.936244297200535
1537,5.192480104366621
1538,7.031979323878323
1539,4.519900007462494
1540,6.745544729999549
1541,6.398155016472191
1542,6.941739618314001
1543,8.70174172287039
1544,6.589015885499297
1545,3.6439186108098696
1546,7.452944248727024
1547,4.8587351395877505
1548,7.848222906506323
1549,6.072840334632565
1550,6.23541508650874
1551,3.2242536652093596
1552,5.56536673103757
1553,4.432054606614633
1554,5.793055020497552
1555,5.622866678797979
1556,7.894934672929958
1557,7.397574078026971
1558,4.372825977322004
1559,5.456333512084427
1560,7.938311873465093
1561,5.291259329973213
1562,7.892777263956501
1563,5.472590651933867
1564,4.539958888269106
1565,4.8960582618407855
1566,7.502508671173248
1567,6.3983563253078515
1568,4.951844096009075
1569,3.425768942167983
1570,5.2122276505190905
1571,5.251817175335312
1572,8.814369575343223
1573,2.7716558950604915
1574,6.4962953966328065
1575,3.989950335111941
1576,7.31997165794476
1577,5.053958550793114
1578,7.613986544632933
1579,4.0832548354716325
1580,7.451257102966316
1581,6.843240486961932
1582,2.5503667292273975
1583,3.150235273553818
1584,4.6467226481966515
1585,7.050876439383794
1586,5.12459975093187
1587,6.887937021358035
1588,8.104687922766676
1589,5.527425661964057
1590,5.013447963882004
1591,8.319155659662947
1592,7.548812376122553
1593,3.6425462637419805
1594,4.369385922015428
1595,1.5133404433438291
1596,2.819941768502783
1597,5.468956457347694
1598,6.904731235811707
1599,6.447289924215673
1600,2.575245843491536
1601,6.376383657136564
1602,7.574443640617982
1603,5.585071452489331
1604,7.5231361382521875
1605,6.0109941993631955
1606,9.501214616689701
1607,9.245326787642144
1608,5.367412791778456
1609,5.4029111076483565
1610,8.302088580859568
1611,7.706104369121176
1612,7.646589059639099
1613,6.811250787348216
1614,5.392050980155081
1615,2.9141180743916593
1616,5.602408326426449
1617,5.9135978812920165
1618,5.712007174731639
1619,7.383326862861447
1620,5.910236007610329
1621,4.573485583263036
1622,5.293301350015002
1623,7.287348775599832
1624,6.351683175901596
1625,7.212457171291131
1626,7.7089574474045515
1627,8.051265498484694
1628,5.560228744486276
1629,6.634010179948564
1630,4.024542771233891
1631,9.751992622255772
1632,8.212850341005854
1633,8.850791289182137
1634,7.360555172062807
1635,8.444646806697273
1636,6.109190721500093
1637,7.76518011841528
1638,7.824844243557964
1639,8.088694932060443
1640,5.167536678000922
1641,5.488997533051508
1642,4.829254149874797
1643,4.867144904666287
1644,7.170114047054758
1645,7.905209200808349
1646,5.722003837943297
1647,6.416177005824796
1648,8.98886767247309
1649,4.710564177351586
1650,4.815665058437656
1651,4.217716494793251
1652,8.168302043936004
1653,2.8624799211194305
1654,5.837329265223154
1655,6.874781366169922
1656,3.5052414678150887
1657,7.671654704235334
1658,3.740931258304793
1659,6.316235511098605
1660,8.519146909922036
1661,7.9354379576473715
1662,7.027879362886615
1663,4.4158034679674225
1664,6.442307745974612
1665,6.237771219108188
1666,4.968154749735581
1667,4.0527841631838815
1668,6.703585923259821
1669,6.914026008340645
1670,6.761554592597397
1671,3.6162942748044618
1672,4.002257737988888
1673,9.847178527941349
1674,6.4963207075486675
1675,2.477236926351933
1676,7.691677260562333
1677,5.977898253779796
1678,3.0185272901298874
1679,6.177079067533812
1680,3.393059289230325
1681,5.86822408840543
1682,1.7316327986264164
1683,7.436674810467515
1684,7.271312195513009
1685,7.6600682094929295
1686,4.6271669501721755
1687,2.086730183472411
1688,7.253468227737672
1689,7.164010489957445
1690,3.371992286680139
1691,7.345393361111874
1692,9.319836590044805
1693,6.950155286202363
1694,2.994786660710389
1695,3.0104564710960893
1696,6.022661151584598
1697,6.241046034722629
1698,6.66807506857771
1699,4.942537432729724
1700,5.176132833810465
1701,4.532777618027157
1702,4.187122609040617
1703,7.540726835263071
1704,6.789225323732371
1705,5.676294556300329
1706,5.430124707700807
1707,5.005759380484774
1708,7.567996380071062
1709,8.425705449564338
1710,6.31457668275801
1711,7.435520170480445
1712,5.722522896630721
1713,5.457828642918722
1714,7.797159117539286
1715,8.749993019551606
1716,6.26251426178278
1717,3.39381872960476
1718,4.822391524760977
1719,6.947409874060014
1720,8.482121810249504
1721,6.42232451775283
1722,2.318132623400811
1723,7.257212735827813
1724,3.27597149431379
1725,7.818488690531588
1726,6.046711122123484
1727,3.6152663118157156
1728,6.457912716678179
1729,3.8624101888400517
1730,4.423815365017457
1731,7.158846913823367
1732,8.031198479345262
1733,6.155896320405289
1734,5.225085795132627
1735,2.419437542051882
1736,8.434752077460132
1737,7.805004493030601
1738,8.690189742664797
1739,6.5261688515319305
1740,7.241126607916101
1741,3.239785400137114
1742,6.586250970499159
1743,6.84320978130703
1744,6.535092161789953
1745,6.434489256810263
1746,7.031411966622023
1747,5.57630469467046
1748,7.52793625966085
1749,2.1636168122832813
1750,6.390320294176058
1751,7.110609356881286
1752,8.050061082377002
1753,7.08117925599638
1754,6.723478300117661
1755,5.544918722863111
1756,6.5504680675125355
1757,9.558083870869567
1758,4.91284874176269
1759,5.446633501401145
1760,5.177963293541068
1761,3.3022958186115043
1762,5.022556189555658
1763,3.574414998303632
1764,4.371795813565353
1765,5.413058242243816
1766,6.13495049923774
1767,4.027846195348957
1768,8.226663889351414
1769,6.197809571086043
1770,5.995876028580064
1771,4.5824910792311
1772,5.362998387168282
1773,4.23747372119744
1774,6.857118418599727
1775,6.8786946288697886
1776,5.19512359378829
1777,8.452231774475736
1778,5.968560186913821
1779,8.001122697186059
1780,8.159599816039472
1781,7.227732637409738
1782,6.949151374364243
1783,6.0420742680755
1784,6.969685456715045
1785,3.765135709375259
1786,4.789622076827732
1787,2.6819574047800576
1788,5.876103434197087
1789,8.435027194456605
1790,9.099286636467811
1791,8.143712681304448
1792,5.722620254017439
1793,4.866459280010526
1794,6.475975913187226
1795,5.329461213616336
1796,6.686920648328873
1797,7.804190998490147
1798,5.299680677478017
1799,3.631490107571865
1800,6.082554577176419
1801,3.3758686745265134
1802,5.413851232594176
1803,9.177217590551809
1804,7.181750748234846
1805,8.725972606261273
1806,4.466144116511518
1807,1.7478681884336291
1808,5.3845385047084235
1809,6.22847878978401
1810,9.223930317021987
1811,5.1194754930403015
1812,6.8881430549343605
1813,5.7875165308282
1814,4.688446631263832
1815,6.587729750504767
1816,6.497618706527046
1817,2.1076559219597946
1818,6.859013752594597
1819,7.2677769879301835
1820,7.027542735181781
1821,8.201232727452128
1822,7.181645826921946
1823,4.646871735851461
1824,8.106238990588457
1825,5.858850309912901
1826,5.963159995473752
1827,9.406310041158779
1828,5.612104559009453
1829,3.535436469727988
1830,4.234072706906206
1831,5.86473722940724
1832,5.532430981644323
1833,5.76377835750017
1834,3.9498250593455673
1835,6.659320334744047
1836,6.84988359971861
1837,3.0629191805388882
1838,5.035253102755908
1839,7.365087170656433
1840,7.27114056319997
1841,4.672325682972785
1842,6.2389765997917275
1843,7.4774633360250915
1844,3.421301226626447
1845,7.6018670234396755
1846,6.491128585148365
1847,7.944920998062714
1848,8.32263538764799
1849,5.29739019508663
1850,5.3709417435300555
1851,5.581328805027263
1852,2.1295740714230287
1853,4.7963269446731704
1854,5.180740294826153
1855,6.431365739286915
1856,3.2558224072405526
1857,3.8563185273133063
1858,3.331144574114062
1859,4.515432713398947
1860,4.973659996057667
1861,4.068439583345875
1862,7.9357009725872345
1863,5.360621430347677
1864,5.8389369132691655
1865,6.204391677629811
1866,8.775090059132756
1867,7.36002329098608
1868,7.346327524374244
1869,6.624771401320491
1870,5.162924055496267
1871,3.881679909867032
1872,5.819247838438787
1873,7.016796711166255
1874,1.1386051125762549
1875,5.826497835446574
1876,5.6576115504652895
1877,6.9172720605776705
1878,5.179971912354866
1879,3.0615831990209745
1880,5.525303543315685
1881,3.4852362074915764
1882,7.619902040537587
1883,5.389197959744337
1884,9.5327117902295
1885,7.363623560353869
1886,3.9272476659910796
1887,6.6039368607686
1888,4.169587570159112
1889,8.333780873401656
1890,5.164324367189579
1891,6.449462892969752
1892,8.497706649541293
1893,7.882344902291803
1894,6.888277524437006
1895,7.2933757883481185
1896,6.598931717942771
1897,6.579427017391554
1898,6.186117367590243
1899,8.970858376676826
1900,7.409346086028554
1901,6.587051808950425
1902,5.3963885947281796
1903,4.11015008963997
1904,5.8860082452771545
1905,3.5996088350389828
1906,4.9956854703363485
1907,4.874081525870594
1908,7.47710195737706
1909,6.09325540753544
1910,5.884714710071913
1911,6.310271721773662
1912,6.984682728666337
1913,6.846872908813298
1914,7.304351916285642
1915,2.419233538225259
1916,3.6855454063473556
1917,4.07439781392636
1918,7.0204390377527925
1919,4.503474664396201
1920,7.300116548873896
1921,5.812020206482033
1922,6.039268928953825
1923,5.043922141846944
1924,8.10326030119926
1925,8.20110912536807
1926,6.838943891210437
1927,5.379064970187251
1928,6.672730850575504
1929,5.413232216616074
1930,7.731074160855774
1931,3.1391701520744983
1932,7.793670886216897
1933,3.780252327503864
1934,6.498629345103692
1935,6.066004596364343
1936,2.7929495008888496
1937,7.591593669609498
1938,2.2292994328205142
1939,5.30186870761903
1940,3.6371313719513965
1941,4.751977562288977
1942,4.00285006723396
1943,8.511165368607163
1944,2.187953001935707
1945,4.48592374823776
1946,8.132916656251371
1947,8.553366294823622
1948,8.311218152208973
1949,6.685267354551958
1950,1.6364146081887159
1951,6.927494856091806
1952,8.600173275012377
1953,4.471263034915088
1954,3.955505505931553
1955,4.902080989997447
1956,6.505698922989106
1957,3.623050195449941
1958,8.055511528818114
1959,2.370159823050437
1960,8.796299525646218
1961,5.833894369884635
1962,4.237042223037909
1963,8.023011280427836
1964,5.396646907729307
1965,5.106235692664142
1966,7.9907184210890465
1967,3.9984134207807416
1968,6.660746874857855
1969,6.79347548833503
1970,5.398309483640839
1971,5.700636295158257
1972,8.508616105112432
1973,6.969759866181289
1974,4.673492948100336
1975,6.38023502445825
1976,5.63841963612046
1977,5.937480797557841
1978,7.877618780979661
1979,6.978767180369925
1980,5.701123099816094
1981,2.3423902335193745
1982,6.187274629556193
1983,7.061385508798407
1984,8.965338740554051
1985,3.948739362395034
1986,3.2691408480070896
1987,4.030881910157237
1988,7.412764601073497
1989,4.030761895928512
1990,7.87301324154258
1991,5.761902777762508
1992,9.082782513177523
1993,4.191872859466898
1994,5.711932293854697
1995,6.157922812629568
1996,6.250704069828727
1997,8.844387551174332
1998,4.712766618646926
1999,3.6558820685888795
2000,8.675773271279313
2001,4.07226403434423
2002,8.433438944777494
2003,5.271232520547718
2004,6.212666239122647
2005,7.459746921165502
2006,6.9756698599645865
2007,5.1460573507936935
2008,3.752410307332914
2009,3.1693686895179276
2010,6.689994910576115
2011,6.064170392582234
2012,6.541376391227814
2013,8.773033131904945
2014,5.66481767405157
2015,4.035678896833196
2016,4.037406448863281
2017,4.63747182292129
2018,6.5677696510516075
2019,7.2050104340809815
2020,6.901229434282068
2021,3.600406185772352
2022,6.8683711074602805
2023,5.416714251919842
2024,6.351284999472426
2025,7.525770675529723
2026,8.046583579613051
2027,7.42976380433276
2028,2.9413826342482303
2029,2.1343980237437052
2030,7.94031577496385
2031,3.779466852905117
2032,8.741584623734177
2033,6.68153171664752
2034,4.25578998131038
2035,4.701331666914166
2036,7.567947788778403
2037,5.542367098253285
2038,3.95203529332089
2039,7.208822818105366
2040,7.557761081470631
2041,4.506121623612699
2042,4.86191780841202
2043,5.8631903751450745
2044,5.79946685249231
2045,5.864941685087162
2046,6.582921273323672
2047,6.922676387047513
2048,2.822204798585414
2049,5.5420084928405045
2050,2.165476891785525
2051,4.87911226700932
2052,0.9978525269611124
2053,5.080010391261854
2054,6.624164567375558
2055,6.768829665180613
2056,3.7650804380420126
2057,6.895441380594098
2058,5.455224846509235
2059,7.265622930748277
2060,4.53753279862911
2061,2.910439459555276
2062,4.6576049896446206
2063,6.657064591000272
2064,4.787057016864332
2065,4.726922714739304
2066,8.992033106041063
2067,9.812622479014093
2068,8.35705960452928
2069,5.146251084642752
2070,6.207376457558924
2071,6.5267354958292305
2072,4.3064842345803775
2073,4.574470507019464
2074,4.173232547591754
2075,3.794616345937762
2076,3.6485285047775244
2077,5.620937203957966
2078,5.040874971280661
2079,6.745192826988476
2080,7.466477401356172
2081,8.744637569158924
2082,6.198010695414036
2083,6.203210838908206
2084,6.7492293741888085
2085,8.299549550940574
2086,8.109161831338632
2087,4.3086609107676415
2088,7.928468832235006
2089,8.95371481320386
2090,8.71151518933971
2091,5.609288164255588
2092,2.6810152991108533
2093,6.6898140993929545
2094,5.336992931623285
2095,3.7837710554146438
2096,4.222767139822547
2097,6.3551709969787735
2098,7.246982275910191
2099,1.7384905246350775
2100,7.2646454066100095
2101,3.377327547615751
2102,7.211214713421399
2103,8.46359520023172
2104,5.96387143879497
2105,5.0864230862206155
2106,7.727939835368193
2107,2.824480362959478
2108,2.6854653104045245
2109,4.3718611046465625
2110,6.577806919497963
2111,5.152844698519184
2112,3.912844159138114
2113,6.20431693950523
2114,7.428843402378612
2115,3.399712351906418
2116,5.157764885608401
2117,8.745808401697582
2118,5.884359605889742
2119,6.590864929322728
2120,7.770091340390274
2121,4.904898153388842
2122,3.292339769474781
2123,3.182932478869235
2124,6.6230444893975955
2125,6.60444749382397
2126,5.061128827636779
2127,6.328055479515601
2128,7.810349920414515
2129,4.332257611971848
2130,5.527050307647058
2131,5.4539554762646025
2132,6.39164208130176
2133,5.4339699733674465
2134,5.580408896239478
2135,3.0651199947468157
2136,2.6338336926901147
2137,6.9549020859960695
2138,3.127707559080408
2139,6.043944993732415
2140,3.32985261217935
2141,7.157352458696421
2142,2.767285702377634
2143,6.602029317034296
2144,6.461901668288482
2145,9.848786472522916
2146,7.393408430501689
2147,7.257959990027342
2148,5.7264618974916335
2149,8.324641030461919
2150,6.4551523186942985
2151,5.037360632969781
2152,5.081158679425546
2153,6.639985346649145
2154,6.651471846862347
2155,6.203469499031186
2156,7.06717422174786
2157,5.578341835825174
2158,7.947328372441332
2159,8.80932208386631
2160,4.778776920733078
2161,2.4214669908799302
2162,8.063903151408292
2163,6.209067723200853
2164,5.2406753384808775
2165,5.9930539890247845
2166,6.733405297779516
2167,7.428612638571755
2168,6.276762429965778
2169,7.311566731689272
2170,7.14537881282343
2171,6.435132988002166
2172,8.394491007847936
2173,2.402747705459563
2174,4.291323832401456
2175,5.33412756528175
2176,8.475259000203916
2177,6.349839168745724
2178,6.852079904903148
2179,4.6144741610204925
2180,5.487955772354036
2181,2.6226394126810137
2182,5.223483067368756
2183,5.421006777170447
2184,9.016017443229854
2185,8.520886133018777
2186,7.622413002123007
2187,3.625747343807697
2188,5.082474403070421
2189,6.263251911531825
2190,3.7531483275389714
2191,5.970985774155233
2192,8.753414901530789
2193,4.157984557151308
2194,6.2459657652082505
2195,7.961884844469241
2196,9.051211732738848
2197,7.4237118244382465
2198,3.970380451470014
2199,5.783709102695466
2200,7.522845488697264
2201,8.108190428065923
2202,7.668200815104572
2203,4.651584467369609
2204,8.557527840567392
2205,8.864013959933244
2206,5.277577139491577
2207,7.706893284306333
2208,7.065926474193301
2209,8.225271783820572
2210,1.3675432872445217
2211,6.373366613502334
2212,9.042744729114126
2213,6.758457850256654
2214,7.673840413697613
2215,8.222459100042967
2216,3.2250368168382506
2217,7.619223422127463
2218,3.9149936383033443
2219,3.066147774053841
2220,8.147355105641592
2221,8.093827877891394
2222,6.9349828983372035
2223,4.301375027446875
2224,5.5870825731432205
2225,7.197742491874714
2226,6.622818066360769
2227,6.605814916987304
2228,4.98131062934511
2229,8.145847196033117
2230,7.422289349988638
2231,6.291507385049242
2232,6.445233092085236
2233,5.882316581171106
2234,7.615846181382025
2235,6.850692244885514
2236,4.557028679905223
2237,4.7832983123210235
2238,4.615751069536878
2239,7.495232495447988
2240,5.9098052129073535
2241,4.795405181407073
2242,5.084580281234569
2243,9.176884686421987
2244,6.683984515424971
2245,7.1408253171372005
2246,7.601134844762391
2247,9.310956945035985
2248,7.708837792833058
2249,4.704738968504499
2250,5.341871441059202
2251,7.031168212185271
2252,7.813498806136677
2253,5.519587080872774
2254,8.486744426653702
2255,3.3454947070529166
2256,6.653200325830621
2257,5.333244436559585
2258,6.399675237519748
2259,4.145653565309326
2260,4.66571808154978
2261,8.10974048303482
2262,7.883864635270547
2263,3.5108455438275623
2264,8.757434483816391
2265,5.8598283858883935
2266,6.700499648195513
2267,5.130079715512651
2268,1.8572735661328894
2269,8.04051328905796
2270,7.3504801624968605
2271,6.528244401041335
2272,2.9790245213831574
2273,4.883638952504962
2274,5.255298623922364
2275,8.46986401873236
2276,9.727380033962865
2277,6.313515998413757
2278,5.227759218291774
2279,9.543967596219709
2280,3.6308290774959477
2281,5.595080727774842
2282,4.148396574338568
2283,5.614005379707533
2284,6.235860283084265
2285,4.2602453829643325
2286,5.411832260275769
2287,4.006957189061958
2288,3.9074636701479566
2289,5.4366909341234955
2290,7.631526398009208
2291,8.43078968132756
2292,8.577882383645298
2293,8.134335328743528
2294,3.2995047247699736
2295,7.297691185635942
2296,8.059177757196688
2297,5.30830746495573
2298,8.152931398931822
2299,7.751054089061869
2300,4.533185444923763
2301,5.626095709786943
2302,7.848545833228817
2303,6.198555626773357
2304,5.502194165404882
2305,4.888140781189811
2306,6.459381853996551
2307,5.710149541950039
2308,7.77819835370309
2309,4.219442655116449
2310,3.514183228909144
2311,6.510955658066594
2312,5.252300429956155
2313,8.638079739674655
2314,6.93226319497584
2315,3.150457718002829
2316,8.935919538860773
2317,6.64367358066883
2318,6.861823772092735
2319,7.325553840268227
2320,6.174482760004
2321,6.649058365193896
2322,3.131362897016653
2323,7.4657897610390895
2324,6.947187482678538
2325,7.70509523826417
2326,4.832376833910435
2327,6.05666009308181
2328,4.761886485567688
2329,4.948782754246984
2330,4.909528252738066
2331,3.6063443535344804
2332,5.436564292270304
2333,6.881185604174685
2334,5.9974052490544
2335,7.192906503742553
2336,5.085262674362572
2337,4.243358013160858
2338,9.108305217726155
2339,4.7027669978351865
2340,3.0323066528465072
2341,2.101661398116049
2342,3.923075914772843
2343,4.479868940332962
2344,6.951580481716788
2345,5.833607573969007
2346,2.9206002373746793
2347,9.392601650671129
2348,7.50415473412805
2349,4.094812193627681
2350,4.069485824017678
2351,5.526489929768194
2352,3.5780735341385657
2353,6.266115300860155
2354,6.153399371975217
2355,8.363984492439888
2356,6.937638186322481
2357,5.343905774261979
2358,5.553507778598691
2359,7.385381179856042
2360,6.45681658420735
2361,4.696210505966805
2362,3.5646077834213097
2363,8.76351574799665
2364,7.357205303425777
2365,4.551024190110557
2366,8.01239346525591
2367,6.810572239072958
2368,6.102119238288487
2369,2.0142600491625067
2370,2.9290981656878534
2371,6.418467145783702
2372,6.252187999170698
2373,6.988761709803228
2374,3.175080501024803
2375,3.300833510596955
2376,7.047614971459282
2377,6.3515819112623015
2378,8.543542783193837
2379,4.53466164776641
2380,5.635864431483947
2381,9.035800431082404
2382,8.048729273475708
2383,3.28115117718858
2384,7.6825051022855915
2385,6.13004046149703
2386,5.44527752504532
2387,6.1033155695935495
2388,4.329381658905983
2389,5.821496884994187
2390,7.335628965889116
2391,8.73715444408167
2392,6.099767710242052
2393,7.687292251427351
2394,5.648020072801735
2395,3.23491308156004
2396,8.40969506843394
2397,7.386529632470694
2398,4.278904991833675
2399,8.705638387736025
2400,9.322756104060955
2401,4.807245326587813
2402,8.904384214854732
2403,2.422764056759091
2404,6.9359626320710515
2405,8.059937017709997
2406,7.496894628780397
2407,2.2985360414930085
2408,8.250194537563983
2409,5.478393439424227
2410,5.430723333616923
2411,8.259834927610026
2412,4.604026848208698
2413,5.960978049197732
2414,4.382163292210096
2415,5.940303760038837
2416,6.433307718976243
2417,8.1056480700639
2418,6.443630339695347
2419,4.697195051409462
2420,6.138622269566646
2421,5.146312248371807
2422,8.167664304799322
2423,2.605997973401544
2424,5.135500078074837
2425,0.443736571784852
2426,8.467490783696004
2427,5.027691699472665
2428,1.3929600809403213
2429,7.167288653124094
2430,4.673614243780492
2431,4.269734194689528
2432,7.851763248795117
2433,4.634488723629555
2434,6.531362733489735
2435,6.369245966303126
2436,5.5772386917387635
2437,6.519332532060356
2438,6.981397332890731
2439,6.0739576004108216
2440,8.169672623041736
2441,4.488782609666476
2442,4.792807848207689
2443,6.241979715306721
2444,8.69632260022346
2445,8.46339861902415
2446,6.562864710235818
2447,7.250593847656837
2448,9.368573644856086
2449,4.388853752501613
2450,4.972149135629444
2451,6.320303657696132
2452,7.690125149809903
2453,4.857465356106994
2454,6.036083316887935
2455,6.5690268962187215
2456,3.4726814788241605
2457,8.637705956710162
2458,8.247165622887984
2459,6.905753780345641
2460,4.342110377339486
2461,6.136482232068273
2462,3.361154698069471
2463,5.374645509759973
2464,7.407384240873238
2465,8.72903785400609
2466,5.4648359527558155
2467,7.6285569566616696
2468,7.476912065969655
2469,8.37733837399903
2470,5.250554519696054
2471,4.224561910966276
2472,5.2049314737009515
2473,4.865663814335409
2474,5.841486124223695
2475,5.755030119220976
2476,5.610909890964498
2477,6.169592128393746
2478,8.116590546951596
2479,6.131692925370516
2480,8.3665933857738
2481,4.921622000951735
2482,7.318978537027027
2483,3.3466618618143693
2484,7.698000144165992
2485,3.264356822762199
2486,6.726727312378341
2487,5.1513716822007805
2488,4.094763800857654
2489,3.8333436518066466
2490,4.278897507345408
2491,3.860461954802022
2492,4.015262800067176
2493,7.380647979351261
2494,8.469511274766313
2495,6.099571235974129
2496,5.936066103213198
2497,7.270233004102098
2498,5.110208491267193
2499,4.4244821894633946
2500,4.472055284018137
2501,6.768290312978894
2502,6.644369751479526
2503,6.335995010056465
2504,3.8489450679752037
2505,7.333552677596906
2506,7.36528081161765
2507,3.9505531115887957
2508,4.950235519926801
2509,3.955692674185879
2510,7.117203350396378
2511,9.495090256313212
2512,4.6961177199223805
2513,4.452680383391459
2514,6.756204255665033
2515,5.7447400357488165
2516,2.4161250263438894
2517,7.411376464349932
2518,5.465147485307444
2519,5.144473854883541
2520,3.2160377800048967
2521,5.8926348698759075
2522,9.603179151474908
2523,6.2773542112457825
2524,4.018982077064623
2525,9.541600787768244
2526,7.372285075593915
2527,8.069446234455697
2528,5.460097269215883
2529,2.526471412646654
2530,8.909150904290328
2531,8.732129438379518
2532,8.778458976143039
2533,4.8489767978631
2534,7.001041499254579
2535,5.727756854129149
2536,6.547789293890625
2537,7.345944570465175
2538,6.880518648086882
2539,7.765110197145342
2540,9.411338204088992
2541,5.529234961435702
2542,8.102147070443985
2543,9.251387140127434
2544,3.4708673312820446
2545,5.735581806383151
2546,5.342698946332009
2547,5.363135510502035
2548,5.169056179267752
2549,7.288513301135426
2550,8.080297772971674
2551,3.493682606378984
2552,5.20702492609333
2553,7.717211937808717
2554,5.110472510092582
2555,5.371926281130675
2556,3.3622751404240603
2557,7.064373452662556
2558,8.017481132971188
2559,7.940108183564992
2560,6.703606846302556
2561,6.001007838560148
2562,4.0698273652019274
2563,5.676969357513584
2564,5.526853428016208
2565,4.668464993050252
2566,6.677881789154608
2567,8.52429212646137
2568,4.1855258235802895
2569,3.2472795586621643
2570,5.483741915673977
2571,8.917393783268928
2572,5.7356275235446565
2573,4.08008311126318
2574,9.004678325281676
2575,9.211666092468777
2576,6.595151515016813
2577,4.815642879190324
2578,5.264961074418939
2579,3.5544667646630113
2580,5.418840481527748
2581,9.962851169518887
2582,6.517696992626388
2583,7.587009830952817
2584,4.724341422876857
2585,6.252077864660524
2586,4.210818366920037
2587,2.9920466652895046
2588,7.367261097298292
2589,6.115513607617509
2590,8.026616302086161
2591,8.367371900035703
2592,7.936503077413439
2593,3.4901507846068203
2594,7.427202857093111
2595,3.7063946015854983
2596,3.6280825787813384
2597,8.23730961113959
2598,8.659538223685093
2599,3.0983043251386997
2600,4.410883803102213
2601,4.167601586324073
2602,7.699973374109839
2603,5.589897115335112
2604,4.724508290310474
2605,3.854603145904211
2606,4.6715882281509025
2607,7.0777902318798045
2608,7.925723516877564
2609,7.277230409414649
2610,5.500057482826111
2611,6.54783643314708
2612,4.946379366136636
2613,8.976182300623329
2614,1.6371339675599244
2615,3.2492065550518308
2616,7.260198515945749
2617,5.102540606180547
2618,7.409174168670335
2619,8.998025204642268
2620,0.9835762378044006
2621,3.983759255280002
2622,8.24533921990912
2623,7.000743024231468
2624,8.25724323344272
2625,7.074940108795135
2626,8.358221543245849
2627,5.688592699939
2628,1.7733758449841706
2629,8.537705169042423
2630,5.847636941350433
2631,3.56833647900984
2632,8.574574503192661
2633,7.506296291437841
2634,7.380320427129199
2635,2.9154367456960273
2636,5.137322980662119
2637,7.040492013134962
2638,5.920862809131765
2639,6.151949690011308
2640,6.59811358505068
2641,6.062580158919121
2642,5.393201731659949
2643,8.180084238335034
2644,7.13104550635925
2645,7.799485299957384
2646,4.911717678169474
2647,5.785316667924853
2648,8.902642798946363
2649,7.950013625309839
2650,4.572851213526066
2651,7.4080604451982035
2652,6.741406734288425
2653,5.462862165291283
2654,6.066924164703886
2655,6.981327355795934
2656,9.490218752395348
2657,6.254980328736515
2658,5.739037291259368
2659,4.092545248399337
2660,5.757297209010941
2661,6.665292638957743
2662,5.112386918552752
2663,6.658175012090959
2664,8.021774248359684
2665,5.736128694127357
2666,2.8137635841766397
2667,7.985387027084517
2668,5.895997869196113
2669,4.907625562724617
2670,5.623335276969503
2671,7.049307792964268
2672,2.4246209263387013
2673,6.605227640830268
2674,5.735585925207725
2675,7.9154499057927
2676,7.999171883707927
2677,5.120462316960058
2678,7.594237398895228
2679,7.015173984513551
2680,3.891830855085216
2681,3.431111403921
2682,8.023396569509174
2683,5.8285861838559985
2684,5.22970594517349
2685,4.359514164707677
2686,4.2346391227524265
2687,7.161069996824422
2688,2.754918788686856
2689,7.518856694262534
2690,2.589983699469259
2691,5.8431121866798845
2692,9.933605875937587
2693,3.4290576761707054
2694,4.7909694207161175
2695,5.79151202755521
2696,2.208888535245767
2697,4.106502241234331
2698,4.674880104622648
2699,8.618059571866414
2700,1.5710435717855578
2701,4.734447691135837
2702,5.551752089894901
2703,7.653518499567838
2704,8.475225288879916
2705,5.489891847777188
2706,6.668005430103448
2707,5.607136426054778
2708,4.5006763011328355
2709,1.3442482415889994
2710,6.771752780153054
2711,6.663944534027268
2712,4.529134032172797
2713,9.392663710966039
2714,3.479328527893927
2715,3.6479306347870377
2716,3.59603434442724
2717,2.242324108494731
2718,4.6352884690960705
2719,4.795286877415553
2720,4.913529120942908
2721,5.944977933931832
2722,7.484798765083786
2723,6.7069563231668825
2724,3.474748968699153
2725,7.368994450464322
2726,8.272652227937709
2727,7.9822709886899235
2728,7.638921211972961
2729,2.5241537955595037
2730,7.1825194353995405
2731,6.8850658995786365
2732,6.048359932962614
2733,5.530404407689998
2734,8.209667906415481
2735,8.903872178810179
2736,4.969648636229197
2737,5.182258069135515
2738,5.225145011508116
2739,7.051509122151781
2740,5.276504767281226
2741,5.544783472952279
2742,5.660464114034925
2743,3.254807590320535
2744,2.361894721333264
2745,9.108370964709342
2746,6.607150989068006
2747,2.0731463383544324
2748,6.562111927797955
2749,6.444830107092643
2750,6.4476999289290635
2751,6.3451316171712495
2752,7.425135043019506
2753,7.1504552874286444
2754,6.370766445715904
2755,7.3691793309044815
2756,4.308574621975935
2757,5.819947600820574
2758,6.281664364937107
2759,3.755664998835332
2760,7.072753325510336
2761,6.981426826758618
2762,3.313025316889198
2763,5.94107215520662
2764,5.8652326025860235
2765,6.8926546706090175
2766,5.767533565326006
2767,8.42304861527719
2768,3.853008764666422
2769,4.570809058214906
2770,2.3924033709092596
2771,4.86153114903187
2772,4.5704974467428325
2773,7.804151810150965
2774,7.995851668201196
2775,8.926669217270149
2776,8.67661790872359
2777,6.884729554229354
2778,6.406475392254776
2779,7.540419488105474
2780,6.090349900925264
2781,4.226671310193375
2782,9.22230510695602
2783,7.001397980713277
2784,7.758468878100907
2785,4.806105451521818
2786,5.296854975832475
2787,7.1779652425465885
2788,6.4401114004236355
2789,6.110880892524952
2790,2.9955275840121245
2791,8.696650131587845
2792,2.505103643651428
2793,2.1000356705748677
2794,2.653781386205848
2795,2.797391907998764
2796,7.889008414555877
2797,7.193779992750954
2798,6.704597678931745
2799,3.677235928646855
2800,3.477991410224482
2801,3.7291274723173657
2802,8.423380253603238
2803,5.595901057224589
2804,3.904348834871557
2805,6.858345369237144
2806,4.908130627000653
2807,7.928643655735203
2808,8.027551638857133
2809,6.682631976188195
2810,7.475905427293108
2811,2.715456843352903
2812,7.10937806933461
2813,2.8995231296574118
2814,5.250818761985786
2815,9.047997090498692
2816,6.404266542623908
2817,6.202612556005153
2818,2.563868101511641
2819,6.950694420004208
2820,7.729304088484987
2821,6.9169892637833055
2822,3.3492808429608125
2823,4.659617709128199
2824,6.157900806810468
2825,4.166502756461375
2826,9.632913640325134
2827,7.328403346881116
2828,6.351098600896589
2829,7.559033167073895
2830,5.38233663157321
2831,6.196570168453416
2832,7.7366060603728215
2833,1.7850559714450382
2834,5.579190891020999
2835,6.621839351691742
2836,4.110528510757093
2837,5.9353143118943015
2838,8.581342580198408
2839,5.761630851118971
2840,5.941041552209518
2841,2.4807350304713367
2842,8.072121892297316
2843,6.3951323963136275
2844,6.885997557846604
2845,4.383927169388711
2846,7.817231545710572
2847,6.6163100637269405
2848,6.215119351414642
2849,5.486862801963178
2850,3.222030750514331
2851,1.8440227761574786
2852,7.276136218490913
2853,5.1194234558096126
2854,5.362728077270961
2855,8.890259353030634
2856,3.423889610733508
2857,9.291866695122486
2858,7.471939644273425
2859,6.399509796655721
2860,7.091464017793513
2861,7.373254903076255
2862,8.509457503479135
2863,7.255709361498907
2864,7.428579779997438
2865,4.914841378942379
2866,8.144599102878834
2867,6.865138157259829
2868,8.599773168664488
2869,9.567554926886666
2870,6.006745369665839
2871,6.7280665927506185
2872,6.273008408433319
2873,7.617459264913149
2874,5.027203134310167
2875,6.940286601050988
2876,4.2064487095006395
2877,3.7245905761844322
2878,5.79611242695589
2879,5.571844556256921
2880,3.7498473485430077
2881,9.85271441167079
2882,5.223526047560359
2883,5.663889765542008
2884,6.642809296396517
2885,6.482281138927781
2886,0.7605857337447951
2887,7.001746976517719
2888,8.421193647696521
2889,7.119420773472664
2890,7.610740135876268
2891,7.973516987547116
2892,8.30551645410991
2893,5.317782530851847
2894,9.456216970943704
2895,3.099992948183417
2896,8.124436693231779
2897,4.961418592132853
2898,3.347439602523304
2899,3.2376862302256093
2900,5.587577341859072
2901,3.3881522856177653
2902,9.171315915104376
2903,8.014991695884294
2904,4.453518137476275
2905,7.4259679931155755
2906,7.828776007974461
2907,6.799120118804829
2908,6.017552641734723
2909,1.6073144142833558
2910,6.072847056770308
2911,8.959480070564839
2912,4.0257790379587615
2913,6.810096901630544
2914,3.4891056364588007
2915,5.423243396289382
2916,8.50641906942828
2917,3.4211022972814855
2918,8.465667443159303
2919,4.157525642535216
2920,7.215917944550235
2921,7.626351928143826
2922,3.4960577155706174
2923,7.399161460275291
2924,7.414260434075168
2925,6.493628730184973
2926,7.303325620053439
2927,1.8381822862012658
2928,3.886806222658637
2929,7.687770765188306
2930,5.093518753974431
2931,4.095508850287177
2932,6.28952478540482
2933,3.312679240055931
2934,2.476395439035195
2935,6.399798941263689
2936,9.54034431966592
2937,4.669958390607761
2938,4.444199579710528
2939,5.927046270673001
2940,5.7214121088462155
2941,9.177001655832838
2942,5.250381716656991
2943,5.997207364170481
2944,4.767128509959142
2945,7.287387293661984
2946,7.9332501222636
2947,6.525674801606739
2948,1.8179491953364222
2949,6.232477200387326
2950,7.341696805678779
2951,5.213170661320587
2952,5.410797778567278
2953,5.658653724496293
2954,6.1390008996768834
2955,3.730563944065015
2956,5.043921622736239
2957,6.665087712907243
2958,7.702666291786271
2959,5.8498739220257345
2960,6.408820883109939
2961,3.71190234774947
2962,8.274804781146837
2963,7.694497010997791
2964,2.5885170716449983
2965,3.147825804467891
2966,4.8377162225096395
2967,6.201932278063267
2968,6.2520712537961485
2969,5.312897217486243
2970,3.439526504806448
2971,8.648787110698242
2972,9.977788313799461
2973,6.698994744077016
2974,5.069775809363589
2975,5.368619543711655
2976,6.802983145010392
2977,4.839292446340852
2978,7.828458015876487
2979,6.8546756441136845
2980,3.811611420395873
2981,9.689622415045992
2982,4.777617187174287
2983,4.766468447479743
2984,8.372201668017329
2985,6.800375075519719
2986,6.231324906332931
2987,8.874793228542707
2988,6.969930195146558
2989,9.437444858100074
2990,6.564052931184424
2991,4.894116494407446
2992,6.453809143845978
2993,6.343630098798968
2994,6.149722455956307
2995,6.310840584082212
2996,7.024110515908999
2997,9.684351631609907
2998,6.131623270135473
2999,4.9319430666680635
3000,8.979758962742052
3001,8.218782020447522
3002,6.858653202538481
3003,5.286908198103859
3004,7.525777483422426
3005,6.354918931780533
3006,6.566372774744349
3007,6.655224998236711
3008,8.938567885496592
3009,7.263168469787984
3010,4.610013823141339
3011,4.21515970004049
3012,8.049314588236607
3013,7.337271575307611
3014,5.0422925686041955
3015,1.611180924523851
3016,8.205759087220038
3017,5.577390557513963
3018,8.64904744541137
3019,4.209670200082005
3020,3.9095832343061527
3021,6.248424783332673
3022,4.4905084087916824
3023,6.102619711481781
3024,7.79436770257715
3025,2.765757448987828
3026,3.771716303848539
3027,5.949911939762681
3028,7.656787545703345
3029,4.44367303637882
3030,6.994790349136216
3031,4.42175590651685
3032,7.182817708494909
3033,5.22975739308583
3034,7.124828887324087
3035,8.003724268828382
3036,6.92538448383996
3037,6.321816291258045
3038,5.899588905775618
3039,8.746913429763882
3040,6.437165175106346
3041,6.814092160863808
3042,2.3721721836183876
3043,4.640146786589121
3044,5.567696906560937
3045,7.723198289862947
3046,9.495331429887703
3047,6.4236693672420175
3048,4.895400620690969
3049,8.033495755522043
3050,6.120948899840708
3051,8.424986146540268
3052,3.099299910526796
3053,6.532112961207986
3054,7.28898671282594
3055,6.652995365539353
3056,6.985829529761175
3057,7.522898872193633
3058,8.894098912573163
3059,8.022521952764317
3060,4.193699478569178
3061,5.55114420728981
3062,3.9692152624719106
3063,4.624438368658655
3064,4.354347616998176
3065,4.4055900734856746
3066,7.465893844446483
3067,7.428079178487255
3068,3.2087208386851365
3069,3.398568714116997
3070,5.7889993210318345
3071,7.1707706200578745
3072,4.893754738041886
3073,7.0167031490853295
3074,4.560943311611197
3075,7.173116575343973
3076,3.320659419599602
3077,6.734264160707178
3078,8.53156390406424
3079,8.203993166488216
3080,8.776305731258642
3081,6.006147053733896
3082,7.777807694814946
3083,7.145127860926416
3084,6.461336161558304
3085,8.645877573965596
3086,6.052504328139129
3087,6.126448282076674
3088,3.621118011899267
3089,5.266334479055655
3090,9.347972251297751
3091,4.6293230598606945
3092,2.8286976820209184
3093,4.226039427851823
3094,3.870739648526585
3095,3.6014014094629223
3096,4.06567213091558
3097,5.645784588103424
3098,7.990739061278419
3099,3.6212536531904305
3100,3.031957869771904
3101,3.8374630578167737
3102,8.113821606475522
3103,8.219660543182002
3104,5.041468614544306
3105,5.62016231149138
3106,7.163922789126276
3107,6.663623242667542
3108,6.778576970859088
3109,8.636635558280894
3110,6.721110109357513
3111,4.606595300817847
3112,7.028130071177665
3113,5.077487863002745
3114,5.322757649918501
3115,6.230733876859426
3116,6.059870174552972
3117,7.415050735736746
3118,4.174317041540381
3119,8.53202276056713
3120,6.024108549206344
3121,6.027888050144986
3122,6.791402106054398
3123,6.13746956882159
3124,4.288205218599014
3125,6.124343240895177
3126,7.061767726142514
3127,4.612470576777844
3128,2.6367775724161326
3129,5.325108463965204
3130,5.347989063092157
3131,4.709562999969047
3132,4.796725847230037
3133,6.327961963867949
3134,7.212591420835351
3135,5.127372610904279
3136,3.6869926447667987
3137,2.313302120464656
3138,3.849035221390163
3139,6.7121676571062885
3140,9.78320124982214
3141,7.036507803466527
3142,5.2626710991285055
3143,6.258295529939873
3144,6.208077922718269
3145,3.3280638134881753
3146,5.491678203064536
3147,6.115178106299438
3148,3.001978405046885
3149,7.971861863378896
3150,6.861310022946478
3151,4.71233304823871
3152,5.610015584006549
3153,4.024513673769453
3154,4.171355287159819
3155,2.8761081663112895
3156,7.138898635255809
3157,7.820237640599257
3158,6.48571041496752
3159,6.099840212482636
3160,3.136738628334959
3161,8.197930934739519
3162,6.510231179948131
3163,7.323538482744157
3164,8.17831594346919
3165,6.854396806293282
3166,4.694610840209746
3167,3.4637646126636903
3168,8.979026733704718
3169,4.357307733322135
3170,6.595804597424689
3171,5.3589667664297425
3172,6.465461127053422
3173,3.5742480183986345
3174,6.923528069426653
3175,2.0613326161929657
3176,5.464480823903645
3177,7.180017520630837
3178,4.901075708973405
3179,3.1084916084320358
3180,7.093143860187008
3181,5.213056189624451
3182,5.737665295372224
3183,6.961710960866367
3184,8.21127148200277
3185,4.7976788844542115
3186,4.8020164078434355
3187,5.415462673029503
3188,5.374887017771107
3189,3.4180174397954146
3190,2.2140295608565363
3191,8.082645762128895
3192,5.364904605474882
3193,5.760318791019197
3194,7.30416014382407
3195,2.9309739438449074
3196,8.220469323121023
3197,6.681189013381653
3198,7.307733636340309
3199,3.821390076712995
3200,5.566781926418933
3201,8.51027159699842
3202,7.139833135854272
3203,6.145590867734286
3204,7.797838285001271
3205,6.609907630359963
3206,5.576773193288047
3207,7.523226206014563
3208,5.4621648678012455
3209,3.38014485321486
3210,5.999119268984112
3211,3.5881364869547254
3212,1.5679789866197262
3213,8.817279359587626
3214,5.371804536586213
3215,5.093625392540253
3216,5.511280498303647
3217,4.800824545018331
3218,2.7589154859638696
3219,6.241257663694893
3220,7.13542708931826
3221,7.5344024685918605
3222,7.019393307844047
3223,7.3193864436138645
3224,3.9435657227365426
3225,4.044628947702642
3226,4.794286122608211
3227,8.851850446697949
3228,4.3423841507882965
3229,8.393222146363112
3230,8.568636829511888
3231,7.629503426268151
3232,5.842879253204743
3233,4.835508370928452
3234,4.574323385330448
3235,7.9365972845826365
3236,5.833999215156397
3237,7.2413112240848845
3238,3.681765039169286
3239,6.755185960719077
3240,5.004879747614691
3241,8.065950783943522
3242,5.105143068402742
3243,3.981845788938797
3244,7.4006741988195675
3245,6.26290324001333
3246,2.195190177827493
3247,6.717854784243549
3248,9.049433540329284
3249,2.0102983322102785
3250,5.471487587648239
3251,5.805889423383772
3252,6.221074583824635
3253,5.798883249976716
3254,4.533380809237023
3255,4.77905549042654
3256,7.565913336002941
3257,6.454823706862656
3258,8.529318701078273
3259,6.8306901842621315
3260,6.834414333128748
3261,8.183874979763488
3262,8.302080576708219
3263,9.185491573169282
3264,5.534807932327988
3265,8.226470731221436
3266,7.044599084858398
3267,8.368665294555704
3268,7.268236510884565
3269,5.517744915342664
3270,6.468466285956863
3271,5.463167553372895
3272,6.686678462834194
3273,7.804917347555009
3274,1.8224296314966906
3275,6.833833976084315
3276,6.404836824021256
3277,1.9907610655426238
3278,4.457297873417625
3279,9.495265955077274
3280,6.578928969696393
3281,5.1858726673474544
3282,6.889198814541057
3283,7.366509672594374
3284,6.66659355897463
3285,7.23718223718447
3286,4.128201886822033
3287,9.162770474065344
3288,5.936679603758538
3289,6.499002936701035
3290,5.680454720422293
3291,4.698054299606918
3292,3.7898095957305307
3293,5.540062487817048
3294,6.451379086468999
3295,4.879269832671539
3296,7.117048149820191
3297,7.016492642720385
3298,6.553715422692369
3299,5.176200747528314
3300,5.3778790616136805
3301,5.619059487005016
3302,5.632327590504209
3303,4.859679840162624
3304,5.401359580182552
3305,6.135156587933698
3306,5.88957563459905
3307,6.610937737053059
3308,2.3897059764198794
3309,7.2711434872645055
3310,6.7549100026658015
3311,8.256526500861858
3312,5.048588819217919
3313,6.204758021211354
3314,6.178338206389037
3315,4.505379008468332
3316,6.901641521974979
3317,7.733702758447385
3318,1.5797349215907879
3319,8.541539070107214
3320,7.005929026392737
3321,4.315933786479438
3322,1.9492332758154933
3323,8.387589926655762
3324,6.535858687313455
3325,6.4000162254443556
3326,9.976227348909708
3327,7.420382083010381
3328,6.480485134374525
3329,4.636927984919527
3330,7.022038467881773
3331,7.104097919955022
3332,5.5457509606518105
3333,5.469107332355864
3334,4.9974530846893135
3335,6.285149581802442
3336,4.146819732150229
3337,2.5970163462970923
3338,6.5156603326684035
3339,4.511649694323267
3340,7.819926595334851
3341,8.218812310710183
3342,7.058466330459645
3343,5.926806624044826
3344,4.793427092657018
3345,6.739872082092468
3346,6.78841591883484
3347,9.300233542179832
3348,8.523463530764761
3349,7.485987614714746
3350,8.311080004980688
3351,5.112142139207486
3352,5.166601685261846
3353,6.951183640219883
3354,7.243447978100482
3355,6.404165587744014
3356,6.895384851834384
3357,7.93578123522959
3358,8.685722178450263
3359,6.072661618884597
3360,6.444215382280614
3361,8.053484313643088
3362,7.509683511338963
3363,6.212429840294103
3364,7.288335821856001
3365,2.3562490263668603
3366,5.066538727780249
3367,5.513528586008277
3368,7.449471188842574
3369,5.9735833773804545
3370,4.460485070977092
3371,6.584933224537404
3372,6.91323722573819
3373,7.604204191534906
3374,6.112868239078176
3375,5.57986110833856
3376,8.746596357763895
3377,4.361263260259295
3378,6.879272088278772
3379,5.748664852288827
3380,6.671471185157024
3381,8.13184445807343
3382,3.379682396900773
3383,6.3379088414368585
3384,6.702455712918122
3385,8.037693944087858
3386,4.278431363486487
3387,7.96739935805117
3388,8.730799656124509
3389,7.538002374563148
3390,7.869951076880831
3391,7.841121746211906
3392,3.4293153721118785
3393,7.033156675867084
3394,6.282094382233639
3395,5.556113724472301
3396,4.346504902184625
3397,9.492537654812015
3398,9.87173767711028
3399,2.497969493859742
3400,9.521019844802858
3401,6.119224378274607
3402,6.521148539606449
3403,5.401993593073507
3404,6.019911203558056
3405,5.932475094621883
3406,7.797733023337532
3407,7.506076262133517
3408,6.1734883709959725
3409,4.90061261700055
3410,5.048615731694853
3411,4.952961306093009
3412,4.181300495791712
3413,6.546547486351148
3414,5.786804763772565
3415,6.510802190279557
3416,5.689535750354491
3417,5.908419344050656
3418,4.6564680183492735
3419,6.083394491514229
3420,4.821028485264974
3421,5.689233621110674
3422,7.259926350716953
3423,4.578478202668451
3424,7.343411508223527
3425,5.036223606467709
3426,9.21237300360668
3427,4.534252835318213
3428,5.712537789273564
3429,7.162891019326884
3430,6.334569944643512
3431,5.757884409351345
3432,2.0778575338456404
3433,7.321681220244037
3434,6.474890515743793
3435,6.285449340811718
3436,4.894181748749293
3437,4.416740976448946
3438,8.58128666861296
3439,5.130334718967582
3440,5.839388180111946
3441,3.0830619516906927
3442,7.532011160827021
3443,2.6723717093046186
3444,5.511023942544365
3445,6.882894514967876
3446,8.956347837297237
3447,7.99090467113185
3448,5.237467897836549
3449,5.20145486850727
3450,5.366840140981964
3451,8.997679631250822
3452,9.518186761228167
3453,8.707668454801398
3454,2.2329753378713755
3455,3.915591853740902
3456,4.8348812659947855
3457,6.399102682563948
3458,4.344417258432215
3459,8.479141580082644
3460,1.6549703856364282
3461,5.872894854656244
3462,6.123475136599545
3463,4.290943654638073
3464,7.250797750864475
3465,5.68460037688817
3466,7.047672194280723
3467,4.782573524348266
3468,4.694782373104845
3469,4.250591369160384
3470,5.713065017821375
3471,4.759124152670053
3472,4.084838238745791
3473,5.383131936399221
3474,9.070997698491189
3475,4.483846511850081
3476,2.3945858146661902
3477,4.02786965901403
3478,5.32564713390118
3479,7.227389377171866
3480,6.62009729826376
3481,3.6444711027544363
3482,6.5922313711794756
3483,9.083823689307115
3484,5.257986177029814
3485,5.65793646111659
3486,6.138866578448628
3487,5.092987126246175
3488,5.786719427732996
3489,4.15835183825213
3490,3.9710666425923935
3491,8.004575229749118
3492,8.626109949448777
3493,7.3800164919654705
3494,9.149281525740857
3495,6.2174342212954565
3496,8.114040327728974
3497,2.0186280056829244
3498,5.975129710534088
3499,6.456246929421636
3500,8.392785867750284
3501,4.204622200411542
3502,2.494221799810471
3503,4.205090173535551
3504,3.7878242410094356
3505,1.6151954013262817
3506,6.072663091025476
3507,7.76858805378872
3508,6.986430843535792
3509,7.176647039428954
3510,4.614737699478363
3511,6.512798292462907
3512,6.039093070494125
3513,6.311925667198052
3514,6.551430760089926
3515,5.368116771835347
3516,5.169559603783513
3517,9.220032315222491
3518,1.1864451441363963
3519,6.780011344605275
3520,5.616024679075452
3521,6.266653755293116
3522,8.946323440917185
3523,5.067827634959089
3524,7.390682441541275
3525,8.95681999992863
3526,3.0755661177941143
3527,5.716790560934425
3528,7.79465702187794
3529,9.626762878831547
3530,8.315521042081565
3531,4.173575410399836
3532,6.153990685080925
3533,7.52768063787287
3534,6.849213588758117
3535,9.444774147671055
3536,6.37975220692035
3537,4.011287397244949
3538,7.411511108701619
3539,7.472507518887758
3540,5.592844898025098
3541,6.844884913216103
3542,7.2438146949952715
3543,6.336377251978564
3544,8.290342763715499
3545,7.564316068130083
3546,7.763481184249825
3547,6.468188682429567
3548,5.909908418204204
3549,5.12712972291977
3550,6.222112170508372
3551,8.359931115724782
3552,8.288251770468168
3553,7.829936546409307
3554,5.246950555841421
3555,7.6323715471063975
3556,5.720257300834867
3557,2.936397968688327
3558,3.296436955755946
3559,5.446297905602909
3560,4.240434015510407
3561,6.287513034885899
3562,5.305170007833981
3563,7.699660385595905
3564,8.406002517717225
3565,5.744794141110514
3566,5.558965700437007
3567,4.609094446206413
3568,6.475711312639675
3569,6.966296469530869
3570,5.762871455186682
3571,6.047996666932675
3572,2.1816386338675136
3573,8.430580581071633
3574,5.248681349169191
3575,4.940970243241361
3576,7.960176277432322
3577,4.249529508650551
3578,8.58313891704353
3579,5.331525822866198
3580,4.731837454888509
3581,2.1162038820514115
3582,6.101728530918554
3583,5.68246311410333
3584,3.107054395107807
3585,8.252781017040334
3586,6.390018407030764
3587,5.507835952130861
3588,4.798619710485566
3589,4.856438860693908
3590,2.730928969295734
3591,7.485283861182789
3592,5.789203438860379
3593,8.036808618502981
3594,6.5272034791544415
3595,4.789824624724362
3596,7.762644367916558
3597,6.391643509779593
3598,5.6400870995351005
3599,6.633461101033991
3600,4.910206117526521
3601,6.578498970066407
3602,3.397314228752768
3603,8.719902955546456
3604,5.191102340491038
3605,5.653171629161308
3606,1.2286783798864243
3607,4.508168514067949
3608,6.508332195895979
3609,5.468163158253748
3610,5.554659157206796
3611,8.8961014505651
3612,6.133369161073425
3613,4.847280819489358
3614,3.6571703689405957
3615,1.742084022419215
3616,7.818357820879184
3617,5.906690925539664
3618,7.448366002740603
3619,6.60855398973164
3620,5.43591890697043
3621,4.162601548086849
3622,6.246382637631491
3623,4.623166683195889
3624,8.709054515384706
3625,6.472801104318869
3626,8.934166306621252
3627,6.7747954237214225
3628,6.622545080656362
3629,3.9316149966316507
3630,6.138248671286609
3631,1.6727339554153182
3632,9.435637172802204
3633,6.074407159282123
3634,5.9404626221921655
3635,6.082039962803458
3636,6.318583431277498
3637,2.278334627259508
3638,5.620934757233817
3639,3.4191086255964502
3640,3.9933685816027187
3641,3.6719176337442048
3642,3.5167348388951427
3643,7.578912318534843
3644,6.9569238114140255
3645,7.243454476670267
3646,3.281756978055248
3647,6.477339690515293
3648,7.524289106187132
3649,9.64358955562421
3650,8.206447736666325
3651,7.749548993792917
3652,8.601763473131188
3653,6.512250125927074
3654,5.7088133008952315
3655,8.666878831321707
3656,3.1235565370765106
3657,8.83694491229831
3658,5.631165640700536
3659,4.4237401050626906
3660,7.738721785223072
3661,7.077485969587029
3662,6.097928059442305
3663,5.494101690454048
3664,8.407532454752657
3665,4.30597874980241
3666,8.05912453309971
3667,6.781097626864357
3668,7.455493709267333
3669,4.861781546952583
3670,3.5332031334875436
3671,6.921688493930624
3672,3.171915550525395
3673,6.487505356773687
3674,2.647514377957873
3675,2.26317534904619
3676,5.667930879855326
3677,5.373795869650487
3678,5.567079239338416
3679,6.396599672909151
3680,9.993132540441977
3681,5.573948077215363
3682,9.060458158943126
3683,8.837405702130113
3684,1.3004668720061343
3685,5.403344058873942
3686,7.077059603178727
3687,6.394556487739953
3688,3.205364801070374
3689,7.036264480993892
3690,5.846371097173326
3691,6.954428005506796
3692,8.041699591541118
3693,8.900430781113547
3694,6.398251169865874
3695,7.697126977862009
3696,6.442957613193051
3697,8.306343435958444
3698,5.1226175795840785
3699,4.832482653251653
3700,2.834557036710873
3701,3.7542862504242063
3702,9.15969099372592
3703,3.678242261413123
3704,7.270088611016975
3705,7.076538710790421
3706,3.413164900285107
3707,4.416442969716659
3708,2.5606830774864844
3709,5.993200784624133
3710,6.062901558647249
3711,8.292888772719987
3712,5.655066552668261
3713,3.765723794942364
3714,5.168021719749389
3715,7.704370619134045
3716,5.396359299391717
3717,6.216230933544862
3718,7.068985139306307
3719,6.818965029492326
3720,7.817647199292381
3721,7.967425583352456
3722,7.189663067753868
3723,4.0032902553881335
3724,8.16629573550408
3725,6.017963228847957
3726,2.869544858694974
3727,6.455067271897528
3728,7.2313951895964195
3729,6.839915865798263
3730,0.26381576556495423
3731,6.438510638895481
3732,5.055918807660045
3733,7.391232678037981
3734,6.72986070074399
3735,1.992452159102025
3736,6.291630224012658
3737,7.463568800930116
3738,5.760887045635611
3739,8.535970615223137
3740,6.7214963960884555
3741,3.759911915177092
3742,8.883512670234863
3743,4.661474631798833
3744,5.796049083213282
3745,4.791557400052308
3746,9.573777274389023
3747,7.834484289016004
3748,6.665252100814045
3749,7.316740861517637
3750,2.5089735761840855
3751,3.747873450997839
3752,6.309799973085982
3753,3.80987176403604
3754,4.10439268326588
3755,6.210317610255639
3756,3.3813476931298654
3757,7.750601556785333
3758,7.714299493813874
3759,6.927474397294138
3760,8.825748842595832
3761,6.942277475317705
3762,4.334697120870129
3763,8.32036232220237
3764,4.646486893471492
3765,8.982995139240952
3766,3.4444010436453856
3767,5.770229403230803
3768,6.028315066176954
3769,6.269882189241663
3770,3.819882326497523
3771,6.038085669705462
3772,3.305784965535755
3773,4.803990771970478
3774,6.033222551723709
3775,6.549011374603745
3776,7.440274181957139
3777,1.028593178407148
3778,6.051691785199786
3779,3.441844513643429
3780,2.8847262678981926
3781,4.379172128708808
3782,5.316898134710391
3783,3.7292067599518797
3784,4.042796525287594
3785,8.1567015197126
3786,1.8550900697294024
3787,8.1038033075289
3788,4.868931932837492
3789,7.357654863883468
3790,7.748831574842928
3791,5.136772281097245
3792,8.589650968686842
3793,4.30505538085598
3794,4.908854573192412
3795,4.497447376800653
3796,3.9697885440226726
3797,6.44311914328502
3798,3.690946351452208
3799,6.1295319601467835
3800,5.087011777058108
3801,8.541081307156041
3802,3.89525716792381
3803,1.5505676164675535
3804,9.09152800082806
3805,2.031698451664547
3806,8.07991054623037
3807,3.0438121015594377
3808,4.146087026301853
3809,9.137862647320496
3810,4.863532072796044
3811,7.26660896815107
3812,6.386681208769743
3813,6.799151910926621
3814,4.879739959816509
3815,6.8133332194494685
3816,5.433174804096827
3817,6.383850413008254
3818,4.680329212045007
3819,5.974996762417691
3820,8.424821240423977
3821,4.169355322036465
3822,8.023744293514417
3823,7.157823698691677
3824,8.5586294907928
3825,7.780808648311017
3826,4.6121321676170055
3827,9.387728042508682
3828,6.320697155606503
3829,5.903982555362179
3830,6.505372160069245
3831,9.069408339361082
3832,7.533584465748773
3833,5.218178659379796
3834,5.8401701050163926
3835,8.622135182538424
3836,5.834309185081064
3837,3.513281003935909
3838,6.671398082805111
3839,3.8122654321112703
3840,8.683747895684455
3841,7.263010332134225
3842,5.58845434145291
3843,5.517551576862283
3844,4.689695055889428
3845,8.756046222477742
3846,2.9240792154649378
3847,5.787435451450969
3848,6.585347039838617
3849,3.8567234909556007
3850,9.130102520500513
3851,3.321613660315889
3852,4.775402152988695
3853,6.156477614568904
3854,3.304375972364926
3855,4.263035313943414
3856,5.34130362257317
3857,7.069694303487908
3858,9.494536883460302
3859,3.6390263301749033
3860,5.630773602607215
3861,6.7769468270786435
3862,2.4209410364824135
3863,4.7328854568740315
3864,7.976466228268122
3865,6.24444420313925
3866,5.577126458883998
3867,6.3340427159516075
3868,4.3129936570214
3869,6.319628439931127
3870,7.037965369834644
3871,6.281386733430202
3872,5.8281390719463015
3873,5.591744708826835
3874,6.832226399984217
3875,6.129905777108719
3876,7.915896514754147
3877,6.931307267227562
3878,6.832639304908806
3879,1.935732811813018
3880,7.160485570586411
3881,5.1444824052376585
3882,7.137259198448885
3883,8.248778551783907
3884,7.998762465726734
3885,4.231070682477163
3886,2.351472645296882
3887,2.4060093474842414
3888,7.7084780472629895
3889,6.658640091365919
3890,9.229656612052326
3891,6.779845634195503
3892,3.107280869990068
3893,2.914134217488789
3894,7.381554161823828
3895,5.851665821298626
3896,5.443447221040447
3897,3.4304414162053374
3898,6.269811028951472
3899,2.203834536868233
3900,5.114206238484371
3901,7.100707066297646
3902,8.412321542539258
3903,8.776693976251087
3904,6.103588137535549
3905,7.2409907892282215
3906,1.4169883604209272
3907,8.689786914528023
3908,3.9163457156310946
3909,1.153373429279228
3910,7.352642443786696
3911,6.9635979201948235
3912,4.097660324875012
3913,4.869017333835436
3914,5.2677659844539075
3915,6.232143836140611
3916,9.190512565501598
3917,1.9874317516865427
3918,6.2414481999658085
3919,6.336784664520095
3920,0.37549913615183783
3921,6.082493340986439
3922,3.311760934734139
3923,7.048064960661429
3924,5.708379153218475
3925,7.857035476521219
3926,6.531686897527351
3927,2.9819717597296123
3928,6.749315591464457
3929,2.2215025916014297
3930,6.261680923793251
3931,4.291519066402329
3932,3.5192027341714183
3933,5.6567037186548195
3934,1.611086556785159
3935,4.672127640347041
3936,7.427981554951037
3937,5.0999583500859655
3938,4.388222890850759
3939,4.749525373544687
3940,7.349286251027117
3941,3.3262603469909986
3942,3.435946315245554
3943,6.2775813841805626
3944,5.085919088183848
3945,4.329228275901525
3946,5.817928622418326
3947,8.171743069778081
3948,8.469366306383295
3949,3.6550366900971425
3950,2.2097265873741385
3951,5.985321845612083
3952,3.5277303750165334
3953,6.6871816017097565
3954,6.132903027945491
3955,7.300973723976665
3956,5.616577647251015
3957,5.466950422468393
3958,4.64106260329355
3959,8.20175221362717
3960,7.441033713874245
3961,3.8299481823768065
3962,7.406207669273702
3963,4.3046726152361545
3964,3.8368758057264016
3965,6.5616499451257635
3966,5.590495382122344
3967,4.762266963984674
3968,6.9105770016200525
3969,1.3816121225183235
3970,9.01305851669088
3971,8.580881539764498
3972,6.220446356122256
3973,3.8900135160218867
3974,9.250378462673483
3975,4.8499738774494
3976,8.74389709444192
3977,6.425435416195311
3978,3.029490840094973
3979,7.096174233802714
3980,5.3386401954969065
3981,7.848182338320763
3982,9.954401962035055
3983,6.716342541288655
3984,3.309698821127266
3985,9.585223808241441
3986,5.239849599580554
3987,5.237647588157941
3988,6.862071363339879
3989,7.392850949277043
3990,5.561559817280114
3991,2.116090574923649
3992,5.727824164449538
3993,7.899961771245956
3994,4.277421136046358
3995,4.120662639437753
3996,8.581819360814881
3997,7.866735955766832
3998,5.607627437826556
3999,5.290054809601916
4000,4.711554959560264
4001,5.73876311017903
4002,3.9352818448962714
4003,4.210636717438399
4004,5.264246601379288
4005,5.3833412946265895
4006,6.999516007867159
4007,4.992982943184376
4008,8.712790923529502
4009,7.249484416720992
4010,5.803353629793119
4011,6.873223439968814
4012,2.356489340216677
4013,3.0312126732617104
4014,3.510996428795536
4015,5.022096964152309
4016,4.19214840089165
4017,3.452823941158014
4018,6.5018888859653465
4019,5.570219679417198
4020,9.171017457602815
4021,2.2272582226493745
4022,8.353969162230833
4023,5.620608707859363
4024,6.48169242996068
4025,2.0512855589302927
4026,7.440768157218376
4027,8.151929655920878
4028,5.4349831826259924
4029,7.3004894138416825
4030,6.1464083338462805
4031,7.806660097612233
4032,5.022347462775898
4033,9.086344013459666
4034,6.59131967009509
4035,6.332883147419957
4036,9.585707802864164
4037,6.998297483242242
4038,5.480658690975394
4039,4.638764308456695
4040,3.2203784966922835
4041,8.200241591799072
4042,7.16560292104381
4043,8.13193004950167
4044,6.332441069212981
4045,7.885696346251956
4046,5.174745513753189
4047,3.142559938005428
4048,7.224846999420095
4049,4.0555094299150865
4050,4.989423127157912
4051,2.198423060761574
4052,4.038916645236638
4053,6.0431812987860685
4054,7.91334808752432
4055,4.369149849023055
4056,6.725359240520358
4057,7.617848638847738
4058,7.947936727742873
4059,6.689774257267671
4060,8.072760937353326
4061,6.640725499517556
4062,2.9402666544832536
4063,7.592408163137801
4064,6.148201423726796
4065,2.5490338225628566
4066,6.488558160456217
4067,5.581454953232281
4068,4.915948844455837
4069,7.699708367166556
4070,7.178526590508169
4071,3.082646592200613
4072,7.317778428725833
4073,8.041407704606002
4074,6.022674968018028
4075,6.558646152646417
4076,3.950706410798566
4077,5.738515855850586
4078,6.6308091529176005
4079,6.522051735989336
4080,2.3733250508009376
4081,5.546401507445297
4082,5.389519266885998
4083,1.9325386585855453
4084,6.998538504218308
4085,6.373606809491801
4086,8.038049074652278
4087,5.566736036827811
4088,5.977624162027545
4089,4.661112108357352
4090,5.104889377136283
4091,7.848784050896633
4092,8.104457913106684
4093,4.556738960508718
4094,8.491514189321553
4095,7.209375701169133
4096,7.393546846153198
4097,4.5108380847233285
4098,7.793911731102197
4099,5.0278403505279075
4100,1.1290696628336698
4101,7.17585030767054
4102,6.912712200491699
4103,5.347839256194629
4104,3.470959827224064
4105,5.86925758660923
4106,7.508578783646013
4107,4.9903665548300395
4108,5.918761264509723
4109,5.568100980434933
4110,5.632977738729444
4111,4.9825522754527745
4112,9.204966209934966
4113,4.184890141760132
4114,6.939064153385828
4115,5.890009014702402
4116,9.009758531050005
4117,6.266234080694228
4118,1.773593778371441
4119,6.400369307008398
4120,5.43473747554636
4121,5.002930974301574
4122,7.795580533604419
4123,5.4412877831561115
4124,8.529677564024961
4125,5.122889026528087
4126,5.158143239155246
4127,4.193425290930798
4128,3.848958547445367
4129,4.3835728471131
4130,3.611099052074768
4131,6.3525848409995636
4132,7.610603148174382
4133,4.805699491065281
4134,2.696990042709663
4135,6.075135134548652
4136,6.087623043385179
4137,5.138440378128564
4138,1.8479252796993875
4139,7.159483232965134
4140,4.128420158973966
4141,7.816805859944363
4142,3.671777305307341
4143,7.76882386878089
4144,4.513357898369581
4145,5.396599397612353
4146,5.7807945701468055
4147,4.678677983009935
4148,5.857608785497135
4149,7.094404315137514
4150,3.3942886246411277
4151,8.861765484872063
4152,2.589665007312507
4153,7.429963780884938
4154,7.433983557004854
4155,8.20449405658974
4156,2.8424342888830085
4157,6.121497809859425
4158,4.319262985452995
4159,4.383885263181865
4160,5.9623049935075025
4161,6.938878268618598
4162,4.95070316154901
4163,5.735358417180385
4164,6.339954945342482
4165,3.0385993582487942
4166,1.3734163974048148
4167,6.485807916266702
4168,5.0070917554081795
4169,5.070644532951541
4170,3.204848866693535
4171,2.831653095713091
4172,5.231492372429149
4173,7.761609993806208
4174,6.534940918070205
4175,7.326322136427023
4176,5.047909357384855
4177,6.616249503811548
4178,3.3905484810395126
4179,7.344259000971934
4180,7.067325024105379
4181,3.6054481302319656
4182,7.56851308305593
4183,5.053038477207469
4184,5.373381952714832
4185,5.3468476532200215
4186,6.541233301961717
4187,8.472901178223825
4188,6.826197707261924
4189,7.822745060868941
4190,4.4179661247240585
4191,6.971074403335918
4192,7.040196203701747
4193,5.674696388968404
4194,3.0584687352367794
4195,8.456867768608097
4196,7.038644477664179
4197,3.0618157713218457
4198,3.8442641429230022
4199,9.4333104730863
4200,5.79179618060133
4201,8.62373626950393
4202,7.100972673459028
4203,5.897483235827523
4204,7.6815347641442555
4205,3.522718408815491
4206,5.486612119528207
4207,7.489008952857133
4208,2.7321073264843814
4209,5.866521030591844
4210,5.132735168570896
4211,4.647751327476674
4212,7.496149026525567
4213,4.510347840698931
4214,6.4146253892533505
4215,5.591552524216562
4216,6.312207828974081
4217,6.677749168781952
4218,5.277191354066535
4219,5.675292336617126
4220,5.83247978323562
4221,6.464134128685163
4222,5.041102043440134
4223,7.512079029148627
4224,4.398949098505324
4225,4.617717565832705
4226,7.378181028287169
4227,4.197184097157104
4228,1.4721605475931938
4229,3.3148019098536663
4230,5.39947126171421
4231,4.934751540072191
4232,6.433650362683796
4233,3.541970447271151
4234,7.138442180477922
4235,6.158140987811625
4236,7.518830882337649
4237,7.034087629003841
4238,5.846371957449571
4239,7.81558615737739
4240,8.328125628503429
4241,7.2782132296953135
4242,7.554514341717633
4243,6.48142911686399
4244,6.486973593374489
4245,6.7680078897043385
4246,5.474801996722692
4247,7.838289115039353
4248,3.7397301969153114
4249,8.013453781913675
4250,3.358381389364318
4251,2.0358062520371902
4252,7.812959831494166
4253,3.847839900905461
4254,5.269959298800841
4255,4.49072776511518
4256,5.843012814237543
4257,5.117096576315202
4258,8.305645859547067
4259,9.20613270715586
4260,7.104518571911087
4261,1.961736438467127
4262,4.964174260036778
4263,5.652933442686612
4264,3.3481818967482035
4265,4.572595946636584
4266,7.266223198736718
4267,4.462352284729596
4268,7.09070483209449
4269,5.036086767908404
4270,3.5289883904467154
4271,8.706745665058161
4272,6.971260942695583
4273,4.221248014779599
4274,3.8723975842048524
4275,6.244561785497008
4276,5.71051788484385
4277,6.901731161502237
4278,6.758399636361631
4279,2.756210076353145
4280,8.179363122561108
4281,8.457813908124137
4282,5.24911243902626
4283,4.822984804184392
4284,6.96478063854736
4285,6.453322439268315
4286,5.215533704953003
4287,4.302109054011193
4288,6.023840971156333
4289,6.376149023101872
4290,9.246955131061968
4291,5.502855303056598
4292,8.968667141610814
4293,5.555546418140392
4294,7.409953794462774
4295,4.6561844065915405
4296,5.304417807659398
4297,2.8055252380746913
4298,2.0457334226933366
4299,3.5965790858978086
4300,7.426118973416511
4301,5.3940442757688345
4302,8.15716364982368
4303,6.211109034702655
4304,4.550401790839495
4305,7.519049866536993
4306,8.237280133190742
4307,6.810697635893984
4308,6.5729297785530285
4309,4.893280222435273
4310,8.378043053009899
4311,6.82148040201053
4312,7.946900935953098
4313,6.3135283122046415
4314,7.841933865190917
4315,4.610388253998194
4316,6.254681169968794
4317,7.057021598421492
4318,6.1097124358536385
4319,4.4807320952406355
4320,6.166019191801394
4321,3.5420969226874797
4322,8.071400057538447
4323,6.548742637843293
4324,4.085209299639519
4325,8.503589934032526
4326,4.722896064375132
4327,5.997691747595572
4328,6.501655305914744
4329,5.103517419224024
4330,4.694376486699336
4331,2.3836655022707025
4332,3.6149983766241753
4333,4.071083770105821
4334,6.968096178350397
4335,5.238088468757875
4336,5.227438181353298
4337,4.919178291806551
4338,6.830180929195258
4339,3.969863705584965
4340,6.302151598685271
4341,3.419071404452165
4342,2.893448244306465
4343,3.252677552660839
4344,5.177601299282593
4345,3.5326811917260104
4346,4.062366555052848
4347,5.791562263493298
4348,6.555926005327255
4349,6.8954488209118745
4350,8.32359579065243
4351,8.644643372739889
4352,7.571750769871354
4353,5.780954535891432
4354,4.580004633328189
4355,5.954561398768053
4356,5.518748935856211
4357,6.506641796914236
4358,6.085850248802307
4359,6.3612209811916465
4360,6.115613034959984
4361,6.502096382118443
4362,8.457915296096216
4363,3.10176792256547
4364,7.505095580384159
4365,8.716770317547784
4366,8.189248147233547
4367,4.258251960766326
4368,9.64673434796068
4369,3.3135741707621578
4370,5.000824622178829
4371,3.356569562765721
4372,2.6880817254135456
4373,8.948459832696999
4374,5.094576737223858
4375,6.4461831675114185
4376,3.189835485429223
4377,7.084722818335198
4378,6.693878191483554
4379,6.314091192098664
4380,5.506675299890708
4381,6.302676365631978
4382,6.028400710261099
4383,5.2849412206598165
4384,7.843975176777702
4385,6.639025192470642
4386,9.660864508092203
4387,6.108752720517968
4388,7.096369751672547
4389,9.192217227971424
4390,4.057261795603656
4391,5.5893812116514034
4392,9.369393216888087
4393,5.610567654034963
4394,9.34064061650119
4395,7.142895018613938
4396,4.848520835530502
4397,2.333297476719519
4398,9.423510158329446
4399,6.684207624305601
4400,5.569127599998485
4401,3.742109505583328
4402,7.059536262065252
4403,4.649347255499467
4404,9.30663419303697
4405,8.221138494488423
4406,2.3374030603425573
4407,7.968687768385395
4408,3.549661151668357
4409,7.240782140205358
4410,4.80326228890781
4411,3.280770142538458
4412,4.342924130622479
4413,1.6033947147066256
4414,5.230036022757372
4415,4.117119055187673
4416,5.269266127833263
4417,5.51621046657195
4418,5.168394023754318
4419,4.364508919670467
4420,4.590218610590337
4421,7.311292653089322
4422,6.383016250565477
4423,7.14520064346693
4424,4.687731590620332
4425,5.532790558781659
4426,8.56149658665004
4427,4.290785526181636
4428,5.1518928659039025
4429,6.359275301258163
4430,5.265390143095568
4431,3.8316436115700414
4432,3.3842690699082874
4433,8.184954739135645
4434,4.651543207629838
4435,6.424055146031583
4436,5.784806244521674
4437,2.2054503976416697
4438,6.496658133454353
4439,6.249973400945266
4440,8.172192475199047
4441,9.292651026743128
4442,6.07651075016366
4443,9.06270136564125
4444,7.27847473585153
4445,4.002826938374027
4446,4.828697574379783
4447,5.745348188288259
4448,5.817250796157455
4449,4.93603709885527
4450,3.59952790364033
4451,7.113937971485476
4452,5.536210197823105
4453,6.147318773046686
4454,4.1997554627494145
4455,6.335868441259413
4456,8.236336376031163
4457,6.925712415434832
4458,4.72169818731202
4459,9.29818945026634
4460,7.857298652423396
4461,7.120632313833584
4462,3.6407190172798867
4463,2.7867387983251866
4464,5.913318270930304
4465,4.638817333264694
4466,8.10161008377337
4467,4.344698579433843
4468,6.825081903097693
4469,8.885885846237446
4470,6.141000882953755
4471,7.756638723707581
4472,3.744495202084668
4473,1.5892196012177748
4474,4.809219227167492
4475,4.902536373230186
4476,5.674396883015802
4477,4.077250251693855
4478,4.009865880098247
4479,7.259182244887864
4480,4.595270546205779
4481,6.5059115698597605
4482,5.732612569463855
4483,5.300376843778613
4484,7.524868460200287
4485,6.878076830519344
4486,4.580530790333272
4487,9.743989120403608
4488,5.393571550387384
4489,6.402186227328198
4490,5.540737231166691
4491,5.59254066596273
4492,9.29378431282032
4493,5.172285277915757
4494,8.393490252530757
4495,2.426036358122027
4496,4.528418080059028
4497,4.534872982615542
4498,3.232916097413802
4499,3.9023956141762746
4500,5.994920708665424
4501,5.994251088804382
4502,2.2536091961263245
4503,1.8578454309295556
4504,4.480275982670195
4505,7.492723365764794
4506,3.4143250604775917
4507,8.537853671716698
4508,9.142790410498591
4509,6.2530832501490075
4510,4.498591006644187
4511,7.308780556638974
4512,7.351961064443272
4513,7.25240571549345
4514,8.792133011764243
4515,8.036782363782487
4516,4.394626515541824
4517,6.638732106026997
4518,6.658736890906694
4519,1.0174374366821948
4520,6.8559369243664525
4521,5.190542847669259
4522,4.850395554099315
4523,7.117354760390501
4524,4.53691404462702
4525,6.842164652599985
4526,6.638591749751065
4527,8.001270293111038
4528,7.373994704755616
4529,6.838432820592929
4530,7.245015954886458
4531,5.197861200297632
4532,3.0318807586912295
4533,9.549007405756873
4534,9.551798737075877
4535,5.61251315640034
4536,7.558278087710776
4537,8.251944225743872
4538,5.944550703767738
4539,7.059619022430664
4540,3.173111826816442
4541,4.579993544503402
4542,4.1208599153441865
4543,3.9756903343913095
4544,6.708993446227382
4545,6.11386259299047
4546,5.383311687136232
4547,5.304871757660531
4548,3.8297649523578943
4549,9.019715516638996
4550,6.99303330019915
4551,5.147567472607133
4552,4.508818901956218
4553,7.960104219113251
4554,4.2845421604692335
4555,9.839074517411419
4556,5.4778455807897855
4557,8.464821241689897
4558,3.2294628627817743
4559,8.117704079350029
4560,6.64733887037122
4561,7.435942990713121
4562,3.485065326343442
4563,3.8848519782082533
4564,7.604476705112941
4565,1.9231336895443503
4566,7.8048137838240645
4567,5.428371834318974
4568,5.257687731007868
4569,5.962976777186076
4570,5.7902163816408345
4571,3.8952279307259636
4572,6.638628711776836
4573,6.940107990771972
4574,6.102476552673722
4575,4.048192743112529
4576,6.029772342977976
4577,4.565971412591968
4578,6.298862413938824
4579,7.428715354679456
4580,8.570750594499358
4581,8.648273507529346
4582,7.8513075354907915
4583,8.871810496320036
4584,3.6771774825468135
4585,7.1520013261149735
4586,7.707029066626835
4587,7.53864860293863
4588,8.111258735687938
4589,8.193613859680795
4590,6.140617900149749
4591,8.179529680152998
4592,7.047774415065872
4593,6.549327035841718
4594,6.146281293727961
4595,2.6447944879825784
4596,4.007010004149896
4597,7.040514584542872
4598,7.403034903819204
4599,3.398614728184975
4600,6.948390233856706
4601,6.160728195073696
4602,5.598482266529841
4603,8.29469801994768
4604,5.382913027616623
4605,9.238080230444194
4606,6.373301368994464
4607,8.374011667987888
4608,6.9415477681955995
4609,7.13399043403961
4610,4.216879141021927
4611,5.506547308139555
4612,3.4828866700285674
4613,4.0982378038518394
4614,7.510012366072768
4615,6.721014857659626
4616,7.479906134527743
4617,7.831606436085298
4618,5.821323264671655
4619,6.513759544869187
4620,9.213943274741043
4621,6.872675343763146
4622,6.437130511329704
4623,3.7618675341472074
4624,6.06192180367792
4625,2.2230531352820453
4626,6.960924453380208
4627,8.901639114768548
4628,4.683383383603648
4629,4.571108416164523
4630,6.093238484066862
4631,5.167469899350291
4632,5.468651393347883
4633,8.481804837839018
4634,7.158491353432329
4635,5.465881120138717
4636,5.962391519349307
4637,6.252179486036401
4638,7.264130735420194
4639,5.2628485242748235
4640,8.999723769357756
4641,6.501053003906573
4642,5.5285058527483795
4643,7.185882024021216
4644,4.8166583373271505
4645,8.593008502001554
4646,6.461115619258338
4647,3.582365742445099
4648,5.902891366598531
4649,7.341143428207171
4650,5.6218937026612235
4651,9.073425283577693
4652,5.698131894599063
4653,9.413472734673743
4654,6.635888299138192
4655,7.835462817137227
4656,7.023872653125127
4657,5.3686404003255035
4658,3.7107321793326866
4659,8.317266552600152
4660,6.780078309604509
4661,5.822094089038694
4662,1.727194159530533
4663,8.448746084837126
4664,6.254087612141608
4665,4.025963769461778
4666,7.0840853963667225
4667,4.646248475760864
4668,8.260757733350244
4669,5.1480427838505785
4670,4.859837714092009
4671,8.206683056173974
4672,4.335930168565654
4673,8.487908529109397
4674,8.70339786051849
4675,2.803328655503212
4676,8.110239827853375
4677,3.3328511611613023
4678,6.040378432085021
4679,6.097573029678919
4680,6.157694560178263
4681,7.051984419814014
4682,1.9696094924972745
4683,8.100664787081167
4684,8.633043548017197
4685,5.736222785151947
4686,7.836452593601718
4687,4.068698708628642
4688,6.73841812959048
4689,9.900154660183265
4690,4.105665178264517
4691,7.3123679981370096
4692,7.184318136033804
4693,8.006708268546904
4694,5.265295126157941
4695,5.378086687940761
4696,7.450325594104205
4697,4.386921437084812
4698,7.8114800414871635
4699,6.897318421167929
4700,3.936245426955057
4701,4.893320450578082
4702,7.120886604629319
4703,4.95588333869531
4704,4.930705887857787
4705,3.553066003096461
4706,3.3427889838278286
4707,4.81256263214551
4708,6.195943915520257
4709,4.406642010258075
4710,7.369530153748475
4711,5.277903324619328
4712,6.529032946023828
4713,5.108651798425591
4714,5.3780912719389296
4715,3.8197652639676782
4716,5.845062976107641
4717,4.545928193604802
4718,5.6424847007686605
4719,4.037709994332832
4720,7.438268422294946
4721,2.087256705739321
4722,4.886400094458533
4723,7.652600459279701
4724,5.761009180883093
4725,4.327440323660553
4726,5.373746939981691
4727,4.3676433063974756
4728,8.24105114317942
4729,2.544056143533749
4730,6.730214617616711
4731,5.618469786842561
4732,5.68246411006622
4733,8.251925835327679
4734,7.242241005088093
4735,8.226983382878615
4736,6.588256313462777
4737,5.774653813109708
4738,9.077127141269017
4739,8.562310446643188
4740,5.644808693499947
4741,7.257143560283258
4742,5.608680242908271
4743,6.132622908232854
4744,6.111159403876146
4745,5.672901296284326
4746,3.6891815472347433
4747,9.205477415806138
4748,5.006138357997058
4749,4.802422082759921
4750,7.837616559377606
4751,6.401177416945092
4752,7.013060249439428
4753,0.8886388368176594
4754,7.102960437710268
4755,6.745896216098391
4756,5.469463677429024
4757,7.996735559006633
4758,8.56819332973252
4759,4.80492371655974
4760,3.681328820482031
4761,5.7525487949247225
4762,6.565269626614278
4763,6.549097159546415
4764,4.8841265092213515
4765,6.940161701770484
4766,6.5487942870171505
4767,5.7314641696608195
4768,5.023864632256808
4769,2.900819614834
4770,3.150890714128215
4771,5.366491950587465
4772,6.846525074668019
4773,5.795680725146907
4774,4.593778134271311
4775,6.934380841257839
4776,6.488042223940424
4777,6.860879505373549
4778,5.931727709691692
4779,9.179925822190855
4780,6.1752321543048625
4781,4.627829484095701
4782,7.231277731984036
4783,1.8535094342187834
4784,5.096097411755372
4785,5.244065007303405
4786,7.587169243705483
4787,6.4383813795387725
4788,8.895834447418535
4789,6.270155159793305
4790,6.237459943976772
4791,7.779719635243541
4792,5.303964223501827
4793,6.483474292283123
4794,6.186045262900937
4795,6.607249948511876
4796,5.920667785502184
4797,2.8298637082336193
4798,3.51199318862903
4799,6.124053245782166
4800,4.980935135002821
4801,9.470714696407546
4802,7.5632484445926655
4803,4.9452764784030165
4804,6.311566412607804
4805,6.086806201189754
4806,6.360640796995116
4807,4.601946106551801
4808,6.173775366294006
4809,6.114320264043775
4810,7.165704505090087
4811,2.754786503770197
4812,3.9724089771852484
4813,7.159929559620104
4814,2.900471488214895
4815,6.43485733047674
4816,5.453778017965683
4817,6.425314987208271
4818,5.849099709482551
4819,5.171199710898635
4820,7.933440244410744
4821,5.682263720315267
4822,4.628915682678633
4823,6.637149836259223
4824,3.7612473881473685
4825,7.910302172158159
4826,7.355119884610737
4827,4.961031983354385
4828,7.8183485017337535
4829,7.156838578332292
4830,4.7982275090035325
4831,4.7602601915442
4832,6.625322305650837
4833,5.917303585827275
4834,3.562954544969487
4835,4.587368272994666
4836,8.4563260458951
4837,5.247386791108913
4838,5.609992427072889
4839,7.626150107720531
4840,5.909682508510335
4841,1.7074655680159538
4842,6.803651463479533
4843,7.57609705306141
4844,7.1383157969834645
4845,7.645745198594452
4846,6.640751027103552
4847,5.224708665463488
4848,5.699003713026113
4849,3.433633230784802
4850,1.6763697822574157
4851,7.550980157601561
4852,5.800035783095634
4853,4.189805650333717
4854,6.974390583214069
4855,5.30833317356053
4856,2.922082337500645
4857,6.4843610692188305
4858,6.10178633667916
4859,6.519595076928443
4860,8.799736534540358
4861,5.774639739964868
4862,5.6204913057995505
4863,4.66340893101486
4864,6.5988152548003445
4865,7.173324347476028
4866,2.1506899734717884
4867,3.4810365679126973
4868,6.04124575761909
4869,5.486613417253448
4870,7.425691242848105
4871,6.940480869432736
4872,5.586340571594342
4873,4.521638857805989
4874,5.141712003051483
4875,6.932577603892909
4876,9.089133273238748
4877,5.781652218146861
4878,4.68914898551538
4879,5.780812453830289
4880,7.083750872612604
4881,8.72730035127397
4882,2.3831914940701977
4883,5.028080141269481
4884,5.718865256441007
4885,7.063887416691429
4886,4.245561418380572
4887,9.6524099305042
4888,8.516968465017555
4889,3.7259265820070104
4890,3.6371555214669913
4891,5.547510726302545
4892,5.5350776347301895
4893,4.888549466986351
4894,5.04076667431303
4895,3.9234361156708255
4896,5.679049399121028
4897,8.107515595386914
4898,7.578513600635412
4899,7.220657762291442
4900,6.433950876615429
4901,5.296817026386705
4902,6.156434906021937
4903,5.365726676271092
4904,5.642040200171296
4905,5.842777727704919
4906,5.46234185190678
4907,8.405246527455152
4908,1.8646159162268945
4909,7.964486785433604
4910,8.290357207357207
4911,6.137147057957491
4912,5.755158606962435
4913,6.943005288725843
4914,7.4014445735879715
4915,5.068224545080567
4916,3.7799202727547736
4917,5.724144892826459
4918,4.176503305339575
4919,7.50795342655497
4920,5.878369463964389
4921,6.694880940083269
4922,5.214447025949343
4923,5.613950477792146
4924,7.883922457461957
4925,3.0250408582212165
4926,3.24021800397146
4927,6.2371954374465775
4928,5.606151758803854
4929,4.66208666216469
4930,8.440542901519281
4931,5.436658336412929
4932,6.486720098260042
4933,8.204658802056318
4934,4.574506418620328
4935,7.798031808511337
4936,4.917982275180883
4937,6.680219837716808
4938,2.5069771318888696
4939,2.450298284963478
4940,5.94949243350664
4941,5.273039238727105
4942,4.351230671910863
4943,6.280770765102664
4944,9.054431061771005
4945,6.386215764274339
4946,5.637083726319964
4947,7.97586806281878
4948,1.2414662692464788
4949,5.590962659369112
4950,2.8352843305123216
4951,7.7040002199151285
4952,5.3303234203433965
4953,6.157666597653063
4954,4.787226948406041
4955,5.221130072384296
4956,6.681611014942206
4957,7.421850579689432
4958,7.127559516802729
4959,3.3480661940738483
4960,5.871111017714398
4961,2.804487002755485
4962,7.880627580540356
4963,6.0559984874653825
4964,4.541900025495736
4965,7.316415853599434
4966,7.377524205332917
4967,7.412868647828432
4968,2.53810208512234
4969,6.238673629286375
4970,7.17929146646285
4971,5.247441623318719
4972,4.902697582871084
4973,1.2403607704152513
4974,3.164126220029089
4975,8.339788581912012
4976,3.3191915391582527
4977,7.949459526972032
4978,5.827136521303499
4979,3.1287741688428516
4980,5.859005186791907
4981,6.202323314427376
4982,6.780558103770623
4983,3.8598868328388725
4984,8.079714419876144
4985,5.290925309524818
4986,7.3814929397962645
4987,3.85228369794656
4988,3.307383455677681
4989,7.128060796177759
4990,8.052017870412518
4991,6.212865083687212
4992,5.633311284153599
4993,8.20409463171883
4994,6.2287498648524915
4995,6.956460273048059
4996,7.391547839858383
4997,4.62157889137588
4998,6.217944801925724
4999,7.338425884803473
5000,4.897521213137675
5001,3.5987765295491774
5002,5.097394989728836
5003,5.419574414631567
5004,6.022249045178464
5005,6.669549074244819
5006,4.928425020058123
5007,7.974785379343768
5008,3.6421892659085793
5009,6.364691044323255
5010,4.4599493171469335
5011,7.065207789291673
5012,8.066225312830777
5013,3.577101849751656
5014,4.548754652871529
5015,6.21691621426765
5016,6.635727171933015
5017,4.6578719364839145
5018,6.1803177371944145
5019,7.624331026268827
5020,7.638926665190436
5021,8.650092465151138
5022,5.680556935003502
5023,4.885834745469311
5024,6.821639027748233
5025,3.664837038360111
5026,7.49689952777421
5027,6.144581756310151
5028,5.191500193552664
5029,4.276595511073024
5030,3.8329649082029578
5031,7.375996043210159
5032,8.872282049757658
5033,6.478311701566343
5034,9.089896782084557
5035,3.471272736297745
5036,5.5236782570742395
5037,7.343049912419232
5038,9.954847566761806
5039,6.404839067986214
5040,6.157416717206234
5041,4.771453678358303
5042,7.731883320950095
5043,8.325749084560108
5044,5.406607353694706
5045,6.287257638506391
5046,4.054766026620245
5047,4.27113955170649
5048,4.486874210969021
5049,8.56768758666295
5050,4.119912471851479
5051,4.135496491170057
5052,4.8792362802911144
5053,7.3300382011604635
5054,3.2862701955116553
5055,1.9045479514562151
5056,7.128982822738347
5057,5.871687209943762
5058,5.6658926367812095
5059,4.832075328907657
5060,5.524639843328001
5061,6.4099819643664455
5062,7.169666888162492
5063,2.241770679158393
5064,8.899240084820779
5065,7.605339772770277
5066,5.805143594682693
5067,6.162750930814987
5068,8.772246693779985
5069,4.52316391904355
5070,8.616523591273266
5071,7.5464624641242155
5072,7.09005360655909
5073,7.716861458884858
5074,5.085563725318044
5075,4.722783072380607
5076,5.894540427939084
5077,4.258002864371371
5078,6.232702830279126
5079,4.174402627568809
5080,7.4335986646897805
5081,7.531958854708034
5082,3.8978370599723817
5083,6.995325959444483
5084,4.109253427762161
5085,2.427906599209028
5086,5.649530838575595
5087,3.675956408577132
5088,7.717862305820063
5089,5.641610798109683
5090,5.839421375062058
5091,6.013177007388572
5092,3.81663112560617
5093,8.35865310715354
5094,4.810305430919882
5095,4.916825024436976
5096,0.6143644378376479
5097,4.495111070333238
5098,5.498588367110634
5099,8.467965979741628
5100,4.518830907804947
5101,6.250430725463846
5102,7.803493817557987
5103,5.73793886238484
5104,8.899873759568397
5105,2.5127687892462327
5106,5.8929103815603545
5107,5.748178200647196
5108,4.736137880830153
5109,5.324937658003044
5110,6.392534407753973
5111,4.70097849111995
5112,6.721119649592723
5113,6.253705141047352
5114,4.54218304157097
5115,1.4585287162610272
5116,9.049622927688487
5117,6.344773109498678
5118,4.689663368909787
5119,4.0174848041867905
5120,6.316055970437468
5121,5.713249659233878
5122,7.303085899190719
5123,8.227123319143997
5124,6.7069866439958625
5125,4.283286153425219
5126,4.149326717093236
5127,5.358818437721004
5128,5.64700780944281
5129,7.612413331609049
5130,6.250258617063541
5131,8.852394357585357
5132,4.283713633501904
5133,7.763483939770549
5134,4.449755028339829
5135,3.0108844777874113
5136,7.497972060466764
5137,6.3540707177343805
5138,9.22878141990791
5139,6.183294798661933
5140,5.102165478575532
5141,0.009033809312500909
5142,5.781244393527104
5143,3.8417660022600355
5144,4.716787652441099
5145,6.95898001795784
5146,5.3188610371337575
5147,5.217632908678851
5148,5.893716896225971
5149,3.317360231482658
5150,5.361207404193299
5151,6.769596643645487
5152,8.62673707764331
5153,6.960409252875084
5154,5.973488433885378
5155,5.425675404198299
5156,5.021744745226172
5157,7.179355840472115
5158,4.183493815751848
5159,5.3126049062507175
5160,4.013007280735882
5161,3.937293094234476
5162,7.615813294178009
5163,4.63718217128028
5164,7.717617593229408
5165,8.00652742673064
5166,7.541191560156525
5167,3.3357628364940393
5168,9.689028102071296
5169,0.9303425472106318
5170,6.184372947831608
5171,4.764291461055026
5172,5.772163979874555
5173,5.564921840661404
5174,5.849772995951209
5175,4.902195349831441
5176,9.186838821786667
5177,8.851965441411508
5178,8.081848385614203
5179,1.0806194246058127
5180,5.700159317604156
5181,1.060813173698747
5182,6.5112920063361335
5183,6.4330275142904245
5184,7.321025272004501
5185,5.3876720243294125
5186,5.139400741636955
5187,6.099211268691376
5188,5.145672589684487
5189,2.742645349366746
5190,6.071748126759369
5191,5.675480776217839
5192,6.169873536562865
5193,7.578768522160112
5194,5.347060236404024
5195,3.3988482554359836
5196,4.3703880062508444
5197,4.313587308935634
5198,3.7317234760320246
5199,5.473124009437882
5200,5.501547328927678
5201,6.1062301202871705
5202,7.371990318910189
5203,3.036642612279495
5204,5.131690205998141
5205,8.98763153074684
5206,2.7820759963970496
5207,6.787896780040935
5208,4.381721111018945
5209,3.523223138706425
5210,7.081656761661522
5211,4.741266235245992
5212,7.530823162609902
5213,4.446287704931087
5214,7.016526470873754
5215,9.179775976876122
5216,8.51569016473533
5217,3.2376212229786283
5218,7.073460784165208
5219,6.4498997029965155
5220,5.884469244946242
5221,6.60220441858103
5222,2.8515124935891447
5223,6.268120077956893
5224,7.258267355468067
5225,6.7564622994291
5226,3.790379015040238
5227,4.978462823479898
5228,6.965338759574963
5229,6.267821374177682
5230,5.697191360472839
5231,6.073488167027587
5232,6.573688228167475
5233,3.5629803703854095
5234,3.6184756817149037
5235,7.786092985914073
5236,5.431909687380997
5237,7.187020298958561
5238,6.95063546426067
5239,6.672817176864056
5240,4.731600618346039
5241,7.468031696169747
5242,8.606845229353336
5243,3.629121742034462
5244,5.84467962083581
5245,5.121148056614146
5246,8.158208945282373
5247,7.842632116954461
5248,4.4244863839542035
5249,8.426813111903538
5250,7.042509621359355
5251,6.58009118103326
5252,6.231852646065439
5253,6.953127206109422
5254,3.3997776075790305
5255,5.595529021703903
5256,7.357031638886559
5257,3.253657066426904
5258,7.299288904098127
5259,3.95330980490241
5260,4.162961874681197
5261,7.7899015175974755
5262,3.741693247102805
5263,6.402555009517069
5264,6.5684488405927475
5265,7.466764136172058
5266,6.244481521220166
5267,6.687896032600886
5268,6.247587471276888
5269,6.021697694487017
5270,10.0
5271,6.290604840892675
5272,6.742030381939738
5273,4.785608893019438
5274,4.778535846159234
5275,2.997965166846436
5276,5.181141649943905
5277,6.038993295956234
5278,7.489105225217256
5279,7.574756166381936
5280,4.891791222507501
5281,5.926824182990202
5282,7.976154143087253
5283,2.393890655241808
5284,4.733180425114718
5285,6.112069539038473
5286,9.1919652941391
5287,8.585295419337262
5288,5.789434776699418
5289,5.697549112756912
5290,6.492524738165299
5291,5.3034833343746115
5292,7.171919014084382
5293,5.557376623306896
5294,5.499835441873343
5295,5.300938260206179
5296,5.7352505891797225
5297,5.73305598587958
5298,6.2341950647243785
5299,9.245310086272182
5300,2.2275287253095395
5301,7.447578667168874
5302,4.271903982694315
5303,3.2467367807471623
5304,3.7843121610467816
5305,7.923679356027096
5306,4.374558388366673
5307,1.8644954654756043
5308,7.8718906860437245
5309,6.2007318333164685
5310,5.066623136102276
5311,6.5027317768694
5312,6.348560336389195
5313,2.3448653624708764
5314,7.201943625157192
5315,5.263185928587234
5316,5.7484997265519535
5317,3.966186934593074
5318,5.277549479923676
5319,4.076192740581452
5320,8.479590319369013
5321,3.1702596773523037
5322,6.216061342074476
5323,4.874841937359583
5324,6.485780709167958
5325,5.570318315566665
5326,6.4099607622838795
5327,6.232559090898548
5328,5.442196549042609
5329,7.409487039930852
5330,1.595415763623659
5331,7.920394326699634
5332,2.0193162121894956
5333,4.2733883198537015
5334,4.769986939022581
5335,3.2739576851000893
5336,5.796067599559785
5337,4.506044454645885
5338,6.647378474017982
5339,6.420024982315274
5340,7.51388837680544
5341,7.760507038728192
5342,2.6110138664409175
5343,7.506243086380002
5344,5.540064399462564
5345,5.740305686451271
5346,5.207766766010829
5347,3.501795857966819
5348,6.478869255032404
5349,6.693482014249119
5350,3.7799561570152553
5351,3.8488931266969866
5352,6.350668271490545
5353,6.845236773824608
5354,6.62537510976946
5355,6.019990580068711
5356,4.876467850632357
5357,2.7399190156999276
5358,9.139059684491684
5359,6.658328056400001
5360,6.9997615409388
5361,6.52509356921842
5362,7.256636253677599
5363,6.82234814675974
5364,8.750635841491775
5365,0.9824927801932823
5366,7.00108109609317
5367,6.116975408598119
5368,5.268670195050228
5369,1.8490995596192308
5370,7.7269284444384185
5371,8.03408031470146
5372,8.491474013443561
5373,1.9890916078782561
5374,4.873019638699748
5375,6.212486015824238
5376,8.149959678455069
5377,4.410746028987397
5378,6.236444661541838
5379,7.297843102270794
5380,5.060508366827421
5381,5.383388010132513
5382,5.6138720007030205
5383,6.611659367343942
5384,4.753701299135657
5385,7.377452346899308
5386,4.338700427436327
5387,8.022885637642583
5388,3.593820833245037
5389,7.403275210818728
5390,7.08338222209646
5391,7.599651081772761
5392,6.037826893677347
5393,8.885093854746124
5394,6.219208717707216
5395,8.911505941373903
5396,3.465456250264165
5397,1.5781682375611783
5398,6.886651293953502
5399,4.137181678779779
5400,3.4021122817281175
5401,6.493271295240027
5402,8.22943543427864
5403,3.0912859787178304
5404,4.316598778348261
5405,7.706815476022942
5406,6.5065015898396075
5407,5.830502440390148
5408,5.32191906071491
5409,6.8210029095871345
5410,3.863081301734069
5411,9.975575604882682
5412,3.7199232281897974
5413,7.342415314455495
5414,8.335799209927576
5415,6.387055803213463
5416,6.706997291260277
5417,7.719021345629545
5418,4.289030685141853
5419,5.259703973174231
5420,7.352065213949483
5421,6.439888489007865
5422,3.8646587833111825
5423,5.299624369112294
5424,5.155192172736731
5425,4.634272343036743
5426,5.58107116751684
5427,2.5689518169566385
5428,5.94086611254461
5429,8.59927361788594
5430,2.537746882806121
5431,6.099265976166633
5432,8.98982451153127
5433,3.089444614429066
5434,6.17552216635669
5435,6.614663171883345
5436,4.268630315921246
5437,4.805616047358078
5438,4.116210114811748
5439,5.869692738364575
5440,4.073978607689315
5441,9.096141163430277
5442,7.657133891655502
5443,7.372082866062005
5444,8.374670684977055
5445,6.398089828368982
5446,8.210559278464562
5447,3.980064589890676
5448,7.470497333323414
5449,7.01584073851111
5450,3.3742599050453985
5451,6.788728199343123
5452,9.956663312286995
5453,4.442004205678713
5454,4.977136825744453
5455,2.911667283196426
5456,4.477910326806169
5457,5.321257317494343
5458,6.983601954729515
5459,5.542458668124874
5460,4.006078202176042
5461,4.750572147852434
5462,7.208194627052334
5463,6.335558953911602
5464,6.8429871675682765
5465,5.766482823262466
5466,5.0038613811330555
5467,2.4791418130746457
5468,4.688390795682878
5469,6.600128987846783
5470,2.9714734007294084
5471,8.856821107619181
5472,3.3544178653830072
5473,7.629904746514781
5474,5.9059135762867285
5475,4.987866772296685
5476,6.050379998961728
5477,7.76473342174272
5478,5.762788898979334
5479,3.6282011982218774
5480,5.262452120969697
5481,8.790010790280734
5482,6.45740856950597
5483,4.612365301219548
5484,7.311337318551153
5485,7.511232147478287
5486,6.006687558447368
5487,7.578534799964853
5488,4.485560679235034
5489,5.394495971597032
5490,2.252287707123086
5491,8.784230467349074
5492,2.558171820424901
5493,3.618136420212409
5494,8.143219317684824
5495,4.269368752959856
5496,4.625780302434536
5497,8.293402502093226
5498,6.964684363114387
5499,7.4222258579994485
5500,4.862496191126384
5501,6.476708072776499
5502,3.866932616971331
5503,7.607923450887947
5504,4.35580650613834
5505,7.270588488155782
5506,5.437983215310002
5507,6.387543297646497
5508,6.3868488012081315
5509,4.294051027348731
5510,9.000209988104448
5511,7.414473451950202
5512,7.0233825507965655
5513,8.792948737061874
5514,5.52264603468502
5515,8.141030298100272
5516,4.705439978764306
5517,6.624688751057684
5518,4.434732650156858
5519,8.558636133114494
5520,4.261346417139019
5521,7.630208953117194
5522,3.9319955814303342
5523,6.895294087448832
5524,2.975365281340642
5525,6.004220738694046
5526,6.876618628275391
5527,6.6265141365169535
5528,6.358087992592325
5529,6.468358945644722
5530,3.9109245698190795
5531,6.094715716723353
5532,5.627172605017582
5533,6.700178545735093
5534,6.633227307702036
5535,7.341959110405815
5536,8.841920917071635
5537,6.576453980227935
5538,3.5939063437732965
5539,4.061633049576562
5540,3.1063142870927294
5541,5.095329607741229
5542,4.998211159076572
5543,7.055551941623724
5544,5.541378747113934
5545,7.620987151857482
5546,3.9360766307776482
5547,5.731119833284538
5548,5.75257343490576
5549,8.084493396929474
5550,5.630979365619489
5551,6.508924667854853
5552,8.466723592013741
5553,3.574215467923243
5554,5.939301016033719
5555,9.212502509007154
5556,5.842178375112114
5557,6.627765689462651
5558,3.535853698632322
5559,5.453243064520497
5560,3.823895287217301
5561,4.333066848628624
5562,4.815917500734829
5563,6.658034056657839
5564,5.764538371986164
5565,4.625740174228054
5566,5.900978681999665
5567,3.7977377804949497
5568,8.164417841764605
5569,7.484711839783714
5570,3.41296041888287
5571,3.9938069551209834
5572,5.810579834907617
5573,5.8467542300545965
5574,2.62390309893388
5575,9.864659554088563
5576,6.82982688274522
5577,1.684641581258618
5578,6.115903739153813
5579,9.489034150173284
5580,6.36552941218261
5581,5.856824091331699
5582,7.202746983980848
5583,8.729306417550893
5584,8.243495204522256
5585,5.818040353369543
5586,4.628645218641885
5587,2.558445623610501
5588,10.0
5589,7.010189890163452
5590,6.758299001612247
5591,4.824189226866467
5592,3.7722641391888425
5593,5.884643733487592
5594,6.463668367343313
5595,5.591916161259214
5596,4.005563333194011
5597,7.760004797395775
5598,8.35630252337065
5599,5.421017743731354
5600,4.859360699696682
5601,4.975379079309465
5602,3.568832082877094
5603,5.177513004572731
5604,5.021920144963134
5605,7.26324697045577
5606,4.927827193844084
5607,3.56015429925012
5608,8.428735948708834
5609,4.371013980289326
5610,7.2742917513231395
5611,5.139660396623826
5612,6.77838649642252
5613,5.9975878455002505
5614,3.3898399908058003
5615,5.673730022824255
5616,6.9691986024988735
5617,4.0321304441876755
5618,4.321038910554235
5619,7.2982473810344635
5620,7.807990945212549
5621,3.940664886527242
5622,6.805455694247212
5623,2.6763422973894473
5624,4.809367233911008
5625,5.526413227286632
5626,6.403249029226391
5627,3.5907698704201514
5628,7.754252306512655
5629,7.572496973233475
5630,5.334321819668312
5631,2.964309484906701
5632,5.123825009971995
5633,5.807710228760784
5634,6.985974367124094
5635,5.728514733972062
5636,7.045829767204137
5637,9.399521238943791
5638,6.956916601312192
5639,5.489717556836584
5640,3.447040879983388
5641,4.171748313413132
5642,7.615592939258209
5643,4.6260003960041205
5644,6.272556290307018
5645,1.584836001932656
5646,3.6738871351797373
5647,4.849682259032349
5648,5.191040426960872
5649,2.737130411492922
5650,5.818445715174136
5651,3.2014087106646962
5652,2.0645112948960995
5653,6.760898204794268
5654,7.2594445313547205
5655,6.226713882081578
5656,8.551792188485855
5657,1.1867530165383728
5658,1.8267598908150162
5659,5.375150739732639
5660,8.208013519000655
5661,3.7972852508176116
5662,7.964733324973558
5663,5.892768389637094
5664,6.105464273124597
5665,6.7836891467716125
5666,1.228724665023675
5667,6.952302801462323
5668,2.1181367223440795
5669,9.00012314976642
5670,4.295427682607812
5671,8.344297839529407
5672,5.125943970655362
5673,6.671378564634433
5674,3.5286473495638315
5675,6.388666243913262
5676,7.390628076190731
5677,6.6777021510263985
5678,7.146546934090158
5679,8.799099861168816
5680,6.85126308951888
5681,3.498645105333184
5682,2.0845452343689463
5683,8.3859073465127
5684,7.050912241992347
5685,5.592646117272763
5686,7.780265017507706
5687,4.370199952030245
5688,6.579403174953712
5689,6.285405297474382
5690,6.750409272509957
5691,6.486309525141122
5692,8.212053175179875
5693,7.139548300809259
5694,6.456585254208686
5695,4.168887790684442
5696,6.967856517864341
5697,3.6402089961698025
5698,7.101941332042305
5699,4.886025784273536
5700,6.855599958574056
5701,1.6049410228382204
5702,5.258332660560266
5703,4.616999171358423
5704,5.768256908600697
5705,6.204342524696544
5706,2.2223212311601337
5707,6.848387252635486
5708,8.080762973137217
5709,6.912011621818276
5710,7.248638715915344
5711,6.206906317470359
5712,8.450329645594048
5713,6.471150397872867
5714,6.415446828820177
5715,6.863882098846687
5716,1.2951721447702342
5717,6.204844200797624
5718,2.841477658223051
5719,6.430431844036209
5720,4.983438131128566
5721,4.052453723962568
5722,8.670427733875064
5723,5.107952875822975
5724,4.095590441471018
5725,8.294412897447371
5726,5.223128789394805
5727,7.624410661676293
5728,5.189029045659069
5729,6.540145562763696
5730,2.6843919056851147
5731,4.331215898288309
5732,6.700470024953135
5733,6.527437733380787
5734,7.481825983803568
5735,4.707326224692741
5736,6.582587401100632
5737,5.489629406696769
5738,4.810251864576266
5739,4.202231290618422
5740,7.390251927947015
5741,3.0413770998546505
5742,9.686388388315939
5743,5.661855857828586
5744,5.0148862259239975
5745,7.029451631170895
5746,6.200015303244283
5747,3.5168873179540787
5748,6.41682569347392
5749,4.785535064265012
5750,5.917984753603466
5751,5.527968049401797
5752,2.7948351553323105
5753,7.49648572669884
5754,6.030007967375292
5755,6.820920508274512
5756,1.4383693201481564
5757,4.6095900092686675
5758,6.55454150201707
5759,9.299513554042978
5760,5.1009666584617515
5761,6.269940501608427
5762,3.7509674250627865
5763,3.692739398083028
5764,6.702928810682809
5765,6.578595788672799
5766,4.135215148389091
5767,7.717079390164715
5768,3.2860925031247477
5769,6.873998786473267
5770,0.15296270876904672
5771,4.8597049059648825
5772,7.972484318509749
5773,4.772231034085182
5774,6.3713018336361955
5775,5.507750004241611
5776,2.9553007873810584
5777,5.871191495497893
5778,4.654959896394986
5779,7.948969021228136
5780,5.47759732349455
5781,6.2508968652086425
5782,2.23732589196809
5783,2.699244975303982
5784,4.6057460970554045
5785,3.1468246002715365
5786,7.811886819243081
5787,7.559843422026484
5788,7.549662366421712
5789,6.054788023042267
5790,8.480218969476365
5791,4.1666467425680676
5792,5.514419460644628
5793,6.97696820230567
5794,3.667124173382067
5795,8.864431699869751
5796,6.087637728748623
5797,9.672773280903355
5798,8.750675660103525
5799,3.9959237453475067
5800,6.669512766092721
5801,5.2638841331267034
5802,6.019340419634127
5803,8.385228027434202
5804,4.416327807232733
5805,7.866301226828732
5806,5.706956247910028
5807,9.504965825715233
5808,7.2992747447100195
5809,5.724742209557986
5810,7.252877962132427
5811,5.358672848147989
5812,6.444943977867793
5813,8.88419009814338
5814,5.122517339528267
5815,5.015036742001883
5816,6.766171893514067
5817,7.20749343182307
5818,5.43458329602312
5819,7.5444418879152755
5820,8.267602294389619
5821,9.059543710648041
5822,5.856559836833211
5823,6.940663512426911
5824,7.0314885466334776
5825,7.611401077871499
5826,9.36338297380858
5827,4.779098288661241
5828,8.75144269154697
5829,5.264543852806395
5830,3.0579974672336485
5831,5.642920072432892
5832,4.29131215886415
5833,4.746757611745925
5834,6.146402266670486
5835,3.2900620032047594
5836,4.643147746448049
5837,5.904297542898417
5838,6.52938282662013
5839,8.265042210640292
5840,4.968647169771405
5841,4.848744373816671
5842,7.679081469051195
5843,8.416738092066986
5844,8.494784712777609
5845,9.075087424992134
5846,3.2356262208038213
5847,4.966784305982589
5848,7.45153728109982
5849,5.876053097943821
5850,4.649759954284758
5851,5.757855039937396
5852,5.565525634591095
5853,6.926068280891759
5854,6.834916712431314
5855,4.517501524195325
5856,7.223806045726965
5857,6.566126383901648
5858,8.823164815662508
5859,8.264579903598205
5860,6.510758837935883
5861,5.442800237160706
5862,5.378384051448297
5863,5.323064590194394
5864,8.727616138976105
5865,6.354613938037684
5866,2.453059419260721
5867,3.4853485665586637
5868,3.5241885108213697
5869,6.449067637199532
5870,2.246104816211663
5871,5.836161568237513
5872,5.5807987178812555
5873,7.05968849691325
5874,6.812101398753192
5875,6.345703202570669
5876,3.7460468786668004
5877,6.503170811467385
5878,5.680660366416817
5879,3.511365514446362
5880,6.379495840729349
5881,5.500174916468231
5882,2.5241940044707123
5883,4.769583705962101
5884,7.06226865253786
5885,4.561859546962588
5886,5.687392346043848
5887,7.736482983537777
5888,9.230491778292862
5889,6.170820001855846
5890,7.053163180110521
5891,5.374596586987432
5892,6.440258454972781
5893,8.482162311964293
5894,5.594738303737485
5895,7.808623594723815
5896,5.987919178771289
5897,3.913022345566621
5898,7.262665638789159
5899,5.8601193964154294
5900,6.724854573916877
5901,5.79429031104885
5902,4.387332974689435
5903,6.654079609702834
5904,8.740040318652158
5905,7.171625295291028
5906,1.3886989068270377
5907,5.579568308362212
5908,6.526717133523218
5909,4.225019435960831
5910,2.6656496288623495
5911,6.240018951503793
5912,5.59896714215855
5913,6.607249847101592
5914,4.113255098451469
5915,6.883791123227747
5916,7.5192191669135555
5917,8.497205821085483
5918,6.771271079665267
5919,4.007257973795003
5920,7.330518999077785
5921,6.466272550967433
5922,5.879650259735941
5923,4.745595613668249
5924,9.829882971504947
5925,8.559142326059817
5926,6.3609080635165025
5927,7.445603405825363
5928,4.09956964163681
5929,6.500301007376388
5930,6.636733192898479
5931,7.361868153530386
5932,7.994865117779233
5933,4.880105518503423
5934,7.939728272223726
5935,3.9543484317880706
5936,5.732317027181228
5937,7.061165768930611
5938,4.948630942294722
5939,6.4678607283582075
5940,7.612475642814542
5941,7.428259024081763
5942,3.903831269185951
5943,5.993666961759172
5944,7.298976393863267
5945,8.660065714306928
5946,9.725572013499185
5947,4.756676692804001
5948,5.204832479387943
5949,4.544580378396625
5950,0.014382800643192546
5951,6.043987470186331
5952,4.1257587199661225
5953,4.92261527128013
5954,7.69200741907305
5955,7.502067708936112
5956,8.86199585766401
5957,7.936721991304817
5958,5.720186476818621
5959,5.872778491925068
5960,5.209471562922708
5961,7.946733893947207
5962,5.076970044452828
5963,3.76557299275034
5964,4.342805581495568
5965,5.668256123088449
5966,6.402151594371233
5967,8.433305249697337
5968,3.133681147268755
5969,5.066662237787763
5970,4.788786601644564
5971,5.385081389850372
5972,8.817635581284955
5973,6.269513538946705
5974,5.79977784768447
5975,8.00683954028077
5976,7.356736227350348
5977,8.89959740377788
5978,6.284554433134306
5979,9.359594847749864
5980,4.920832713658378
5981,7.094128125416507
5982,6.454430115288894
5983,7.265755003835139
5984,6.492693539190583
5985,7.642203410781941
5986,6.655707181747437
5987,4.874516296807923
5988,5.515738779282118
5989,4.615529407347016
5990,6.374337734345314
5991,9.206453181170867
5992,5.726784939198873
5993,7.589853012188912
5994,4.163338159863775
5995,3.2736045227326565
5996,5.766712955139962
5997,5.827569123180949
5998,6.140889238445502
5999,5.361339343281658
6000,6.163658287477784
6001,7.565034862185207
6002,6.308627157408458
6003,4.642730752344497
6004,5.0634665896827755
6005,6.085979921012224
6006,8.965301718181323
6007,8.616065140739487
6008,9.40576622380208
6009,5.102470081363687
6010,7.280228841631726
6011,6.088103826625789
6012,1.20445773139345
6013,4.183628077137976
6014,5.849883408165994
6015,6.284173709998888
6016,8.302480675221679
6017,5.652963832951613
6018,8.650651790440172
6019,8.059471284094402
6020,4.1418432663515485
6021,9.006289904787518
6022,6.6619085513629335
6023,4.055529701463367
6024,4.624011305812202
6025,6.1524926050165
6026,8.340813844142007
6027,8.506775337654298
6028,3.85411775158962
6029,7.593478099227873
6030,6.802730456957519
6031,7.5371588556663704
6032,9.959573871648415
6033,6.704803631678224
6034,4.946270799842797
6035,6.262743075181537
6036,8.725552909233691
6037,7.844234677915862
6038,6.499680021438886
6039,8.354760426792762
6040,3.987112399380232
6041,7.3733905606376
6042,7.24863537292563
6043,8.858274317221232
6044,8.315146085424203
6045,6.25085328329288
6046,6.536011175976621
6047,1.5452640696091604
6048,3.7936477318607595
6049,6.848948639565533
6050,8.344810353241874
6051,3.861921057808916
6052,4.9095688786129195
6053,3.304300633266058
6054,7.376299161726568
6055,5.184802324555058
6056,4.19737168778518
6057,5.166156456990425
6058,8.867940523063327
6059,4.612897081021204
6060,1.5815079579034543
6061,6.762151110205844
6062,7.545142866151825
6063,6.423620857164948
6064,5.453033464377763
6065,5.445147336474408
6066,7.054983889975823
6067,3.7891435746600712
6068,6.870401614356325
6069,2.270003470182808
6070,4.023776062485545
6071,6.299357291709666
6072,5.441393541557039
6073,4.333596699215307
6074,5.975616759787803
6075,3.2015259100599054
6076,6.205620969447833
6077,4.584327655789832
6078,6.475691295253009
6079,3.02611391631976
6080,3.6290636282667488
6081,8.545618986373988
6082,3.419948518476986
6083,6.503922158040666
6084,6.543658052972838
6085,5.296386466797366
6086,7.910585641150951
6087,5.291454863673808
6088,4.694040943121861
6089,5.654690360213634
6090,5.478386577572801
6091,5.101624447425578
6092,6.437528105585772
6093,6.322402257968414
6094,7.455046784511135
6095,6.628756871971318
6096,7.906618955976869
6097,3.9034147511274733
6098,7.555608315722814
6099,8.207258055527229
6100,4.787977744568087
6101,6.355239581379029
6102,5.778894277706197
6103,3.6052699691252053
6104,7.394059895138607
6105,7.872746202454586
6106,6.62435649568036
6107,6.8513279101540885
6108,5.682791723840197
6109,9.066203799330586
6110,2.8451239343749064
6111,5.990021850212634
6112,5.176846498954886
6113,6.125012387031436
6114,5.079675478420474
6115,7.294066150099986
6116,5.03908773606391
6117,8.22754221496877
6118,7.985841361990978
6119,4.845123009603052
6120,4.3623359476718395
6121,8.550958851881695
6122,3.7042843305168476
6123,3.0203214729182637
6124,6.83093165769258
6125,9.693090836647052
6126,7.787887727068365
6127,8.578336309445353
6128,4.595863961582767
6129,3.365358774613744
6130,5.002416284051696
6131,6.809414360176498
6132,4.7173157576447124
6133,6.39976097961746
6134,7.803561213115959
6135,3.0227170883604577
6136,4.0356623535483935
6137,4.520826717274926
6138,4.449812364904349
6139,4.981820692858713
6140,6.358587054896919
6141,4.79717464770686
6142,5.5981584496169
6143,7.832894195040409
6144,5.877706498437735
6145,5.26242076324421
6146,6.975903969193282
6147,6.776731786723488
6148,7.5811065389828505
6149,4.5819097595986245
6150,8.002910163448952
6151,2.797127124268338
6152,7.085381366239148
6153,5.842470822316647
6154,6.114461134498264
6155,9.349548196921436
6156,2.995933460869116
6157,6.486816657329884
6158,5.2355619220340195
6159,6.2038621089703705
6160,5.158396614408799
6161,5.145799734431037
6162,7.366943266027798
6163,6.364674930816953
6164,5.261298868837266
6165,3.634442830136865
6166,6.513270983792994
6167,6.882614729845679
6168,5.888364406300695
6169,3.73052799737409
6170,6.549676948847562
6171,4.057973186317671
6172,4.75375081800408
6173,5.459178234599245
6174,3.690981287579747
6175,5.8304111156067595
6176,7.809307296823117
6177,6.956967001254198
6178,7.768992041308626
6179,9.077986976828802
6180,7.578522109591136
6181,3.114437725126717
6182,5.0492433385563
6183,1.984489022731528
6184,4.225240684232332
6185,3.890074645730274
6186,7.497060255574307
6187,4.376025761906698
6188,4.4489686283206265
6189,9.668150760169706
6190,7.099538771512589
6191,6.4748553626986105
6192,6.168732234489248
6193,6.778438006759914
6194,7.268167222513672
6195,2.2785460858094044
6196,4.714748576912425
6197,4.8787911957812735
6198,4.818333093788758
6199,7.597069886940517
6200,7.859585299921429
6201,5.370771953651391
6202,3.7879824684949113
6203,4.433694172101037
6204,3.204267395280284
6205,7.579655302928822
6206,7.142165606109821
6207,4.04661110763161
6208,7.718574737498776
6209,4.276216868620884
6210,5.03543890899433
6211,4.4292684077722955
6212,6.112215792125025
6213,7.246853078119445
6214,5.945160394146561
6215,4.418275217052227
6216,7.6475368077619095
6217,8.799122743280185
6218,4.467899083831464
6219,6.390979778275742
6220,3.7043891140056395
6221,5.70492719244773
6222,4.493104320986044
6223,5.812651746307307
6224,4.543612563118247
6225,6.0327367186422745
6226,7.3862963548294625
6227,4.918575872732449
6228,7.134370235997832
6229,5.499028706859306
6230,7.405452284551496
6231,5.631609296018325
6232,6.0483494098040635
6233,9.521729429274034
6234,8.110175741481582
6235,7.356131798462411
6236,5.157666697966317
6237,6.700689593892385
6238,8.949387454729475
6239,5.0361032542144955
6240,7.114473557940802
6241,5.101890872469809
6242,5.8195718216500385
6243,4.403601748794925
6244,6.431956607697526
6245,5.131542891717734
6246,7.832035603164868
6247,6.078242521190953
6248,9.06724256992879
6249,5.066027467997293
6250,2.824584592468749
6251,10.0
6252,3.8896326445181497
6253,6.495472599698253
6254,5.5298690304343605
6255,7.00024194859337
6256,5.579293822584508
6257,5.601079299872688
6258,4.306385497824657
6259,3.3298773514035025
6260,3.193384375817736
6261,6.075898566328565
6262,8.582940799935088
6263,8.539292724839209
6264,5.856681519408952
6265,6.737792455824778
6266,2.6068261030125965
6267,4.683784794748122
6268,5.037420914981533
6269,6.5120012524970985
6270,5.82025382295264
6271,4.160459526676137
6272,1.5332900732269015
6273,7.5254940368372365
6274,4.442747506027234
6275,4.454718834138583
6276,5.40360793569363
6277,4.950949412656916
6278,7.018336312141641
6279,7.2074626652166724
6280,6.6884135815943235
6281,2.697252557146687
6282,4.793535287644069
6283,5.785255977128354
6284,7.208240621789363
6285,8.2103691035363
6286,4.237275605950502
6287,5.313295251047397
6288,9.156240871078154
6289,3.4292265148634886
6290,6.367559476158058
6291,3.727285788268337
6292,2.6326497215837485
6293,6.152261487717833
6294,6.006476457418589
6295,5.785207219386475
6296,7.861621963031445
6297,6.578717101406843
6298,6.774589720061799
6299,4.223253733414228
6300,5.134074525313318
6301,4.6252212097622465
6302,5.859713901931528
6303,3.8886354116284827
6304,3.5335061549723683
6305,6.889734668086972
6306,6.184194878501144
6307,6.809768533026644
6308,4.9722187349931835
6309,5.344463162693614
6310,5.143351074088
6311,8.59555506270645
6312,7.215901071806318
6313,3.023570054498258
6314,7.168762982137082
6315,5.03393269580932
6316,7.975984070292723
6317,9.443605141707097
6318,3.5173389867473093
6319,4.056161424908272
6320,5.291475601007972
6321,5.086999776122969
6322,7.9201299542756765
6323,2.728131049069144
6324,3.821300486968283
6325,7.044993163592082
6326,6.236744913696002
6327,4.412705677529184
6328,5.045413012544932
6329,9.006916612203936
6330,4.899881328991907
6331,7.019009852437812
6332,6.420960647695814
6333,8.032617386509143
6334,6.801062817735409
6335,5.955651142568065
6336,7.055837493970873
6337,3.335446334594017
6338,7.541905544822567
6339,2.8002185475007946
6340,5.31443576105327
6341,4.668487338483229
6342,4.829464166801725
6343,6.881696964759868
6344,1.5379152758120571
6345,3.4891782519253436
6346,6.943196988560592
6347,6.535943252336292
6348,5.5069578985291185
6349,7.2256411830508895
6350,6.920626282721557
6351,7.86902609938207
6352,2.446852989585493
6353,7.101281152356057
6354,9.27677613536382
6355,7.21410119132561
6356,5.500913108952326
6357,4.2927677912299425
6358,6.205748586735021
6359,6.750476808342817
6360,7.548409020808771
6361,6.175821856402655
6362,9.405640840458732
6363,6.7243873494593105
6364,5.52821015245501
6365,6.4611409710312815
6366,8.01869296596937
6367,6.560140259625306
6368,7.7276228625820655
6369,7.8119930267866176
6370,4.341857256191738
6371,8.265815903472564
6372,3.9577556936280693
6373,5.638668728490569
6374,9.119792712700306
6375,8.819551402262066
6376,4.698161150001957
6377,4.409528986328815
6378,3.503552423852988
6379,9.116827684088584
6380,4.373836866602067
6381,1.6602956881264086
6382,2.357802686273678
6383,6.950493147643954
6384,7.230219821355585
6385,8.09913026618997
6386,7.743074403163394
6387,5.368517977164539
6388,6.201585258865947
6389,5.979963061151755
6390,8.733527905769746
6391,7.3038037400475835
6392,4.334835814361506
6393,4.5129278771535235
6394,3.4344258158128156
6395,6.1509829324386995
6396,4.278305363070124
6397,4.806001662627725
6398,5.531106316567062
6399,5.0933325381897765
6400,7.30568513955621
6401,6.768060666029193
6402,7.599673509371808
6403,8.207528057618225
6404,0.9474730076217284
6405,8.529636299881842
6406,6.9583533103305015
6407,5.234716548624502
6408,7.729735198392229
6409,6.512128993230842
6410,5.708691526628625
6411,9.337500552662338
6412,4.163729950224698
6413,4.323787979714842
6414,2.333747973260273
6415,4.131030136489588
6416,1.7973590174740792
6417,4.26476473466108
6418,6.306752683957819
6419,8.958218014235431
6420,5.987154841679812
6421,9.691855728789397
6422,7.853906777226483
6423,6.480744743412406
6424,9.642039694171302
6425,8.340600572002229
6426,4.8902720746902855
6427,4.88979992552756
6428,6.395644233950102
6429,3.466766634636583
6430,6.438675750065591
6431,3.5048256072277413
6432,8.029925552776206
6433,2.9672139424062203
6434,7.494485581165394
6435,8.546051045000594
6436,4.605829839549637
6437,6.8419741893170745
6438,7.58173875394481
6439,6.228933408695864
6440,6.065383532791599
6441,6.420567551429778
6442,2.4831783202759765
6443,4.117205427417585
6444,7.537253158185617
6445,8.097582043605097
6446,9.744167206037703
6447,5.820311347569715
6448,4.849781991179823
6449,4.835388405337063
6450,5.947497713330455
6451,9.129142551385259
6452,9.948804937890419
6453,3.982562643800509
6454,6.780606604107365
6455,7.455345902506724
6456,5.64932471299158
6457,8.33290936345137
6458,4.538780344689724
6459,2.904007171680774
6460,6.60875405620086
6461,8.325417016104304
6462,7.845217272267382
6463,6.5466102802894195
6464,7.997492494941293
6465,8.631260711046444
6466,5.062148736872266
6467,6.897475396290996
6468,4.160754651903709
6469,7.172164107217641
6470,8.691815889760756
6471,7.1500736066644475
6472,4.938669486957438
6473,3.8571485447988842
6474,7.387526589243111
6475,5.258699146789698
6476,5.166495021093352
6477,8.363424404911523
6478,7.217144036078409
6479,8.247871799922796
6480,7.988755046478479
6481,6.4333460744241755
6482,5.019558164679234
6483,5.83950478120035
6484,5.9863478441791065
6485,7.614984730147799
6486,5.147778438849339
6487,4.119953936412099
6488,10.0
6489,5.387337258674508
6490,2.712424055127828
6491,4.720225501639693
6492,6.018084973641494
6493,3.129962028046283
6494,4.530950612608015
6495,5.328996484265093
6496,7.608012509880637
6497,5.870427270716827
6498,5.979132658604443
6499,5.8662025561651445
6500,8.829098031282973
6501,2.7436020108466863
6502,2.4418145727699354
6503,7.852363010049348
6504,9.265048311016352
6505,4.676361468005393
6506,3.898834472631918
6507,6.792546052346427
6508,5.466957290284222
6509,6.422338975517676
6510,6.797199011920233
6511,7.356276450733419
6512,6.523165810033603
6513,6.382418713602345
6514,4.246603010447647
6515,3.8907224932517193
6516,9.39833038705283
6517,6.2500647252268005
6518,4.852018988368624
6519,6.181044697192717
6520,7.703923139204882
6521,2.801570654583318
6522,3.8590229664306492
6523,3.2995327749105043
6524,8.415560851972431
6525,7.908463260547171
6526,8.834485124767195
6527,4.339622813494863
6528,6.387060118657805
6529,4.2564731435264
6530,6.1739171288899986
6531,7.476041316959577
6532,3.169300474605091
6533,8.710831884596852
6534,5.485970719281438
6535,5.921194864387367
6536,6.631161887729267
6537,6.567028473705463
6538,5.003878262598418
6539,7.001692992961909
6540,5.994091826124205
6541,6.784323013768876
6542,4.271989651252797
6543,7.33941207230132
6544,6.915805943841264
6545,5.963103642152717
6546,8.267511090840651
6547,3.9085961950596144
6548,5.983769560473459
6549,3.660589433637208
6550,6.751173771548199
6551,3.315761649904496
6552,5.299584118294532
6553,6.743900932318364
6554,5.630585740592781
6555,2.1880914660417754
6556,7.443090046764278
6557,2.6388527599974787
6558,7.236097926619502
6559,6.549106736323875
6560,4.391714395850637
6561,6.3022543119810175
6562,5.094489129444359
6563,5.711693038021784
6564,3.441768134781036
6565,4.340166553445986
6566,9.264919924659099
6567,7.845523065441956
6568,7.30892717495343
6569,2.7970763705890005
6570,7.613995799695514
6571,7.6255340267225415
6572,2.94856374623952
6573,4.019189729081029
6574,8.118964778649516
6575,5.94250576225925
6576,4.6448712813331605
6577,6.836683228163473
6578,7.792945926282262
6579,4.6074779762406965
6580,3.67026759625138
6581,4.067192556566576
6582,8.558214274058775
6583,8.698632384497769
6584,8.393100160114537
6585,8.735797574211707
6586,8.279410060322597
6587,6.587477824104575
6588,2.282465382057854
6589,5.810618304936194
6590,5.942309830829411
6591,9.460866942218045
6592,7.668296292075422
6593,6.407599121110757
6594,5.967304734582243
6595,6.925562703925582
6596,6.114040495823538
6597,6.102577687572874
6598,7.157444980733633
6599,5.4918603700280695
6600,8.33682733721235
6601,7.805838072116997
6602,3.9882672694876105
6603,7.631780991762282
6604,6.7525603108673025
6605,6.4772433865110255
6606,7.578725719849337
6607,5.159076392990981
6608,6.756310186213074
6609,2.362688602725451
6610,0.2727816410906322
6611,7.168292043892523
6612,5.996178330501569
6613,3.879763888618502
6614,2.6890283313428425
6615,6.565842510208141
6616,4.6509204241603035
6617,3.628405987979932
6618,7.541009117783844
6619,2.7770353561017167
6620,2.148898666275215
6621,5.1025595770451
6622,7.92949680560737
6623,6.6773885705793905
6624,4.060324014225068
6625,6.979538607758096
6626,3.5931576109449406
6627,7.871161787277248
6628,4.49496582864054
6629,7.658254578351855
6630,6.123579445043902
6631,6.7015377586704705
6632,5.920752721725611
6633,7.969981164363121
6634,7.522374757078188
6635,7.6177671585112146
6636,5.369281042862107
6637,2.0424036711148865
6638,4.417495235051066
6639,5.400782254684756
6640,5.692884038440327
6641,6.6731797419048835
6642,6.409983423934875
6643,4.260711962537531
6644,5.7872371373317035
6645,7.677653084691256
6646,9.086521147721236
6647,3.0558755177232753
6648,3.571940722520063
6649,5.71265531565193
6650,4.557685396218487
6651,5.41247391310027
6652,8.562850513266568
6653,6.08335940865034
6654,9.235091500948675
6655,6.170668272452765
6656,7.215105542675427
6657,7.535463025434261
6658,8.021610986553355
6659,3.3585708385368225
6660,3.742409722671363
6661,7.212596848547567
6662,9.339657464844116
6663,7.79393486223689
6664,6.623343986537987
6665,6.185007664233424
6666,8.52452804096437
6667,5.869664960608347
6668,6.263142493810406
6669,9.462065595000507
6670,6.204076417996445
6671,5.89610238717371
6672,5.078304392288814
6673,5.947900432993379
6674,7.311383873887534
6675,6.233211913765519
6676,7.25307661946643
6677,8.877486613509571
6678,7.223612727586235
6679,7.14051734792106
6680,6.927501770821909
6681,5.180742248061042
6682,6.7798441519182875
6683,7.002442998482923
6684,5.651723022642847
6685,5.711432860177132
6686,6.487632782218984
6687,7.246429556974248
6688,6.110280280274069
6689,7.066776693769272
6690,6.6712583148051285
6691,6.267820001169477
6692,9.069543508743605
6693,3.9992292137803096
6694,7.524355381315586
6695,6.811109131590886
6696,4.291780182944143
6697,5.6048938619584465
6698,5.888787107376814
6699,4.538275720648044
6700,3.805086989698754
6701,4.133282271992907
6702,8.863422058498635
6703,7.711653816280154
6704,6.732445159711645
6705,7.1746635746844145
6706,9.454071124173083
6707,3.938909397215373
6708,7.914236204091969
6709,3.3742814469485514
6710,6.879326051430332
6711,8.152358421626479
6712,7.657715236414964
6713,5.101928753623878
6714,5.829351457904062
6715,4.491621897838365
6716,6.954568358251493
6717,5.3895163203714
6718,3.56119579571781
6719,6.582192061069398
6720,6.119117568158408
6721,3.7474770990302724
6722,4.6098160549423675
6723,8.663489329872245
6724,8.535095059657754
6725,5.983533226817485
6726,1.8485023025221543
6727,7.486148099596968
6728,3.0664650832382843
6729,5.428225939560377
6730,9.202516567661979
6731,3.8735198556449273
6732,4.501792879703378
6733,7.184804817690068
6734,7.985679428202914
6735,3.493273560446291
6736,7.600061746833454
6737,4.94734678230143
6738,5.955364967640946
6739,6.288967103312176
6740,7.10810751244863
6741,7.304503091887724
6742,8.951055993286966
6743,5.572109749023473
6744,9.00228098068077
6745,1.4182535830955545
6746,6.017317453544818
6747,7.9912250482775535
6748,4.111207126599573
6749,8.688068574866083
6750,4.968574335377012
6751,5.538330350784614
6752,9.037881798351512
6753,7.058906296565177
6754,7.1842696419906265
6755,7.333547320932239
6756,5.171629317836567
6757,5.052868495016846
6758,5.272750835129662
6759,2.296514676029588
6760,7.237409608381617
6761,5.204158702210227
6762,5.7271911952181584
6763,7.208312320515335
6764,3.868429485554615
6765,4.170730239209064
6766,2.724876999356415
6767,8.148014859272191
6768,6.5636735280855145
6769,5.582848164515902
6770,5.790897014993642
6771,4.180803675538119
6772,7.986301787671481
6773,1.294344706988905
6774,4.764108957498547
6775,6.919711019478299
6776,2.9648381135826316
6777,6.802834466677479
6778,7.144508523548333
6779,5.603854375881503
6780,6.619119391439792
6781,5.605145344426091
6782,6.963526912600389
6783,5.956537290112131
6784,4.800749977669988
6785,6.344160983316701
6786,6.199782283461241
6787,6.531928423695005
6788,5.684299001040411
6789,2.632763226028122
6790,5.047945023991081
6791,3.8144639753609604
6792,6.808974007626363
6793,6.074385561786201
6794,6.469527459566942
6795,4.7275636193368875
6796,8.23838106841995
6797,5.637050855740159
6798,4.2554457799634955
6799,9.007860396591532
6800,8.259519754699708
6801,6.071104233245084
6802,6.181172825915129
6803,8.468845956248469
6804,5.594889480561775
6805,4.97508070958688
6806,2.9281715657524363
6807,3.1733970809104153
6808,5.124918873153498
6809,7.150865817615763
6810,4.61628683944491
6811,4.672356565098072
6812,6.093928249495897
6813,8.90467923320395
6814,6.406128019143123
6815,2.738256276014138
6816,9.432812267153055
6817,3.918699982997577
6818,7.203617984676929
6819,6.215682976120264
6820,6.350094370188908
6821,3.1281343667108743
6822,1.6715919912361443
6823,6.924980205458672
6824,3.5462104261976473
6825,6.143143556626595
6826,7.3596733271223975
6827,9.401840479610467
6828,5.5139589618824605
6829,4.422451176981068
6830,6.1200758100276955
6831,8.384737129032905
6832,2.4023935365250586
6833,7.614200212089355
6834,4.793570745833724
6835,7.175796823956121
6836,7.311432925866782
6837,9.960896855306629
6838,4.116865802368199
6839,7.7396481826148475
6840,4.910253990550055
6841,5.95873176495577
6842,7.6261016192178275
6843,1.879198019638831
6844,5.472008814681756
6845,7.8670789896022875
6846,6.438392819717278
6847,5.101974364117509
6848,6.700190862831297
6849,4.2515363248221565
6850,5.23194689780217
6851,3.2917927603623838
6852,5.485486418935206
6853,5.5003826857694404
6854,8.879299053023619
6855,5.513602538437694
6856,2.489422675001325
6857,8.864250286917722
6858,6.851263754281248
6859,7.758406117329639
6860,4.176806482269907
6861,4.286574574664009
6862,7.745435199963928
6863,4.510297912335381
6864,3.787894206472307
6865,6.800407076184448
6866,3.4030682702524877
6867,8.886474443446287
6868,4.694000073696755
6869,7.6391076993804985
6870,5.132512848061265
6871,6.2436842852134475
6872,5.161065353980148
6873,3.349925893426972
6874,8.762488094513252
6875,4.604361633315846
6876,6.729208291510659
6877,6.558204958001375
6878,4.534744086911757
6879,4.3029963736657315
6880,7.54825289732954
6881,5.439058808417613
6882,5.93672692758946
6883,5.934173058221833
6884,8.618271058359513
6885,7.977524174389939
6886,3.9639753274423697
6887,5.305344816589259
6888,5.030481759224747
6889,8.053557335506254
6890,3.736851841638348
6891,6.571595854284324
6892,7.68371652725703
6893,5.452202233216511
6894,8.51506191544768
6895,7.692045169735392
6896,5.447995778048336
6897,4.0049729016113655
6898,8.32719852712332
6899,7.03612178567403
6900,4.326818406764931
6901,9.84438327163882
6902,8.404041453572
6903,6.776492289937519
6904,5.185313764017061
6905,5.897887159634315
6906,5.901227543122971
6907,4.380566205285034
6908,7.773223902215828
6909,8.265255920543286
6910,4.281620555268112
6911,4.813080289404473
6912,2.668758158988087
6913,7.149233771015359
6914,6.705285847797753
6915,7.123166183515481
6916,5.541724288820797
6917,5.904213818205127
6918,7.331942707398213
6919,6.058451977697798
6920,2.0393650162080186
6921,5.2042182792790825
6922,8.565430489219562
6923,7.7258857802085625
6924,7.453227864794992
6925,6.289820184319639
6926,2.7400157014092272
6927,6.195558415561859
6928,7.735440679912022
6929,7.4156517270153754
6930,9.168795206351337
6931,5.3417551162811705
6932,7.232121989150371
6933,6.207210034277379
6934,6.313402352497566
6935,9.595650001552306
6936,3.169579593549847
6937,8.78958262116237
6938,8.034966217543584
6939,8.228787337682943
6940,2.67705660380197
6941,6.431372332169831
6942,4.118945923064793
6943,3.9092805048400194
6944,5.06837820817204
6945,4.467983898265496
6946,7.141793901749201
6947,4.715230888126112
6948,4.5320164842714465
6949,3.0346833906091284
6950,4.929878490722575
6951,4.567057522356185
6952,6.187676514880089
6953,2.538574711128884
6954,3.6657936952207733
6955,7.022081344240331
6956,6.700578149354682
6957,7.364096605774497
6958,5.835712988862811
6959,4.007937548092516
6960,4.326773910762425
6961,5.718190793491088
6962,8.092716701743369
6963,7.466146535477454
6964,3.76192092327122
6965,10.0
6966,5.001943574126819
6967,5.502194763212735
6968,2.7668662381896363
6969,5.613938963981439
6970,7.257437201781239
6971,7.161721405437293
6972,4.11880920432437
6973,3.430712030199334
6974,4.338425938942015
6975,6.116156301551727
6976,5.894435516702372
6977,6.171602179066089
6978,7.606847912269972
6979,7.893778570564392
6980,4.229909091482253
6981,3.2626887046358792
6982,4.483798636230052
6983,5.353556447091188
6984,6.453206165653537
6985,7.9270100207909096
6986,3.7974137040624205
6987,2.949743224149075
6988,8.995340590371853
6989,5.462328314248441
6990,3.6113342092651024
6991,3.2128908277778327
6992,6.855374209009043
6993,4.37106424678236
6994,5.985437931152117
6995,5.138894965070976
6996,3.1783530042748946
6997,3.607178070772407
6998,6.867953401461366
6999,8.017868049986681
7000,4.389059975512279
7001,8.06579383435793
7002,6.798523273848091
7003,4.334547280123017
7004,7.8247371014901965
7005,5.915724331199867
7006,7.481944036610362
7007,6.311682705671541
7008,8.260290933795055
7009,6.883263736455252
7010,6.356976828757019
7011,2.9164465478876567
7012,7.147297692861516
7013,9.381858884024513
7014,3.3155437833130277
7015,4.613261010150558
7016,6.402644078103197
7017,2.75747950261316
7018,7.4730856087421955
7019,5.6200166890260395
7020,9.263086001443993
7021,4.056875462227947
7022,3.007266868440602
7023,6.320881753620937
7024,4.958687040745452
7025,2.972771691252078
7026,5.04578363113498
7027,8.208799320589272
7028,4.3165942113644
7029,7.675529613537471
7030,7.7590884574938475
7031,8.795504603447313
7032,4.169196372183257
7033,6.658074617923784
7034,7.230946945346599
7035,6.073805712412099
7036,7.525626422779836
7037,7.527939192465107
7038,8.040238136194176
7039,5.985550581562151
7040,8.867621946103414
7041,8.66568981353022
7042,4.79548952223943
7043,2.9440496725889727
7044,6.135824160259256
7045,4.640615392889207
7046,9.208894025260184
7047,3.333495389676068
7048,5.055627467450724
7049,8.017907017530474
7050,8.919106398832833
7051,5.764660473997303
7052,7.127091551508996
7053,4.519329701528407
7054,5.111544568328987
7055,6.265488926018622
7056,4.335620661624403
7057,5.168115251225215
7058,7.057488791442823
7059,8.049167449265651
7060,5.525925995736224
7061,3.493176318993251
7062,6.085249910453959
7063,7.938574954523889
7064,4.302361722345479
7065,7.187395274937764
7066,1.3952415494314723
7067,4.2888817440592035
7068,7.2231959494096625
7069,3.8311130058824694
7070,2.739536131194682
7071,8.330916761422202
7072,7.419957369585903
7073,5.110529503806882
7074,5.011811760270719
7075,8.674532990585924
7076,9.48884420730137
7077,8.325380707752371
7078,6.357153830964954
7079,8.338197198180476
7080,5.053656864442611
7081,6.471691688930868
7082,7.541902267158352
7083,4.262405260206804
7084,7.0505103106144285
7085,3.42302210238473
7086,7.8874239303003355
7087,6.431664445842531
7088,4.163111117627607
7089,6.744405092197301
7090,9.55596406402814
7091,6.235257284609386
7092,4.758755748900358
7093,5.003870418066795
7094,9.039656939922688
7095,4.293478282062918
7096,4.623493307016848
7097,8.178125962214347
7098,4.690646241527937
7099,7.642880119861498
7100,7.073756127290257
7101,6.105384479350147
7102,8.102553456500925
7103,6.9810196994978915
7104,7.725591011985148
7105,6.1170236693342845
7106,3.1846991957907753
7107,4.809817918610403
7108,7.280434992491857
7109,6.540688576829045
7110,4.05882548186845
7111,5.57196075203629
7112,4.095755702355007
7113,6.540366575701093
7114,5.863296158149068
7115,8.318625776196932
7116,8.633270148306732
7117,4.976387073348645
7118,6.162651442159046
7119,7.812814198730798
7120,4.764503081602699
7121,5.343264664642955
7122,4.81778081020483
7123,4.732155180205715
7124,3.7800371579018823
7125,5.283447723576997
7126,7.772563703468135
7127,5.281839765943167
7128,7.090654845249128
7129,6.5858222807812306
7130,7.271111308774875
7131,7.121979238029877
7132,6.4606708274430265
7133,7.354898450275169
7134,7.36086313157835
7135,6.521438797434233
7136,4.362046295245297
7137,6.0874318538365895
7138,4.982666735824743
7139,4.428415086519613
7140,4.0244660064920525
7141,9.605804189266747
7142,5.360111706391398
7143,5.245914706138091
7144,3.1779058723606766
7145,5.418133787502599
7146,4.801258508222963
7147,8.010755722002061
7148,5.52441034272769
7149,7.289048867133623
7150,5.714402236049217
7151,7.828699970772686
7152,6.359955366825048
7153,1.7446205856454937
7154,9.157949167880801
7155,6.82155980284787
7156,2.0264630772849888
7157,4.794127635312615
7158,4.14750278525663
7159,5.584654520604028
7160,5.265782219130941
7161,6.73146368894037
7162,6.136461253654746
7163,6.402250241520279
7164,8.492103293121387
7165,8.60862746492104
7166,3.432111009659649
7167,6.384439525496514
7168,4.382459266840412
7169,5.444755990081
7170,6.548802255948205
7171,4.498367190850945
7172,6.247065771574425
7173,7.8035927216384495
7174,9.043001079194338
7175,4.232553703175829
7176,7.41964462125633
7177,3.719913839610842
7178,8.345622657387032
7179,6.5295254230434505
7180,4.79883204265354
7181,6.484156370827439
7182,5.81658896525812
7183,7.595243609605831
7184,2.0945451480112243
7185,6.2848172690079345
7186,7.2982288656411765
7187,5.2082566666457275
7188,2.655684662998174
7189,5.87790900780005
7190,5.208693100401967
7191,2.9642904380259028
7192,8.544750199905897
7193,8.281272604870866
7194,3.499388995806475
7195,7.396452433909726
7196,5.91583563749665
7197,6.907168275181976
7198,5.9878297562481535
7199,7.815511009598226
7200,7.337857704497609
7201,5.5275915222927985
7202,6.435969144979568
7203,6.089724234176541
7204,6.144859030820769
7205,3.1117944214828333
7206,6.772136567097736
7207,5.796164134491164
7208,6.361507599893575
7209,5.984866542230771
7210,6.902491083960676
7211,5.74975526975906
7212,5.344723799175063
7213,5.675746635454179
7214,5.948629574953386
7215,5.180050860715544
7216,4.232534401285513
7217,7.248996972557841
7218,5.673782939840854
7219,7.940900061623683
7220,3.988801606066465
7221,7.357428957089265
7222,4.505883469229101
7223,6.778475819547234
7224,5.967063221524814
7225,7.1418007371100725
7226,6.6563968799636095
7227,6.023433986255935
7228,3.737838073427573
7229,8.433266399408017
7230,6.3331792059932654
7231,3.0265397757788883
7232,7.437501057742573
7233,8.297848953512437
7234,2.6889353444176587
7235,5.344875332516432
7236,8.022415111835429
7237,5.982627502415303
7238,8.623463476969876
7239,5.835123170678514
7240,3.564104031267174
7241,3.9686205670962185
7242,8.34956156001921
7243,9.039898437413584
7244,3.1832842191120156
7245,3.9410300945749466
7246,3.505204683445948
7247,4.145288432420135
7248,3.7598121168293246
7249,5.793003346227508
7250,7.307958691937802
7251,6.088812379633413
7252,5.2248960178012585
7253,7.46672541889051
7254,7.804038323140929
7255,4.118232496526123
7256,6.933662008781751
7257,4.430746623251593
7258,2.9973067817179597
7259,5.888182372659333
7260,9.560414572649945
7261,5.667419676438348
7262,5.762895661084534
7263,4.643859755873077
7264,2.9533433988244826
7265,7.84897469194097
7266,4.3658017290299584
7267,2.8509022739916356
7268,6.251246889080561
7269,4.873909374978953
7270,7.032848168283258
7271,4.014491186401585
7272,7.276172485682506
7273,6.6382900071549535
7274,5.1524265190209135
7275,6.687948247017303
7276,5.975406916451085
7277,5.3008477661706745
7278,5.965568961784741
7279,6.378722556348124
7280,6.4573756258379955
7281,8.821388236576013
7282,6.009507284622899
7283,5.445094140605058
7284,8.59381888210515
7285,7.4518248537095575
7286,2.8696410915621224
7287,4.804286319837847
7288,5.906307541048369
7289,5.081583308718668
7290,6.742528981767997
7291,3.5824066799632797
7292,5.5209292048010505
7293,4.460809283438093
7294,5.133773542208726
7295,9.609893734919693
7296,8.058496393644697
7297,6.785663517336355
7298,5.503134632311098
7299,7.323371972462979
7300,4.44261613827661
7301,6.935115846456469
7302,5.409336660775631
7303,5.027936379582875
7304,8.396125877199196
7305,5.680958095819597
7306,5.209090983497352
7307,7.012003815530294
7308,4.82054311765529
7309,7.877643472710464
7310,1.8520522111911295
7311,7.1144584000038495
7312,7.700963034851923
7313,6.47006462163984
7314,5.6668157227121885
7315,5.739763389007455
7316,4.432806429847319
7317,7.627353662030692
7318,2.6273400948859584
7319,7.200205645618273
7320,3.880822243534717
7321,4.551001295710411
7322,5.652820878851
7323,5.964305403539579
7324,4.795028075141047
7325,6.509671634229904
7326,5.919734917135711
7327,4.10048014847572
7328,7.065886161746604
7329,3.350950487525437
7330,8.16644913048515
7331,3.953442325559759
7332,7.4634233007752355
7333,7.772835954329091
7334,5.8250070853227465
7335,6.024819052485303
7336,6.035339385370447
7337,4.139790156283966
7338,4.517286672698051
7339,4.896996353326544
7340,5.588263236244404
7341,4.401594906140112
7342,4.741430585663453
7343,7.818136869937161
7344,6.062607336336219
7345,3.301232986278835
7346,7.451010738435803
7347,8.110706096493775
7348,7.2947202466578585
7349,6.434676665659071
7350,4.607185148003799
7351,5.39043678487797
7352,6.258325934420776
7353,5.314964034621152
7354,6.987566198552658
7355,7.759710605717026
7356,5.288747291964215
7357,8.831846033359229
7358,6.650686119826384
7359,5.955416804641867
7360,8.084794552142526
7361,9.128554353517334
7362,7.295606637792062
7363,3.5167186398183765
7364,6.530210776163702
7365,6.391076349884768
7366,6.227821509059872
7367,6.000353894804137
7368,3.6949309622637654
7369,8.372042683807248
7370,6.263306057256649
7371,8.884221291788819
7372,6.332281821790377
7373,8.553836951527265
7374,6.513141004125102
7375,3.9665963265844413
7376,5.249766241194375
7377,5.583541549668768
7378,2.822691942212337
7379,9.328293842163758
7380,6.837599014763784
7381,6.091621559367664
7382,7.945734886999459
7383,3.290718723499208
7384,8.125357968399173
7385,4.830416909700981
7386,6.054879387112807
7387,6.438565403591955
7388,5.652804484286261
7389,4.801655088603958
7390,6.379229914477296
7391,7.117855795764705
7392,5.974121366160173
7393,9.38247117800439
7394,7.6106272157207675
7395,3.2319994063748045
7396,5.927099168110233
7397,7.8498466231060595
7398,2.06063278461596
7399,4.422535618391783
7400,7.997200845905519
7401,4.1780452726761865
7402,3.1896755599636393
7403,9.424752222541667
7404,6.237860007880729
7405,5.109869260933903
7406,7.638173530577978
7407,7.673383240258406
7408,7.586990571085636
7409,8.388876497528559
7410,7.40429488543842
7411,8.000948717471502
7412,3.3332275519728998
7413,4.896793668824404
7414,4.744724127457266
7415,6.136116721891924
7416,5.598371110038083
7417,7.010305301337909
7418,4.015418962207015
7419,6.35091584920932
7420,5.231667214068432
7421,3.525944235387644
7422,5.881227447057423
7423,8.45697049618168
7424,9.490951647092976
7425,3.0413402532823355
7426,5.189105579442734
7427,5.643725112394553
7428,3.9469688781051193
7429,3.6532837435145664
7430,2.1179524357879624
7431,6.014206418337496
7432,6.473071660668267
7433,5.152325982954862
7434,4.329365988930418
7435,4.982840015515974
7436,7.6371246949631875
7437,8.927457321462313
7438,4.836488064334036
7439,6.05815551927096
7440,8.22172578742222
7441,6.356936979902098
7442,4.02443186285456
7443,8.596964753316577
7444,6.043540586678604
7445,7.762519550311845
7446,4.143039507830897
7447,8.145485978641013
7448,5.052923285486683
7449,5.390475075510729
7450,8.639159085601953
7451,6.225832682082732
7452,6.246900443583892
7453,4.215322546048748
7454,6.667580332792941
7455,4.036655121179313
7456,6.764717431624065
7457,7.130533487834413
7458,5.576145516029353
7459,3.665202427144728
7460,7.611502364299178
7461,8.155846365996581
7462,3.2274510972604533
7463,7.9108561637162
7464,6.036001593697175
7465,8.629310429356355
7466,6.809919256371758
7467,8.95457955942854
7468,6.658725631000343
7469,4.154608602047649
7470,6.393020313864636
7471,6.262428696412407
7472,3.4030632943929957
7473,6.0094563976756445
7474,5.205473357766234
7475,3.1467522134663297
7476,4.80224564493523
7477,2.2848031649651497
7478,6.466909627641066
7479,4.912689089697085
7480,8.972981553415856
7481,6.7955899025700806
7482,4.574597898147482
7483,7.633369334773884
7484,8.113785868951814
7485,4.9894815804496755
7486,8.742787875933281
7487,4.841079272833509
7488,5.372777091081674
7489,5.3462270257489735
7490,5.391172882272816
7491,4.22408622606
7492,4.575002608889378
7493,8.465289141144456
7494,6.136078646299496
7495,6.955883055805931
7496,7.1566355539456925
7497,6.5144118467491925
7498,6.450408711211099
7499,9.375358959027853
7500,5.538400603906098
7501,6.206596775429213
7502,8.149197748172906
7503,4.589824403354713
7504,7.148891388781164
7505,6.07504402099089
7506,6.310953906315346
7507,8.657434466405869
7508,5.2426626205872555
7509,0.9147358252262232
7510,8.96473036386112
7511,5.241886504387131
7512,5.439776450301812
7513,5.634690511197973
7514,8.05039065205018
7515,4.681037502343242
7516,7.337684868501459
7517,2.6587079764724995
7518,5.38469443135433
7519,2.8331761105416087
7520,4.549626293748657
7521,9.241236661282006
7522,5.609087370921727
7523,3.4162618788640775
7524,8.100796714318683
7525,6.348563956665204
7526,7.517881085588669
7527,5.879602528228872
7528,3.4208946473350164
7529,7.454148295791992
7530,5.650598611577436
7531,5.555144499504527
7532,9.461605915260538
7533,6.841524755298508
7534,6.818989271831241
7535,5.359628961966779
7536,7.762901060532122
7537,7.761544934897241
7538,6.502644945111649
7539,5.982260592575351
7540,6.0504756417438825
7541,3.9522595159673846
7542,7.767996864268905
7543,5.373679631999684
7544,2.52429164651071
7545,5.033388904671763
7546,5.429138039515944
7547,4.283161900518575
7548,7.273388455653586
7549,7.99174683238355
7550,4.8056550797172
7551,8.031907980523519
7552,6.15077277329949
7553,6.654921835085754
7554,8.944392687806127
7555,6.6889214765693765
7556,6.179525468731853
7557,7.956063374048539
7558,4.312392721197419
7559,2.88310466310668
7560,2.5399724988224905
7561,6.135542818770648
7562,4.6771342690934326
7563,7.507975703426036
7564,6.610001921467508
7565,8.575146452576293
7566,5.3833638615954875
7567,7.016945912720358
7568,7.494622399167579
7569,5.86816873353248
7570,3.19756575458687
7571,6.576248474996554
7572,7.306215682361095
7573,9.765175426461981
7574,5.700851943764286
7575,7.5171717946242484
7576,5.1278827596458445
7577,6.947366568541083
7578,6.097568683816265
7579,7.859136761772392
7580,4.029888248299597
7581,6.971919613025483
7582,1.9934483766018245
7583,5.950634643967769
7584,4.233585727999756
7585,6.354065710589122
7586,3.8874686596622743
7587,6.268682020050675
7588,4.501520741850178
7589,8.210812588768501
7590,2.037318248972154
7591,3.341572183885065
7592,6.116122909190247
7593,6.712542895560866
7594,3.7284417628468556
7595,6.5283439157263015
7596,3.3460096432972635
7597,6.516485548188516
7598,6.058651476697991
7599,4.106862009580348
7600,7.4696763109660225
7601,8.90944097260722
7602,1.0622803757292711
7603,3.914771299595646
7604,3.64246274552792
7605,5.428224683769319
7606,6.317670522523301
7607,8.276397640396668
7608,8.828094196368083
7609,7.802798361405835
7610,4.836593912886912
7611,5.173145274064376
7612,6.639767468598347
7613,7.886097702117207
7614,7.014603524835612
7615,8.000340216586265
7616,6.366069254076926
7617,7.218978758563742
7618,5.730645980255719
7619,3.534280636001365
7620,3.8691676676000384
7621,8.08461409344104
7622,3.8278544101708007
7623,7.443714028081977
7624,6.726770441560581
7625,5.530456570481871
7626,1.2014036122942207
7627,5.5105756172238385
7628,5.650769088055345
7629,4.035799444850023
7630,2.978076501780305
7631,6.316340974941189
7632,8.32028702822183
7633,6.919412037107067
7634,1.5652799371103618
7635,4.840928941435584
7636,7.739132000608964
7637,2.348108589629687
7638,6.752066126153622
7639,7.60028013226507
7640,8.377351604138548
7641,6.638694028026953
7642,8.933120635877486
7643,5.667669664487718
7644,5.732145428379612
7645,6.6338507600012
7646,5.295363804133742
7647,4.58711244563065
7648,3.3283552837857386
7649,3.865644042294118
7650,6.697656783372832
7651,5.521968417816537
7652,5.8672360513013855
7653,3.041036756806973
7654,6.111419408681761
7655,7.475158573544107
7656,9.573347783202646
7657,7.189091062818541
7658,4.659914488743776
7659,1.20257814469346
7660,3.897565103442621
7661,4.137423682885668
7662,6.883331331326434
7663,2.7048010595876457
7664,7.677441042460847
7665,6.43293186574914
7666,5.944882695939299
7667,5.140907131523153
7668,4.83094530446137
7669,6.854626754245264
7670,8.7377453750647
7671,5.822011443105283
7672,6.077918229514924
7673,4.8914969464778
7674,5.022327664687429
7675,8.973717496997178
7676,3.272593424922441
7677,5.195471024200439
7678,8.736025853773182
7679,8.007516754910293
7680,7.684567048776603
7681,5.568824873007888
7682,4.064873579274339
7683,5.495235905708087
7684,4.969349722021429
7685,9.607193068847197
7686,6.479192569947542
7687,8.796756577110843
7688,4.07952034763088
7689,2.9740655043955764
7690,6.621374627827241
7691,3.556084338264548
7692,8.671490243568108
7693,7.828126145541385
7694,5.064063543523238
7695,4.783018329867273
7696,8.677195233726072
7697,3.496143563742133
7698,5.029254501474781
7699,6.877690117315956
7700,7.269162535462598
7701,5.050178898939063
7702,3.436035912436312
7703,5.455991311831186
7704,5.035576963517535
7705,4.1252889832143165
7706,2.228055924892876
7707,6.992927970794336
7708,6.334647337583933
7709,7.598699761802105
7710,7.047260737786002
7711,7.872254804962123
7712,8.109725329095692
7713,5.041077095681596
7714,9.479408462027042
7715,5.6269479093658505
7716,6.7864428735634394
7717,7.0797825549553455
7718,8.063786367670705
7719,6.431103049050294
7720,8.849958036305985
7721,3.4858286399274085
7722,3.7101343292212494
7723,3.7636405810669604
7724,6.251967908382194
7725,5.550726065452621
7726,5.0198081482018795
7727,6.97621718594201
7728,5.805723320156645
7729,2.87338294204496
7730,6.049907254797524
7731,3.463706209035826
7732,7.620693754040112
7733,5.742304537753095
7734,5.716584113927098
7735,8.510313589747813
7736,6.920677156825843
7737,5.266247118256613
7738,6.376778067216607
7739,4.300265526826288
7740,6.5953746279420615
7741,5.634281794537729
7742,4.82554527020946
7743,5.198320588484822
7744,3.3464013776575907
7745,9.419574347437065
7746,6.217360279946968
7747,6.174163987475916
7748,6.056169776079412
7749,6.596232410039002
7750,3.972917212840188
7751,6.741958038871787
7752,8.112199052657564
7753,5.718436359128667
7754,4.929440263294228
7755,8.612222495480962
7756,8.228578798456025
7757,7.628499829945524
7758,6.4194370255576985
7759,8.89650942200627
7760,7.00865028874892
7761,7.604689641588768
7762,5.137284874377567
7763,6.261658142015812
7764,7.23855821485162
7765,4.987428148279073
7766,6.7302542147292606
7767,4.605121484613516
7768,4.94403267672227
7769,3.591740123705493
7770,8.92073892763022
7771,2.680116709230121
7772,5.499607491894748
7773,4.864969201048962
7774,5.115268832025455
7775,7.542172863388656
7776,6.224323695817153
7777,7.213511718197211
7778,8.111019824543133
7779,4.635353727984545
7780,6.58727635372498
7781,5.489106633004008
7782,2.6136904832824417
7783,6.312907892920062
7784,8.41289699945871
7785,2.4077145389603136
7786,1.9931431904205348
7787,3.0167487135931976
7788,8.588481704108787
7789,1.6812005114449633
7790,6.533844982430674
7791,3.9850868250651197
7792,7.469356222831585
7793,8.087441637626572
7794,6.277852591645033
7795,6.92075362588469
7796,6.788303390937773
7797,6.119347005825908
7798,7.982397049903699
7799,4.871936824207556
7800,3.784975747633245
7801,3.0521818627218895
7802,3.066165870777515
7803,4.706894534275415
7804,5.25790824197192
7805,7.633432249861284
7806,7.490666938816084
7807,4.670189970960484
7808,6.222606233079879
7809,7.845683783596987
7810,5.64029747799651
7811,4.608969323087637
7812,5.189970707677685
7813,6.451635875192352
7814,3.922303754851578
7815,4.215584263337069
7816,6.935495570374324
7817,3.4014577848885907
7818,3.412357514216276
7819,6.2674704763600655
7820,5.585508113344367
7821,6.833220164465148
7822,6.688819181109054
7823,7.476454974683572
7824,6.5712663720496325
7825,6.143541041672206
7826,5.788422071365838
7827,4.202866100275681
7828,7.852373911306361
7829,7.484632088579978
7830,7.005804097108321
7831,7.309184281357173
7832,2.7997386997654474
7833,7.7834356203199775
7834,7.931560468963294
7835,3.8219384671716607
7836,7.523349257695074
7837,5.761795292633323
7838,5.27132912046139
7839,5.167990218949337
7840,8.586580605897707
7841,8.343648213930807
7842,7.823029049886329
7843,7.374195584369604
7844,5.072995399844462
7845,5.722182299952051
7846,5.688756647041506
7847,9.032093363098502
7848,4.349700490882606
7849,2.4892006413731447
7850,4.029040176305786
7851,4.258044255920337
7852,7.795837222985039
7853,5.627182074822614
7854,4.3968763842121
7855,8.27970606003483
7856,6.582724345804872
7857,9.651375721333961
7858,7.081721765311008
7859,9.82019848403587
7860,6.818854215242082
7861,9.697325592066798
7862,5.0325583144473836
7863,5.304569819262933
7864,7.665318303856472
7865,9.182795950670656
7866,6.655588559847226
7867,9.704881159052434
7868,4.796072966790509
7869,7.5364033734330675
7870,8.691229962714182
7871,2.0824083659998154
7872,6.269108486209948
7873,8.243940858080515
7874,7.029004812000471
7875,3.9180074633240354
7876,3.976740938122696
7877,5.624006471005744
7878,4.568258449011137
7879,2.1969629205472323
7880,4.130764020215304
7881,5.7564432266784165
7882,7.768371398353198
7883,4.646035118157296
7884,3.984449136688962
7885,6.945045971223447
7886,4.762290721139536
7887,6.3681752578790505
7888,7.4510513859703895
7889,8.538268957059534
7890,4.024125074873859
7891,6.137662148783141
7892,6.390576037500967
7893,2.5025991673962937
7894,7.336238450741018
7895,3.7101052309377343
7896,3.714199789489075
7897,8.441463636424855
7898,3.28313136345432
7899,7.511800797656513
7900,4.010306986689447
7901,7.320145978412125
7902,4.115146646808215
7903,4.492077002415627
7904,6.245933324397566
7905,5.045530461310141
7906,8.004583444392676
7907,3.934284966726313
7908,7.594245783873844
7909,7.97020530002548
7910,7.1949096878934045
7911,7.1381053520413476
7912,6.133696822957496
7913,4.291153714641043
7914,3.8749646611872492
7915,5.216026137127457
7916,6.710334362211221
7917,6.828178977327488
7918,4.465375180949388
7919,7.487248573257282
7920,9.33001717597097
7921,6.254169739038019
7922,4.934999235022481
7923,6.5046839566971375
7924,8.255557800750292
7925,4.257938435566016
7926,6.259583581588697
7927,5.516644374333368
7928,4.674806846907665
7929,8.670983640772038
7930,8.180528397016941
7931,7.560527559156341
7932,5.4819577343503365
7933,5.400370339207449
7934,7.95495790319847
7935,8.344840549021615
7936,5.472728416803524
7937,3.4414213495650827
7938,6.1168766849693785
7939,8.18158091856398
7940,3.6290511883964776
7941,3.7866390427286833
7942,4.106375559301233
7943,6.1791269659589165
7944,6.123494287408162
7945,5.621098382534046
7946,4.58363556913858
7947,5.178133640108526
7948,7.448801446584869
7949,5.717276912590813
7950,6.679321613878895
7951,6.721208070012384
7952,7.697145304520256
7953,5.922497719717842
7954,3.6908360827519746
7955,5.30612826590336
7956,6.668319683503993
7957,3.0441765368636036
7958,3.179503534397859
7959,4.770830504190005
7960,6.338980920875917
7961,5.678040618281885
7962,7.048176888036955
7963,7.034603822931663
7964,6.190445880688052
7965,6.2216222135658565
7966,7.314474055385361
7967,4.519390897872356
7968,6.418419895882007
7969,7.42726055069913
7970,7.357701703013153
7971,6.442411900368598
7972,5.649773864957813
7973,7.799977824151847
7974,5.9654833651670325
7975,7.079008081427477
7976,6.431864618526752
7977,8.10360318219247
7978,0.7855963944571586
7979,5.681532726822164
7980,7.653965545006552
7981,6.3386524583408255
7982,3.3718096488694353
7983,5.5518752853200715
7984,5.782379258907252
7985,5.43920847693934
7986,6.89954007388792
7987,4.238654873829823
7988,9.796311942379905
7989,7.369959159421304
7990,7.9067963471119524
7991,0.7286724880526984
7992,2.924183296744915
7993,6.702156295040251
7994,4.258281517729197
7995,2.976735412836253
7996,5.904391084725262
7997,8.022330347422383
7998,2.111315394180287
7999,6.678783225259767
8000,5.551808845976891
8001,6.94271543227045
8002,3.4295487530984263
8003,8.234745880969754
8004,4.737455222186577
8005,7.865413122851333
8006,6.253477892345945
8007,8.783435760924052
8008,5.549467164382206
8009,5.615380940066466
8010,6.458642761012813
8011,4.802540589647903
8012,6.560834804634306
8013,2.2896018960837967
8014,5.3512147174426845
8015,5.226193839892204
8016,6.232788900508961
8017,3.950249128096948
8018,4.5632201810841115
8019,5.871692243063952
8020,4.3339521573546405
8021,2.824553259929148
8022,5.513666757667356
8023,2.699379055748072
8024,5.825058233458485
8025,6.431331051528863
8026,8.773461653855707
8027,8.844953997002463
8028,5.552995068986531
8029,6.620085209959033
8030,3.1657546705651
8031,4.71719962312343
8032,4.422709049854452
8033,8.750895903329514
8034,4.281462703936334
8035,5.155414049788696
8036,2.2393707573997097
8037,5.272593725967505
8038,6.884201804895409
8039,7.674358570565204
8040,6.271318354325869
8041,6.155810483246998
8042,8.06081659433336
8043,3.2660224770134243
8044,5.838931486018978
8045,5.930805902800538
8046,7.849189349012776
8047,3.5677168139998723
8048,7.377250070073251
8049,3.403019791551636
8050,7.330089839897009
8051,6.808176128499096
8052,9.081048070214791
8053,9.965611021552013
8054,6.875635278687975
8055,7.751762953965354
8056,5.369567614523617
8057,6.950251573838537
8058,2.5855813412836133
8059,8.103789894180823
8060,5.29555154470559
8061,9.062737963163777
8062,4.754206672592734
8063,8.158638656683623
8064,8.995915034512121
8065,6.473971057661039
8066,6.0579382814379805
8067,4.374862776070343
8068,3.031796436638777
8069,4.792520793847302
8070,5.079805907471415
8071,7.876549748328987
8072,5.363026614149238
8073,9.367894247377311
8074,7.772392006947076
8075,7.038806756169843
8076,4.8387901154552075
8077,3.841360906090335
8078,5.3857879278083685
8079,9.702184179698104
8080,8.686870245118973
8081,8.046917351072258
8082,2.6939330581596943
8083,6.371656368192287
8084,7.7978686058952436
8085,8.615788759779738
8086,5.923969588263402
8087,4.943438518011806
8088,7.329583533101995
8089,5.516134541224866
8090,5.043522583526966
8091,5.762516904712272
8092,4.540201278404749
8093,3.612212841571347
8094,5.851371786107843
8095,6.843811061480467
8096,2.8026741741271644
8097,9.110802853274746
8098,6.126035605360078
8099,7.043783300718452
8100,5.59025316150605
8101,8.02090496816363
8102,6.47871551672182
8103,8.827467140915495
8104,4.4464911872568
8105,4.776396806410454
8106,1.3496785161921399
8107,4.755061436787844
8108,5.396229153172387
8109,4.574832660899484
8110,5.093986781257117
8111,5.128944523441613
8112,8.518486553571819
8113,5.911105670445249
8114,2.8507571471155435
8115,5.901772523669666
8116,8.183762963761401
8117,6.542956705654581
8118,6.691145143748839
8119,5.708565493799944
8120,5.264961263270836
8121,2.630338169957133
8122,5.756071796773862
8123,5.69165813352776
8124,5.72933944870445
8125,7.162769231452572
8126,7.8210832925007026
8127,3.3499755970394047
8128,9.023582806096513
8129,9.262663950438625
8130,4.243389591339934
8131,7.4725977506125085
8132,8.903874409504786
8133,6.4175923645237924
8134,7.350841228793597
8135,4.124104539498128
8136,6.133199289911143
8137,4.799225568976802
8138,8.178374589951074
8139,7.5359923730115455
8140,2.8371095814342495
8141,2.574773669657639
8142,8.675655969334438
8143,2.8620371439449777
8144,6.010165108660108
8145,7.046761314030042
8146,4.4462931779728905
8147,9.375857166174294
8148,4.865574169022349
8149,4.9090163986337325
8150,8.701861551274273
8151,4.430871162745137
8152,4.038239299738703
8153,4.303682813861875
8154,4.606393353948874
8155,8.56697592875915
8156,4.5635333761379675
8157,4.343105449142432
8158,4.852664415297018
8159,8.729335929663916
8160,1.874736320616849
8161,6.451906972209631
8162,9.188076056551083
8163,6.413530121947304
8164,7.5016722256911095
8165,4.921840783119114
8166,4.925546909598911
8167,5.91121124456052
8168,4.43818652400944
8169,3.1819929846806057
8170,6.669354851963607
8171,6.2216759476319705
8172,7.5817943755496735
8173,4.546490543495818
8174,6.581293236497321
8175,5.357140126598155
8176,6.866966469237654
8177,5.604406658349199
8178,1.8920257490068209
8179,5.89510067123431
8180,5.054183352160026
8181,4.560685724109555
8182,6.896973345692463
8183,3.763650220682146
8184,7.901397303884182
8185,6.778920625390458
8186,7.610134152535783
8187,6.067606856319012
8188,8.277716580907729
8189,6.963923483600405
8190,8.633888744364643
8191,7.89288857145668
8192,8.789071134307832
8193,4.485810083744363
8194,7.0404509860335684
8195,7.057476033732847
8196,4.281035528830655
8197,3.477344432052076
8198,7.053611227857098
8199,0.44744591756359725
8200,5.245265422586135
8201,7.28757091973506
8202,4.103209111998821
8203,4.438998280573078
8204,5.621319152808571
8205,8.969238579761864
8206,4.623353311935428
8207,8.086699647501812
8208,4.292266890763261
8209,4.820760662869445
8210,5.249196998761308
8211,6.8393546512890575
8212,4.5693966293703046
8213,5.349068349177084
8214,6.235536824049689
8215,6.252373603311632
8216,2.8195370926358927
8217,5.745122119973507
8218,2.594369350446168
8219,7.029891361569102
8220,9.000665815456863
8221,4.28511255380734
8222,4.37801428576082
8223,7.9673601538943535
8224,3.866869023682404
8225,7.211628245521957
8226,7.070665128513856
8227,5.154192442272247
8228,5.086446469233945
8229,3.9504616922441413
8230,8.940162984288827
8231,7.506502093789679
8232,2.182941482994061
8233,5.20176563627121
8234,8.26244954389602
8235,5.169639422721994
8236,9.192676302244763
8237,6.738981942665619
8238,4.198303927434305
8239,9.886289209382944
8240,6.3207972966256
8241,4.883879401354496
8242,3.462649461796153
8243,6.800898276208111
8244,3.40966280969206
8245,5.623420808505935
8246,3.3547291503413765
8247,7.457164225132042
8248,3.6195006641840326
8249,4.670541017701827
8250,6.887879479478245
8251,6.3188252157514295
8252,6.228993276935975
8253,6.95729975979962
8254,4.878182585199919
8255,5.805554046155169
8256,5.1787093400760185
8257,1.9759932592176757
8258,4.572726663796124
8259,3.9976754220330974
8260,4.396898307604275
8261,3.6653748181788193
8262,7.086462444173652
8263,3.5284733432375877
8264,7.643327990855338
8265,4.82373971816446
8266,6.3564413560095145
8267,7.626246131537087
8268,6.211926124983688
8269,3.252339345941779
8270,4.665284567290603
8271,6.5242025030467135
8272,3.999822934847182
8273,7.9232717340987815
8274,7.371604848747274
8275,9.972850365946531
8276,4.841607510155922
8277,5.488227947348253
8278,4.222042834803073
8279,4.0351460192059285
8280,7.3909205772796565
8281,8.209372988757123
8282,6.91568398542014
8283,4.626793424983201
8284,3.674962367509474
8285,8.286029265984222
8286,7.741482181350838
8287,4.713533174215172
8288,7.936280737247102
8289,4.924552940179468
8290,6.334693140498452
8291,5.218726290873151
8292,8.791877749397084
8293,7.063991466649482
8294,6.152519757899061
8295,5.544387856191404
8296,2.8030302925433177
8297,7.483295402218392
8298,4.1682745479929295
8299,9.525155540414422
8300,1.389099343937337
8301,8.215442111795133
8302,4.258319210443352
8303,2.8607301494205815
8304,5.649799309276782
8305,4.539514385835805
8306,2.323576718084877
8307,7.61794055138203
8308,6.996059672611473
8309,5.932463010071663
8310,6.263677073133755
8311,7.419449498937109
8312,7.545390922703952
8313,5.371477074985028
8314,6.641403991460239
8315,2.7137212952410015
8316,7.0605909152372215
8317,6.717303090454563
8318,8.573712343236767
8319,4.119785038182867
8320,4.910033452998874
8321,5.3619444027187315
8322,7.4296081155506
8323,6.261400695483253
8324,4.208018037044164
8325,4.6416283042954625
8326,5.194466532635485
8327,7.934437278692058
8328,7.37116878227786
8329,7.795478791548183
8330,7.8285649188441075
8331,5.82443700106304
8332,3.104332582084554
8333,6.303292323665115
8334,4.407421898886465
8335,5.952286288821355
8336,7.059448093868809
8337,4.434265978319473
8338,2.2452524505873614
8339,7.9748567179637675
8340,5.203904958317232
8341,8.736147384005946
8342,1.8595772051577824
8343,8.610720723514824
8344,6.53189495736607
8345,7.371894347840171
8346,7.063301430668883
8347,7.052269417046732
8348,7.87561443277832
8349,5.002624006488543
8350,5.291969369338804
8351,6.5525536710624595
8352,8.202768601796965
8353,0.9884378612291433
8354,9.625707034727183
8355,5.710367946261223
8356,6.805977350513242
8357,1.7630127338111266
8358,7.055016396698923
8359,9.194576645865306
8360,4.596478241727684
8361,6.41859797335307
8362,9.839358749347248
8363,6.904104778550519
8364,4.7818623106735965
8365,7.846128877511698
8366,8.947941093082829
8367,3.373616000532635
8368,6.956009079962516
8369,5.6063641407147315
8370,3.076146390188349
8371,5.563129162205485
8372,6.1779572262518805
8373,5.170862430677681
8374,2.50565853428038
8375,7.330048122088429
8376,7.856122736604702
8377,8.23310172227638
8378,4.176141522768347
8379,6.516639950964043
8380,2.452225873342555
8381,1.8615413193514303
8382,5.469290694622606
8383,7.405172379176913
8384,7.966266197988596
8385,3.8421156235999616
8386,8.173093824377919
8387,5.109589399962028
8388,7.849293863148929
8389,7.2190139706317025
8390,9.265090767209887
8391,9.51512236774569
8392,6.485588185064349
8393,3.8485055568120368
8394,7.722493191217294
8395,5.710507948171426
8396,6.059165566560807
8397,6.0328744004657056
8398,6.51245811130639
8399,6.0651967276620145
8400,6.58670179603713
8401,8.857162354358959
8402,6.097319904420072
8403,7.1973001407120005
8404,6.676193122045321
8405,3.641980387601319
8406,4.956055718250833
8407,5.839595717450201
8408,7.682615344511193
8409,7.652955229821142
8410,5.435494511901181
8411,6.400873118378767
8412,6.809477540436486
8413,6.1422946136530285
8414,4.266931228585257
8415,8.568112358362697
8416,7.560526922223698
8417,3.9793653059215424
8418,5.499247023772678
8419,6.399744134181173
8420,2.737599740451011
8421,1.2251007252829602
8422,6.036321939035753
8423,6.213558999108813
8424,4.775704544892135
8425,4.456669793663503
8426,7.000707106209358
8427,5.336865224704262
8428,8.777388728944521
8429,1.6577132382959228
8430,6.160452167592793
8431,4.027225476636297
8432,6.562493178834906
8433,7.820214903378942
8434,7.985284000774987
8435,5.471244835965966
8436,5.0913558068484
8437,3.890628937449683
8438,8.217882747532594
8439,7.220292221279766
8440,3.2152324634090967
8441,3.3090481579346527
8442,8.530514708156245
8443,9.934767764292264
8444,8.103550561301777
8445,8.358485407464878
8446,7.911079693144527
8447,7.33384170075671
8448,2.663334710333934
8449,3.738853876511594
8450,3.249151720780523
8451,6.43100809226887
8452,6.630230528657023
8453,2.613435829246719
8454,2.9550918721032517
8455,8.38853665771072
8456,6.331304655718354
8457,8.814356845480754
8458,2.621635771881706
8459,7.519268993640558
8460,8.6435187285778
8461,5.906594019385435
8462,6.070211463326822
8463,7.717838563560304
8464,2.528511065191319
8465,7.221575682549062
8466,4.072056461126135
8467,3.0117609613407383
8468,7.574530733363927
8469,5.885144662152155
8470,4.61660260906969
8471,8.181021829701542
8472,4.156779323041418
8473,4.922546485977931
8474,4.502528801388461
8475,6.212198596823445
8476,6.57115241267356
8477,7.879529378250306
8478,6.965582529453271
8479,5.76030703294131
8480,4.446046087328091
8481,6.742367239294166
8482,6.473526663465009
8483,6.1669529539403225
8484,6.061388686513248
8485,6.213073495453263
8486,9.25951905919808
8487,4.22386018288148
8488,4.125063411564356
8489,6.556387713187395
8490,4.972528835750918
8491,4.577436574489262
8492,6.292574759148724
8493,6.421483796860805
8494,6.949369426206323
8495,6.543719486977686
8496,3.34372754013752
8497,6.948582142299801
8498,7.154585135874796
8499,6.201440714248788
8500,6.304033083858797
8501,1.7112517097414006
8502,4.713713851365702
8503,2.6351414517941696
8504,7.180959117087954
8505,6.824306282736869
8506,5.791943301352455
8507,7.180109914481672
8508,6.932176956434232
8509,9.308646851082127
8510,8.45619169218534
8511,6.827784216031675
8512,4.778655899982851
8513,6.8403435013695475
8514,7.229043825523071
8515,7.096693080038934
8516,6.945902723110466
8517,6.625643422245067
8518,4.963529974229587
8519,6.1279657481197045
8520,3.342287849046823
8521,9.695128964798231
8522,3.79402494316102
8523,7.746669881888968
8524,4.572894839616822
8525,7.75953639580257
8526,7.806075384370603
8527,7.409688288075721
8528,5.8314038499574306
8529,5.255332163182832
8530,5.762533612227981
8531,3.5607566758218283
8532,7.733985577628186
8533,8.86140056328272
8534,3.9195114028205387
8535,6.236360447605385
8536,2.7229698974593552
8537,8.02405637012373
8538,9.762206246682467
8539,6.310519826768744
8540,6.82640520957785
8541,5.526810089700221
8542,1.6895958682048315
8543,3.4545883218434597
8544,8.373061502202074
8545,7.271337829611638
8546,4.041743538286693
8547,7.207395945681008
8548,5.607014373811063
8549,7.49651722877445
8550,6.81912045782298
8551,7.81353460070254
8552,7.408094551447005
8553,5.754158073249891
8554,2.443937499615144
8555,8.113260102941314
8556,7.071272494754308
8557,6.024413746645843
8558,5.020723677161913
8559,6.2853333931913475
8560,4.062730582776069
8561,5.929851030859669
8562,7.57648135874994
8563,8.847470887985033
8564,7.266205882285107
8565,4.898011851438556
8566,6.7321925843053645
8567,7.64001187068607
8568,7.155259772242772
8569,8.287410762992025
8570,9.76465976796296
8571,3.294683371926985
8572,5.1497613985152935
8573,7.328619288957239
8574,5.084192651947521
8575,1.9302154724004814
8576,6.0744026240471065
8577,7.34362179576395
8578,8.25896821050378
8579,6.050953178505585
8580,5.3390995817980595
8581,5.2429128109546355
8582,6.715695696253446
8583,6.2358632607889115
8584,5.6813549791666755
8585,7.681992476772797
8586,3.0920602462505054
8587,7.961191975603231
8588,6.228679533329503
8589,4.990586218944823
8590,9.414831465555265
8591,7.174852327475781
8592,3.2081706770954272
8593,7.160483255359484
8594,7.637084117606751
8595,3.9002225808102184
8596,8.051491682296986
8597,7.213997608678139
8598,6.074624808080827
8599,3.2152359600147666
8600,2.5344808184077126
8601,7.545804909216217
8602,2.5312281974002304
8603,1.5245356781688524
8604,5.05360800766543
8605,6.284237043146819
8606,7.005658621154433
8607,3.270801859781509
8608,7.7832057483997055
8609,6.017815448242089
8610,6.262586973147512
8611,7.943731504017388
8612,4.438586904273732
8613,4.896291731547231
8614,4.885428874247786
8615,7.621697229851038
8616,4.993291557645444
8617,8.378828605742568
8618,5.428659023261046
8619,7.30321364891959
8620,7.796283380736114
8621,8.709477874570199
8622,7.777439049055987
8623,6.163381093766193
8624,6.49248513258047
8625,7.26000304193898
8626,5.083880785211168
8627,5.613136103767703
8628,6.719961961105585
8629,2.2011427489508497
8630,6.175215201380046
8631,6.862338546731762
8632,6.574163526802799
8633,6.512478802125889
8634,5.795731145799732
8635,7.690721610195819
8636,6.4451806979953234
8637,6.5570000910526485
8638,8.563265728978736
8639,4.562215398921929
8640,9.36120420037814
8641,5.2486000603834775
8642,1.2615438261412977
8643,3.8231421518061004
8644,6.611092033270289
8645,7.702911255850304
8646,6.498470462068349
8647,7.374530046712536
8648,5.2174523228353715
8649,8.644369617245946
8650,6.832547093354212
8651,5.694770395922713
8652,4.771382204213316
8653,7.968758900064974
8654,4.473078140961748
8655,7.727329499569077
8656,5.561832335945465
8657,3.930525367004235
8658,7.2198620713691355
8659,4.83071617825666
8660,2.748514932652325
8661,5.085226069303929
8662,6.945351679217878
8663,4.755098026856377
8664,5.912390376567871
8665,5.6537264422679465
8666,4.148838020507466
8667,6.948209358845577
8668,5.0095983269044515
8669,6.022572894782512
8670,6.999665948062974
8671,8.971688767168336
8672,4.871774427160845
8673,5.657523685962201
8674,7.078119495368703
8675,4.366472913801639
8676,6.909353320814718
8677,6.661074062433337
8678,6.684646690719477
8679,7.311012300280609
8680,8.203547372314624
8681,8.187059419861859
8682,4.276892742029084
8683,3.643653015835982
8684,9.950164915181256
8685,4.249652353803798
8686,6.1856723815447
8687,6.772545718044766
8688,7.938512423552258
8689,7.064869351778975
8690,5.619980335166483
8691,4.267089569508592
8692,8.107658895621473
8693,9.9810986393748
8694,3.6259151505699685
8695,6.217374269778391
8696,6.394439684286528
8697,3.033809230093016
8698,6.117040755262954
8699,4.708179968607696
8700,8.75437728669416
8701,3.5777277074329565
8702,6.671903615100731
8703,9.982525688177494
8704,7.543657050174713
8705,5.966855223187035
8706,4.984191821299601
8707,7.755290052581674
8708,3.3651826808953413
8709,5.2895661834489145
8710,3.740731487564353
8711,7.106994742950293
8712,3.166935294288907
8713,4.876392513573626
8714,9.333064107606534
8715,3.585506712762875
8716,4.175569662733786
8717,6.139860314641003
8718,6.7559795441438455
8719,6.048466347408275
8720,5.696022659401226
8721,3.7367089893552565
8722,4.290616522266196
8723,2.4150044180817747
8724,4.836188926013783
8725,3.4101359669586966
8726,3.6935604629209684
8727,8.047178811231497
8728,8.924775117018047
8729,3.817954020371341
8730,4.874733869652828
8731,7.684595283268933
8732,9.745263898364726
8733,8.37152378887362
8734,5.505702404072636
8735,7.267604504871587
8736,8.010688023863631
8737,7.9782731619643785
8738,8.226630034083557
8739,8.063302935849956
8740,3.2541958152480492
8741,5.461985689083563
8742,5.931522685988255
8743,5.297546945087578
8744,8.641125495231464
8745,6.531098708227202
8746,7.022820142460688
8747,9.364437513215943
8748,3.0325694669616725
8749,4.309856628977366
8750,3.3629268214839083
8751,5.096190323788738
8752,5.424837315835141
8753,7.769504506143496
8754,5.263524850513298
8755,6.627671611141222
8756,6.7676445984302696
8757,0.19149053817382566
8758,4.772223842003594
8759,3.348901505406265
8760,5.206002176661464
8761,5.837624470694552
8762,6.253140629808999
8763,7.686573541598949
8764,3.162935260186203
8765,9.093570585694772
8766,6.9856300523536214
8767,9.101797798831628
8768,3.9573866198790237
8769,7.353452023354567
8770,8.997615131064524
8771,7.617125430574254
8772,8.240016277906566
8773,5.280316966370519
8774,5.728208454793782
8775,4.931047953637898
8776,6.616491464959814
8777,6.730114545009099
8778,6.569169499592796
8779,5.888354204767159
8780,6.858963934143661
8781,4.974265776800339
8782,6.161678832296386
8783,7.0085055206140074
8784,7.922136268937526
8785,3.3319070309196523
8786,3.578769800954957
8787,2.499563745525433
8788,5.481389128431511
8789,6.526078483014675
8790,8.486456739947991
8791,6.780994378751021
8792,8.27101666542476
8793,5.33600428266398
8794,5.115199578617128
8795,5.26550326730134
8796,3.180159849896522
8797,4.2680042608147915
8798,7.372334336186877
8799,5.39987105258622
8800,4.972647070949871
8801,2.8974777533457368
8802,5.211595398631043
8803,6.672675306434186
8804,7.895382522101783
8805,7.192443244230736
8806,7.1013109251928315
8807,4.332100132058887
8808,7.153466342565877
8809,5.800638926928638
8810,4.813371430940697
8811,5.013761806953348
8812,5.924514841626668
8813,6.478393868462904
8814,6.953946918128777
8815,9.269365970391192
8816,6.693824041588642
8817,6.540888906948884
8818,5.824716903671028
8819,4.793670173916385
8820,3.0066348437124937
8821,9.330467832091525
8822,5.355936840953163
8823,7.959333438747072
8824,5.880738939712122
8825,8.18274878633094
8826,9.496746746461968
8827,5.654863294414411
8828,6.264446524670423
8829,6.137236004618595
8830,5.089492531415978
8831,6.879438574305393
8832,8.943110466491953
8833,5.813043427566016
8834,3.14500569917503
8835,7.762960643088734
8836,7.460866518146808
8837,8.08838178898053
8838,5.581821122264648
8839,6.626869853100785
8840,6.089244880078564
8841,5.65117780871798
8842,4.681199609629534
8843,5.9786065167694025
8844,8.530397872632392
8845,3.937544501627622
8846,6.351207857448043
8847,5.103338541723976
8848,6.537691407346656
8849,7.689104924822786
8850,7.145057277837229
8851,5.769511104319186
8852,4.669607387073489
8853,4.21584260334432
8854,6.510776015910111
8855,9.170753767332693
8856,5.0227489002162935
8857,4.497057272936159
8858,8.656298513654543
8859,6.041085575678342
8860,3.6849073455578587
8861,5.8515747656591
8862,4.3688933591183865
8863,6.66516028925454
8864,6.440242040504559
8865,6.17625731994837
8866,6.6430515524127545
8867,5.20083761783892
8868,6.671142893110581
8869,6.7790454427318085
8870,6.616486436727517
8871,8.429427577515625
8872,6.739936673017028
8873,3.5226783088154026
8874,3.104835477707954
8875,7.1099049778554795
8876,2.2596289134344643
8877,9.234465893615662
8878,2.649544619909328
8879,7.474332602446986
8880,8.954082774694578
8881,7.838890850189562
8882,4.787765545281883
8883,7.238419287188215
8884,3.9450296078197944
8885,5.128236555167709
8886,5.045556716587176
8887,5.2031161832513675
8888,4.977634021561228
8889,5.47989941564163
8890,7.787611610456346
8891,3.6024090565444777
8892,6.255272820012662
8893,6.017038637374678
8894,7.578323977998377
8895,2.4516883628685258
8896,8.170146331134069
8897,5.311360585233204
8898,7.4712469037209175
8899,5.187184010103383
8900,3.8838332643705846
8901,7.6600604879476295
8902,4.393451874321078
8903,6.042649767774786
8904,2.84203258965175
8905,7.215927388284073
8906,6.583774806362859
8907,6.1117578630393545
8908,6.656338832064643
8909,3.974072585638981
8910,7.882344566730407
8911,5.777804615756995
8912,5.206699649561921
8913,5.366049434048648
8914,5.437194635020586
8915,6.361659799701807
8916,3.286195573560324
8917,4.968789839853718
8918,3.760757244374546
8919,6.749647953937075
8920,5.143311405422416
8921,6.64028938126194
8922,6.708074689127949
8923,6.266740619743187
8924,6.008649170211703
8925,5.97190212915469
8926,3.356967459612566
8927,6.593349023653121
8928,5.321660933784214
8929,5.590508626999652
8930,6.693940794617546
8931,7.232076911930264
8932,7.938243800789635
8933,8.010677213788107
8934,6.325550312935062
8935,8.625092747531323
8936,7.494584230684551
8937,7.946208719861353
8938,5.480968069024935
8939,3.4644349580110907
8940,6.9264853907954445
8941,5.747762932479763
8942,2.327777650964012
8943,6.8996528506107735
8944,8.67591896379596
8945,4.979478750244531
8946,5.915584418878635
8947,6.574321364269667
8948,7.954541630576425
8949,6.24811786385657
8950,6.319036656820955
8951,4.660557866704985
8952,3.6003042849190874
8953,6.031178373196586
8954,7.415018421577126
8955,4.158664860239229
8956,5.216122813353905
8957,4.966665549134076
8958,5.464769936318262
8959,6.993854209892044
8960,9.172975573859155
8961,5.8527423995257415
8962,3.754097867761764
8963,6.626473815612505
8964,6.061299170962763
8965,5.086454041906297
8966,5.383588706123097
8967,9.310556437858342
8968,5.04494278386899
8969,7.809268475718706
8970,5.980644724773392
8971,4.2480276630692915
8972,8.283043512912164
8973,7.8408707669380755
8974,6.386568853535191
8975,5.290932662925379
8976,8.401781802667392
8977,5.969792188627638
8978,9.132504659348786
8979,6.702684465292508
8980,4.493184771683648
8981,6.543615988882587
8982,7.59563197635516
8983,8.613194495368957
8984,5.833392330644589
8985,3.99024255311575
8986,3.8535248438821976
8987,5.106904329581946
8988,3.953868126670489
8989,3.92520555246337
8990,6.99870493654515
8991,4.974124258862371
8992,4.28907053690362
8993,5.86890164917279
8994,4.1720513986727665
8995,8.313800480166094
8996,5.34436199016961
8997,7.007111167331641
8998,7.034129575515002
8999,8.015817499000056
9000,7.176385480419784
9001,7.237437086076729
9002,8.223661286065333
9003,6.323042532470041
9004,7.66180901870173
9005,3.1647942319490787
9006,6.699636522864342
9007,8.799021521953685
9008,5.890761501287869
9009,6.255953189603579
9010,7.931962365674323
9011,5.0720062664510195
9012,2.622646015345603
9013,7.059531355038228
9014,7.489628559724419
9015,3.582427804304325
9016,4.82940813007077
9017,6.487466545990122
9018,5.897356157550476
9019,3.5018793768644576
9020,6.3944061830968
9021,4.67920728800919
9022,7.851707097031468
9023,6.187218310825358
9024,7.1143141537600165
9025,6.314136486902209
9026,5.6699217487749785
9027,6.766560853322626
9028,5.256758144954668
9029,4.552476337915678
9030,5.100223080739078
9031,6.0917442690344386
9032,5.287316692048851
9033,4.883613324104988
9034,7.463422484721869
9035,6.35495332535789
9036,1.7622399921898635
9037,5.841196428867933
9038,6.589967711986356
9039,5.492451053806585
9040,6.707711615879983
9041,4.538829327707671
9042,4.098796293123794
9043,5.791984110931267
9044,4.520915259179814
9045,2.0706206545012975
9046,6.415941854523164
9047,9.533888825610454
9048,8.128660443902653
9049,9.973093781037166
9050,3.958386218747041
9051,4.590767106037588
9052,7.095428734900953
9053,3.4947151305483
9054,4.016251624497898
9055,7.923494646625445
9056,7.999894286691658
9057,8.538949154647344
9058,9.46175694747926
9059,5.837576755742187
9060,7.521741742028769
9061,2.5574194838789834
9062,5.351383558109045
9063,5.0398503145472775
9064,6.433451461214097
9065,6.629776703139838
9066,5.170952397407633
9067,3.664225571422932
9068,6.435643636082168
9069,6.563625741305433
9070,6.786721920047472
9071,5.890924630126736
9072,8.695878209722036
9073,4.450204671243299
9074,2.7615695351545257
9075,5.896063430407922
9076,4.7532171360568825
9077,4.833439155126891
9078,5.949893298447757
9079,5.2573841971889745
9080,3.8187057399390567
9081,4.018214325820894
9082,7.088171127967099
9083,9.978661732356434
9084,7.218018186987354
9085,8.248939303457858
9086,4.62121130876642
9087,8.057051391642236
9088,4.38669574044437
9089,7.066744043439611
9090,6.493102982274061
9091,1.7768096168622003
9092,4.290797101367272
9093,8.031832611540224
9094,4.08560327899289
9095,7.372040722825189
9096,9.326643381439025
9097,7.222278376306179
9098,4.399741501580224
9099,5.092868941587597
9100,9.449089854011705
9101,7.433463663238164
9102,5.336760811682628
9103,6.165164364775801
9104,4.544475719171088
9105,7.6348912057822815
9106,4.005512039088793
9107,4.927893323471613
9108,3.740811101909742
9109,6.738389786983317
9110,7.4532288111803595
9111,5.439341027505999
9112,2.435856075328749
9113,6.220738008414116
9114,4.757843150359229
9115,5.986192942577377
9116,3.5538887617628867
9117,6.3033277866005335
9118,7.87604940313258
9119,6.586136691059316
9120,5.402643586598198
9121,9.337729271340553
9122,4.286131029119698
9123,7.761186755766124
9124,9.830235079316083
9125,6.064033954235251
9126,4.878547295294716
9127,3.919924907593746
9128,5.869443833032178
9129,4.453700347319458
9130,5.96644088723385
9131,5.334163103389672
9132,6.968811074375981
9133,2.4326120719439324
9134,4.803117012923896
9135,4.609329851754132
9136,6.679062300904813
9137,7.5710534755813885
9138,5.0235603375901805
9139,5.421481700558669
9140,6.031302202445609
9141,5.727972637004276
9142,8.046423398012045
9143,5.7994712315777
9144,2.038647758241512
9145,4.135566360472815
9146,6.01761452935998
9147,6.481264995300927
9148,6.963241197085031
9149,5.516894770772028
9150,5.7841894863551815
9151,5.452793896433763
9152,6.893589822138055
9153,4.776699580556169
9154,5.527637439127457
9155,5.631090216221185
9156,9.181230901773041
9157,5.226451338332184
9158,5.287905754462536
9159,5.465041711129466
9160,4.725407356651816
9161,7.7736712928915175
9162,6.5746618531549865
9163,4.9549335550901255
9164,6.736791516997495
9165,8.102835251881068
9166,6.4501584297506565
9167,4.002792247202114
9168,6.438107039687406
9169,7.457541415871628
9170,5.847356239816879
9171,5.170265124659621
9172,8.3444747657143
9173,6.310267803257498
9174,5.459947838433919
9175,5.308310060156629
9176,4.080131260437402
9177,5.1085745748506906
9178,4.440948921227571
9179,4.495135372112177
9180,7.348146202710145
9181,3.8091423212637556
9182,6.446701809946261
9183,9.968154056032018
9184,6.889606896193183
9185,5.6187344034900315
9186,3.574669500402678
9187,8.29951127884975
9188,4.918844142950464
9189,4.591391774807198
9190,5.496134389062194
9191,9.636013003755725
9192,5.967659552363197
9193,5.403352870718679
9194,7.403737358925869
9195,8.365768762777485
9196,8.901709248431747
9197,5.384551471218281
9198,4.121212876642717
9199,7.6607570430973935
9200,4.808600256539892
9201,6.848791717551948
9202,4.321400810321481
9203,3.7118414005960862
9204,2.063497939835918
9205,8.02202555888287
9206,7.168011039643423
9207,4.433480929542064
9208,3.3818406722281122
9209,4.538782897403036
9210,8.748068879693044
9211,5.717643713600541
9212,5.321213781504437
9213,4.0709392932922945
9214,5.858043137845945
9215,6.531643881359313
9216,4.115300737204602
9217,6.693553232986153
9218,5.799962875561045
9219,4.243845521763641
9220,6.308907734303651
9221,5.225620943497161
9222,2.190932538523846
9223,4.708607198973002
9224,5.973485564819362
9225,3.350795887658933
9226,5.15492024830301
9227,5.913370254754488
9228,5.09723693260781
9229,9.50824059403989
9230,8.813401942704791
9231,0.930403644063504
9232,8.870747488786938
9233,5.7121585497036635
9234,3.779170658326024
9235,3.074172025301187
9236,4.5150331478690475
9237,3.9408732845152348
9238,6.575614425269796
9239,4.121617877573792
9240,2.9198540873012746
9241,6.8308014398429915
9242,2.9155288666013432
9243,5.969686784597973
9244,5.892877618219237
9245,9.1828064674712
9246,8.126300596082935
9247,4.434744719925542
9248,5.556953317362494
9249,3.7431923121080315
9250,6.261271034103328
9251,5.784954343756242
9252,5.064909125586985
9253,6.148337350209094
9254,6.125386867846356
9255,2.8268352989631684
9256,2.692434518131202
9257,4.39585036895265
9258,7.266925640888249
9259,4.123323702265845
9260,6.800112913955699
9261,5.083977518091006
9262,5.469061013233499
9263,8.396448651014547
9264,2.7065509992968364
9265,5.245985720321275
9266,6.374596504680409
9267,7.643961147995884
9268,8.653703731805546
9269,7.050711322127572
9270,6.207988161288414
9271,5.719815332447159
9272,7.058399574278942
9273,8.40850479462437
9274,9.426373041175198
9275,4.725655670164145
9276,9.436725718285881
9277,4.263104454305254
9278,6.583439714405684
9279,8.489525807487825
9280,6.138980122767668
9281,5.448922626297699
9282,3.527520174142623
9283,4.091153891336771
9284,7.139750633792349
9285,4.412729039424703
9286,5.849668488409739
9287,1.9199358466434466
9288,2.2198166659066505
9289,7.210749365541222
9290,8.479409615455547
9291,2.026363442596904
9292,7.465841474978713
9293,5.661184419915608
9294,2.3434539379474373
9295,5.108481546349967
9296,5.604714576874408
9297,7.486293863090502
9298,4.894287918657193
9299,6.1065571903068765
9300,7.445598951407647
9301,3.93349825560841
9302,4.994485933950277
9303,2.421805501062061
9304,2.856604251478651
9305,5.640228506776916
9306,3.1423820307136068
9307,1.9855509725197225
9308,5.330552293051027
9309,6.232799492835002
9310,7.891966340260496
9311,9.04843661574983
9312,2.350252542945456
9313,7.200739290084483
9314,9.210061779456261
9315,6.827474200559626
9316,4.32103286454676
9317,2.2198968136723516
9318,5.579646543628712
9319,6.834141770556734
9320,6.849400036384593
9321,8.335614142024554
9322,7.916425132681465
9323,1.5665736255422231
9324,2.599847878971088
9325,6.189133046499103
9326,7.614258530650292
9327,6.816796396678058
9328,3.8333869248152994
9329,3.7108413462719048
9330,1.9634735964421042
9331,4.731623823163388
9332,2.6860020925392583
9333,4.470095382839672
9334,7.40113392782315
9335,6.868037378806893
9336,4.700454656513469
9337,8.936216363752001
9338,7.197499160614449
9339,9.013651953285354
9340,7.2750712378669355
9341,5.738006618972024
9342,6.135690372131425
9343,6.486355217831248
9344,7.417321801142507
9345,5.553596425738127
9346,4.888987103035989
9347,9.398076611665969
9348,4.901984654813572
9349,6.3982955677979
9350,4.80444707411728
9351,5.226360069600161
9352,7.012131192435768
9353,4.763608449766661
9354,4.6510216912678946
9355,8.498070057558015
9356,5.3595483510804875
9357,5.549008124990895
9358,4.538737294079299
9359,7.856553490071153
9360,6.010597158066889
9361,4.665840289002164
9362,6.120159841544208
9363,4.786651051912228
9364,6.91142948814739
9365,3.3176189221197108
9366,6.92791862357497
9367,8.676951009504165
9368,7.799667906985574
9369,7.851433620294168
9370,9.491444103304827
9371,6.331106230961994
9372,6.270724577697978
9373,4.704696234145726
9374,4.023806577388365
9375,4.528974604673651
9376,6.959110696950806
9377,7.52055212670601
9378,3.1324022709881727
9379,6.18672858274132
9380,3.9685814703926128
9381,6.510745006743439
9382,3.0767948623590087
9383,4.96336161464138
9384,8.378260459736593
9385,5.724753663045527
9386,4.437764386668207
9387,4.922864468146909
9388,4.700476069869785
9389,7.866685337132706
9390,6.285335800386967
9391,7.1866867962605046
9392,6.306421185340868
9393,6.697091525365007
9394,5.230896393365078
9395,7.001783963062463
9396,5.099070331399101
9397,5.186663280575091
9398,5.02926926272963
9399,2.614643349561398
9400,3.753092117317535
9401,4.997491839821451
9402,0.9866495619210348
9403,8.259165259577857
9404,6.337471793943678
9405,5.629216447527939
9406,4.9546851110164445
9407,7.181581058562767
9408,5.376444135040897
9409,6.477732557168567
9410,4.9334596770041586
9411,3.412637653060728
9412,5.604472536141006
9413,7.0318816475234
9414,6.116639473764183
9415,2.744058847542538
9416,9.59901507439372
9417,5.397191446184848
9418,7.9109172001502515
9419,5.117111212325712
9420,3.0022686039367867
9421,4.102450002544913
9422,5.761661213486556
9423,3.9037819479774782
9424,8.174632059866118
9425,5.655727083895892
9426,7.0662533054205365
9427,8.83876347436402
9428,2.0302945269477526
9429,8.97783590565503
9430,5.251667427745059
9431,6.796303594356511
9432,2.747353685494029
9433,7.504479463731036
9434,4.600015012878689
9435,8.38642656966892
9436,5.603965361513683
9437,7.590565422237309
9438,7.062796773662124
9439,5.821784727658962
9440,0.6960099426536926
9441,1.0447868662975872
9442,4.282133779973447
9443,4.011385416151418
9444,5.039274878403641
9445,8.365670483483468
9446,8.165066922134796
9447,7.475424627066632
9448,7.699856093206648
9449,5.499571013482407
9450,4.971788724642579
9451,7.626228008118672
9452,8.68378574823138
9453,3.270843485721622
9454,8.462781922485812
9455,7.347834399353781
9456,7.558562102488668
9457,5.748151874073121
9458,8.245282110629548
9459,4.498423070813443
9460,6.911000028372007
9461,6.4128645940907045
9462,7.914265900139316
9463,5.235724451276596
9464,3.149206926103135
9465,4.177925099985834
9466,8.096990751035182
9467,3.8445640877121483
9468,6.253821157521929
9469,2.9421372645255346
9470,6.128753444393519
9471,6.7895633134501905
9472,6.172073354040489
9473,4.795339098362158
9474,0.9560080943712925
9475,6.4890668659057225
9476,3.7123369752220543
9477,5.785554316717942
9478,6.916707425653555
9479,7.475621463734806
9480,6.587866959726298
9481,6.06109944026036
9482,4.562498620276449
9483,6.871378365684832
9484,3.016763127982428
9485,8.639465938376038
9486,5.985958655637827
9487,7.696032655088063
9488,7.704385476351088
9489,5.787514124916275
9490,1.8994334128393433
9491,6.3264066954832225
9492,6.6283165088624365
9493,6.447328771197479
9494,6.693513618703101
9495,3.4685476626948946
9496,2.887890371981378
9497,7.069514512275283
9498,6.143703021000253
9499,5.893774476518072
9500,6.107978455808155
9501,3.559979317705033
9502,9.11655462208393
9503,2.5196435115446905
9504,8.985580487571678
9505,4.592029930573691
9506,6.775857644237445
9507,9.39141800563817
9508,7.5755874814772355
9509,3.3002028555725724
9510,8.418969921829788
9511,4.662299346767193
9512,4.626957136485772
9513,3.908177737609268
9514,5.270324987746461
9515,8.855812030178441
9516,6.306323795268685
9517,6.605829063829477
9518,4.852434975561903
9519,5.464257825252786
9520,8.505075275873992
9521,5.769550365382033
9522,2.638292459394476
9523,5.467842440365283
9524,6.042668467186236
9525,7.083613827771916
9526,9.080704560044193
9527,7.636720025735242
9528,5.666292675271402
9529,3.3820302358563077
9530,4.876456038385941
9531,4.496501445806684
9532,6.733202862396174
9533,5.212399673448664
9534,5.240465934576158
9535,5.473000504507212
9536,5.178047149523822
9537,6.38296557355225
9538,6.238399320384539
9539,5.806791890948723
9540,4.103538884147126
9541,2.7727170687854517
9542,5.251511892650675
9543,4.913180660842137
9544,4.241177079489536
9545,5.854633481992298
9546,3.153587379746987
9547,7.535241259565982
9548,4.606019121023758
9549,9.020497279132039
9550,2.1056489663521822
9551,6.512982324719224
9552,5.406339781596913
9553,2.2341844124877386
9554,6.129600487913766
9555,5.322679484643112
9556,5.682381697468385
9557,6.610512062472672
9558,5.517797604002556
9559,4.617269527520213
9560,4.243836512718227
9561,7.097620294851881
9562,8.713479639348854
9563,2.224118548578029
9564,5.751400084382549
9565,7.866852504973447
9566,6.053460424806761
9567,3.6317127175849726
9568,5.631447617930787
9569,4.499458986137251
9570,3.4646803783274103
9571,4.6191843839076405
9572,4.462912790150637
9573,6.835787635626005
9574,7.748582302198974
9575,6.863014621410107
9576,7.913934779906095
9577,5.448645623616241
9578,5.91087335666137
9579,6.087819918106804
9580,6.3330523531758
9581,7.820783386979897
9582,4.712994004626268
9583,8.692417584050762
9584,2.9067111919854938
9585,6.55582710555837
9586,5.435587399208244
9587,7.508175146777308
9588,4.0966297417282815
9589,6.275364773551471
9590,5.954314814738993
9591,5.707308497689189
9592,7.850033938255007
9593,5.341299845880138
9594,5.7831071169863835
9595,6.225264389074718
9596,9.067790078433175
9597,6.463065413865608
9598,5.604234546445937
9599,6.3897297609859836
9600,6.265009663215469
9601,4.464873229662872
9602,5.932139406591385
9603,6.41536648315933
9604,8.964888283417977
9605,5.321395859383315
9606,6.73670733753269
9607,4.96629056295172
9608,6.332319021293749
9609,2.8362122603442947
9610,5.883344080412196
9611,8.246197693964014
9612,4.054392794165997
9613,7.206424123868999
9614,3.9056066966062892
9615,7.712902626493705
9616,6.791978980385883
9617,6.143727083501065
9618,7.172848551644659
9619,6.058676944703383
9620,4.66892040358465
9621,5.191216057298721
9622,5.2701368678521785
9623,7.737850977011381
9624,6.234730739182229
9625,6.187132544754785
9626,7.2358422080243665
9627,5.125627580307421
9628,7.438391294946372
9629,4.4824135154851446
9630,7.509859166765936
9631,3.1649199595021096
9632,2.1328470518243683
9633,3.91934272174554
9634,7.170524040173759
9635,4.349425565390294
9636,3.460465630064862
9637,4.113128258027434
9638,8.167424358416968
9639,5.64655072435038
9640,7.21535017298696
9641,3.8052458227415262
9642,3.8399672733742065
9643,4.334580471149092
9644,6.389267142255279
9645,5.778015851438076
9646,8.162423750176954
9647,8.104089632694706
9648,2.509614025359991
9649,8.605206658952666
9650,5.707607559436093
9651,7.945686949526109
9652,9.314974586219304
9653,5.963736731231751
9654,8.227152479805238
9655,4.219310426271216
9656,10.0
9657,7.839998772792951
9658,3.3905830175405347
9659,6.858379482761303
9660,4.945551931866602
9661,7.958170687061026
9662,1.7704954216253481
9663,1.9909875622970066
9664,3.3043083960402115
9665,7.76007788186332
9666,7.895476098814751
9667,7.959703613016817
9668,2.9662356182022216
9669,6.590424705246339
9670,4.165869767497738
9671,2.0152047508350637
9672,5.539835416027439
9673,7.939266295116505
9674,4.431385101306374
9675,6.191808249826894
9676,6.443702218380042
9677,8.413805815672744
9678,4.947921001764196
9679,5.29085742715115
9680,4.9415638010691705
9681,7.588955346571599
9682,4.34653453714826
9683,6.131041468732946
9684,5.849409968269393
9685,6.195083610910724
9686,5.766454278557283
9687,8.348442209436122
9688,6.008273013947815
9689,9.217101070367082
9690,6.002373508686955
9691,7.234010901077967
9692,7.059644911313143
9693,5.618636119558831
9694,3.544011318026711
9695,5.9904877572711435
9696,8.818085860335042
9697,7.68126401669596
9698,6.602450409556267
9699,4.069322639149543
9700,6.007214228458869
9701,5.9696787603739665
9702,5.258054249481737
9703,4.9591542836920794
9704,10.0
9705,8.583234609919737
9706,7.110686821884386
9707,6.223803353715045
9708,7.116683927264094
9709,5.578744275314355
9710,2.685996297979263
9711,5.602669720788385
9712,9.08422319871718
9713,8.107291746126633
9714,7.023454364803042
9715,6.814419605111088
9716,4.616606926916309
9717,0.9232878207857421
9718,6.966008331779141
9719,4.6773939812691285
9720,8.604582288741582
9721,2.996454332877249
9722,6.136095132396751
9723,4.392564985414039
9724,6.826597608922473
9725,8.408921341083564
9726,7.04964206618496
9727,6.388566870916061
9728,6.93715766602238
9729,5.375659711150446
9730,4.808711082897772
9731,3.4132104143700666
9732,6.589590046688836
9733,8.622075609059534
9734,6.9340608979479414
9735,7.518952419311373
9736,3.278327603238418
9737,8.369141444841489
9738,3.45741889353308
9739,7.668902585016753
9740,5.957730787112031
9741,6.837701881043953
9742,3.246278784206818
9743,6.8821490565829855
9744,5.127153539341934
9745,6.114520204732513
9746,6.793544762620785
9747,4.576048743461289
9748,6.170376412306709
9749,5.509479014410839
9750,1.7782436727575994
9751,5.74063668120324
9752,3.868252966838258
9753,9.134263955393454
9754,8.723750204975516
9755,6.674081187567081
9756,6.533456699721847
9757,6.7718649361574474
9758,7.109368083236062
9759,5.859840328705633
9760,6.774915127844295
9761,6.601272776771285
9762,6.975633732126417
9763,3.3838308198207327
9764,9.222390311870367
9765,5.887145422070489
9766,5.460631533685589
9767,5.824043407315413
9768,2.4825279704256435
9769,3.8429596216970903
9770,3.545043954102941
9771,5.702767419205997
9772,5.2233990649468485
9773,5.551050276630632
9774,9.597632256613316
9775,3.322103666061276
9776,4.801102721298937
9777,6.595507943656691
9778,7.82611676266147
9779,8.307579513420333
9780,5.497937934469881
9781,8.852628202554689
9782,6.7523981780814015
9783,7.445165113597872
9784,5.559328858998589
9785,5.98158482373111
9786,8.702316763475398
9787,3.2647413441828856
9788,3.9986720177236754
9789,8.342284406616924
9790,4.74217666073785
9791,2.4231328944704567
9792,3.6438190827085264
9793,9.736020431909814
9794,6.495092864051667
9795,7.303507499638871
9796,4.192696897635292
9797,5.933158927315018
9798,6.8891226018205955
9799,4.5344012760001595
9800,6.189026659925245
9801,6.921187717935815
9802,8.583264556144519
9803,3.9217413197015176
9804,3.550099208189943
9805,4.766243583183796
9806,5.756055450616607
9807,5.460945708499723
9808,6.417374927200742
9809,7.330131131997326
9810,2.296558989678934
9811,7.704877504096662
9812,3.3554466111513737
9813,4.403118106375814
9814,5.84130281695727
9815,5.168595031419704
9816,2.4083453473704397
9817,4.904936988859725
9818,8.009640060844209
9819,3.2249795329656465
9820,6.844499002823048
9821,4.885624540133606
9822,5.170293477778642
9823,6.609598486517236
9824,6.4317689625341865
9825,8.308501394596282
9826,7.828911560488325
9827,5.302636695886995
9828,6.630012935681146
9829,7.088149363851319
9830,4.221280586082751
9831,7.036529778333957
9832,6.647702794059557
9833,4.7999743308374905
9834,7.949077349314687
9835,5.527506291105075
9836,5.800908718910731
9837,4.7338908393810994
9838,4.493069870286393
9839,5.093735347019059
9840,7.504517905654231
9841,8.800311517384475
9842,4.931958547162294
9843,6.323104387832177
9844,9.956945441044807
9845,5.31576089805148
9846,8.385469503416886
9847,4.271338580857423
9848,8.664907742943214
9849,3.261674344784646
9850,6.624406920465623
9851,5.800928282322157
9852,7.941525350368531
9853,6.375264081874691
9854,6.564723087028144
9855,5.9222574347728925
9856,5.730519415762085
9857,3.6584906372595563
9858,7.250973477577473
9859,8.077394458889957
9860,6.360190907397441
9861,5.710357739333931
9862,7.021808229083611
9863,5.883784665829926
9864,4.607423803389081
9865,5.096811695905372
9866,5.991399613802058
9867,8.454318743972248
9868,8.76335584233139
9869,2.4866252945328395
9870,6.4066970004554635
9871,3.1484070380393274
9872,9.480825326170356
9873,5.644782015139413
9874,6.830745218937495
9875,5.416259612806843
9876,5.091009974382944
9877,7.691559868187825
9878,5.05561669315756
9879,4.170807954874468
9880,5.784611875385666
9881,4.776218025083645
9882,4.962799952292624
9883,7.292328132445493
9884,5.311556961144436
9885,6.493437203712675
9886,3.9042352167146217
9887,3.767958382512701
9888,3.606532902478369
9889,7.544617358502553
9890,3.611079508928516
9891,7.963958801337012
9892,7.464863850967337
9893,7.531067371156595
9894,5.4341656834290655
9895,6.928318786881194
9896,4.541191318515005
9897,6.858653467434961
9898,8.265891512011224
9899,6.714189848678199
9900,6.728501061029835
9901,6.6992747623510045
9902,2.8320286085167097
9903,6.914207194110564
9904,7.197141590092795
9905,2.2961841670936582
9906,7.880173857518055
9907,5.162831877721063
9908,4.697479306370745
9909,3.942140238423481
9910,8.63667566247804
9911,8.226396763338695
9912,7.690596079555762
9913,4.319997424055214
9914,9.245020659367222
9915,4.164320921390233
9916,5.312149344253254
9917,7.034644836023086
9918,4.935969303359743
9919,5.065681577889422
9920,5.657751451100729
9921,8.356157548061859
9922,5.120258679952668
9923,7.339520659208192
9924,6.638177349461313
9925,6.886369823452159
9926,3.1359891668902855
9927,3.6881423617064035
9928,6.414467455263777
9929,2.5723062294745027
9930,6.4210549558529895
9931,7.105445368890473
9932,2.8828929630003444
9933,7.686493945859242
9934,7.160760212997253
9935,6.969743121471058
9936,6.269584898649743
9937,3.4815014362390273
9938,5.704077781993863
9939,7.2262844635438075
9940,5.173267008142302
9941,9.200083478401146
9942,5.199163707730069
9943,2.656326890882027
9944,7.274794912519658
9945,4.781251945491712
9946,2.2694360061978647
9947,6.581819187477193
9948,5.5082186482356015
9949,6.443691474057571
9950,6.6020074400598245
9951,8.073250807630874
9952,7.128114918996829
9953,4.837145260678784
9954,4.716566768301305
9955,6.112610381725744
9956,4.278144722255574
9957,5.76589086247347
9958,4.961193605741777
9959,4.246349422549988
9960,5.4102190253799805
9961,5.483002201395293
9962,5.541061674158094
9963,5.7070653792540575
9964,4.296450415933664
9965,7.72056977030489
9966,4.075520007068454
9967,4.447541050061512
9968,7.723146647058727
9969,6.950893935795244
9970,4.780968755974129
9971,0.5020315945526053
9972,9.989781341760823
9973,4.270334098956514
9974,6.1111875624731855
9975,5.145579729727098
9976,4.075945830884003
9977,6.3342744999503635
9978,2.076529486205723
9979,7.178603301267396
9980,3.9694769153011746
9981,5.576139269445264
9982,8.3729616298011
9983,4.825263885091153
9984,7.9772356684837025
9985,6.904930383388561
9986,8.582368695207313
9987,6.715191299600315
9988,8.207919041619453
9989,3.0874275789415693
9990,6.228385641492975
9991,6.132743333615598
9992,3.0565159990723796
9993,2.7734680107581635
9994,4.376429392923847
9995,5.814203306419023
9996,6.963409045187689
9997,7.62778414173683
9998,5.670022568293104
9999,2.9287708761332265
10000,6.827325770838612
10001,5.119425896170351
10002,3.6817997195357273
10003,6.7381205581495704
10004,5.399378399123519
10005,1.5808598636160016
10006,8.267353822715483
10007,8.775245067296503
10008,8.193431777509495
10009,4.658659120776735
10010,2.8603731839422015
10011,6.151254808737146
10012,4.536122820564208
10013,5.960829132144689
10014,8.22014016623309
10015,7.3652933551098885
10016,6.496616560326646
10017,8.23613766859664
10018,4.462884396643492
10019,5.226304834811545
10020,9.411329546060097
10021,4.542249961070479
10022,5.447739990277242
10023,5.540887964777765
10024,3.2683943600966203
10025,4.061913997930103
10026,5.953556206842584
10027,6.203055027815823
10028,6.793015929207916
10029,4.607691194425251
10030,5.678673562894957
10031,7.182305416722591
10032,7.794576317615614
10033,6.1282349155388145
10034,5.925657004084187
10035,3.008635435525838
10036,3.7878605078210086
10037,6.410279699214765
10038,5.4497722790797924
10039,3.9336124727120105
10040,6.958384215624716
10041,1.1834302633713107
10042,6.7866707185548245
10043,2.1231619325379687
10044,5.032103598762638
10045,7.216891342905751
10046,5.757463630369795
10047,3.623492416384363
10048,5.222990224021754
10049,8.148203951298457
10050,5.88464240720626
10051,4.907722640907527
10052,5.667831943180367
10053,4.91855460694076
10054,3.707300843473227
10055,5.428190581900667
10056,9.311854887474235
10057,6.579722431071431
10058,5.235098580103455
10059,5.7696125389136315
10060,8.342347935174246
10061,7.536074532609485
10062,3.5624146621012764
10063,4.948815136318182
10064,5.779501091976751
10065,3.1529229150101954
10066,8.54847815130602
10067,5.403216423861773
10068,9.440472398482369
10069,5.777185103078992
10070,4.8534483422860655
10071,6.686768361563931
10072,3.726686617800617
10073,4.203610661452272
10074,8.486618346967415
10075,8.139160186199529
10076,4.48156643138805
10077,9.10796109762681
10078,4.353083189975541
10079,4.905988900482275
10080,7.899830741842879
10081,4.154762092634082
10082,3.755744568250382
10083,7.326342812821945
10084,5.443335385602196
10085,3.5631534567477945
10086,8.167846951129103
10087,2.632107611870617
10088,5.23030370996177
10089,3.693083696891164
10090,6.835755287248612
10091,1.638150095052773
10092,5.742664038894054
10093,7.7326099860659205
10094,6.620326260562872
10095,7.8844141870945785
10096,2.432262925768556
10097,6.765254943618148
10098,4.9553269216533975
10099,7.545359589734235
10100,5.133776855837949
10101,7.088616127694958
10102,3.605047184640881
10103,5.3550880306537385
10104,7.788695254336793
10105,6.675653898037983
10106,7.290310039781858
10107,6.768762156531675
10108,8.012346011579401
10109,3.378037762113198
10110,2.689497566929795
10111,8.210637108848928
10112,7.023852247435218
10113,8.37179859056724
10114,6.93058791406121
10115,6.801022100907909
10116,6.590383857777245
10117,6.834542875915787
10118,5.47760875781969
10119,6.802574256445668
10120,5.786051543671596
10121,7.0879302013212495
10122,5.466393828684496
10123,7.250584824590133
10124,7.913881555752351
10125,5.787505707723476
10126,4.883715308665476
10127,9.05927622993995
10128,6.904503445971902
10129,7.825379002627822
10130,4.785291773260145
10131,8.010353038940172
10132,5.497554253173189
10133,4.09076472125471
10134,3.582303533053375
10135,5.696082220214482
10136,3.3451471018561265
10137,4.220493528888089
10138,4.233954213051471
10139,6.606887380173337
10140,7.712918738583812
10141,7.922549041454968
10142,3.5948807842274637
10143,6.315095103130647
10144,8.916326317684463
10145,9.969462243057901
10146,2.313877375413796
10147,4.078778051778935
10148,7.698262904921689
10149,9.319830583051223
10150,7.194551519320943
10151,2.4131243484871017
10152,7.598693643871908
10153,2.703505871470997
10154,6.3241807347498815
10155,6.132270042128696
10156,4.890665415430736
10157,7.793084551833145
10158,5.434105532946465
10159,6.738375825255933
10160,5.902184980129065
10161,2.3043006064117817
10162,7.64547709336899
10163,7.146346871680375
10164,8.097012577722294
10165,6.825092849777791
10166,3.585057956313251
10167,8.382653395434284
10168,5.223957187684534
10169,8.779660750165258
10170,6.3884943416421756
10171,6.168962085984837
10172,6.608591480301286
10173,2.017528684977673
10174,6.511946500606129
10175,7.433811900007346
10176,5.186396164005428
10177,4.62567744596424
10178,2.6854492159028327
10179,7.338572513731592
10180,6.661938876704056
10181,3.731002187175666
10182,6.236422061253942
10183,3.2374519672520794
10184,6.3464270106525404
10185,6.45838503226989
10186,4.651090213745692
10187,4.438836693010226
10188,2.136894859547625
10189,8.7474099728873
10190,5.3867992223464825
10191,9.742124909188668
10192,5.314917073671419
10193,7.277787759620702
10194,6.688087854985244
10195,5.517335627030155
10196,7.10552180497802
10197,4.949220024077276
10198,5.792066537865154
10199,4.876490871395545
10200,7.334867779418457
10201,4.149428368202203
10202,1.6036214447424164
10203,8.282844134790045
10204,7.82934327581304
10205,7.620585265997109
10206,5.82236339626459
10207,8.186557451512858
10208,5.317587982324435
10209,3.381495844935171
10210,7.358609158079378
10211,6.7205748896352
10212,5.139421437714221
10213,5.61561771167625
10214,4.6904169217986125
10215,5.164071068387115
10216,7.17536155888134
10217,8.444329862298664
10218,6.324825074082835
10219,6.9359921543661
10220,6.876857049721744
10221,4.807721560363091
10222,7.152586775787189
10223,2.541898269149553
10224,4.705069873439572
10225,7.882392049908069
10226,5.673607578995656
10227,1.9236231188965038
10228,3.1964713567634795
10229,4.045957747702303
10230,6.9259770056072645
10231,6.178850558646945
10232,4.932703155617638
10233,3.87168495754656
10234,8.171605897903264
10235,6.03633280128011
10236,5.741500385105209
10237,5.946470910884791
10238,4.275288578661997
10239,3.702956381902104
10240,6.273378758590717
10241,5.522417443760891
10242,3.137556666807916
10243,5.38366430001721
10244,3.4357455779210504
10245,4.4066306180243435
10246,3.101874163449243
10247,7.390990271380885
10248,3.702450029103172
10249,7.752829903419488
10250,7.952169346961594
10251,8.588438100689352
10252,5.917117934896911
10253,3.876557626565394
10254,4.947765855586842
10255,4.31784768335545
10256,6.832577749787494
10257,4.711854643526329
10258,3.689770909558327
10259,6.2127316009068245
10260,6.135561188770973
10261,6.2664368205264385
10262,5.578515946754063
10263,7.722142342503996
10264,5.9686617071384935
10265,3.0490334360653444
10266,6.249803241283004
10267,4.547730457260026
10268,7.190790852009025
10269,7.846988036353188
10270,7.344014346828021
10271,4.197621662498975
10272,5.1813919949539775
10273,8.518775288925749
10274,5.6480642136247905
10275,6.030674912318974
10276,5.141084089392782
10277,5.807578268215876
10278,7.748295129411029
10279,5.1086305125893325
10280,8.616735389549696
10281,6.840534671897843
10282,5.918676332759755
10283,4.416541008660918
10284,8.701573119055993
10285,5.487247485407505
10286,9.164192460796048
10287,6.530133406310548
10288,7.120860442280514
10289,5.558182489694645
10290,4.577809035347089
10291,7.936088543621009
10292,8.020158616340249
10293,3.648239355782109
10294,6.087255514185956
10295,5.806462290868263
10296,9.104310692951156
10297,3.255657817254956
10298,8.741452908936399
10299,6.322972005949546
10300,7.1960430453803
10301,9.423395412979135
10302,6.864871900756557
10303,7.120757074937462
10304,7.786606255405971
10305,4.3102955797047295
10306,4.251261306693538
10307,7.367843979379121
10308,5.188370813707794
10309,5.932625193307412
10310,6.505453669875452
10311,2.981914756371459
10312,4.566467601624585
10313,5.382698747769077
10314,5.809247918537102
10315,5.173000527501424
10316,9.513564303766804
10317,3.28217723062569
10318,3.287570723285727
10319,3.8241798715005975
10320,5.692980763277368
10321,4.310171073910907
10322,7.071990456025952
10323,7.605785086007394
10324,2.391109953933242
10325,6.159472250360026
10326,4.0710129012728355
10327,7.362244842201834
10328,4.536193711469069
10329,1.045060728014066
10330,8.642932009331092
10331,2.976445778401108
10332,9.025950522995414
10333,4.2077697482210725
10334,5.491637816956217
10335,8.275722005397379
10336,7.68218654636016
10337,9.315357095454027
10338,3.8108894645851668
10339,4.087114340648405
10340,7.971260704322339
10341,9.810648162261609
10342,5.79484898356553
10343,5.217190625784178
10344,8.62519874836892
10345,5.636230581961953
10346,6.2224821107406285
10347,1.827737140743937
10348,6.988362155218578
10349,6.13112394469857
10350,4.367871656210517
10351,3.3735657539673674
10352,8.408198008508489
10353,3.908459449394587
10354,5.820483434800151
10355,6.174893243210064
10356,4.823341377864605
10357,7.1583547250655535
10358,4.010256376558528
10359,4.79238937208146
10360,6.413190291221359
10361,8.38844510213
10362,3.5240252069168965
10363,6.25997004454364
10364,3.58510149012074
10365,4.385306037759598
10366,3.4038207919287418
10367,2.838302944384068
10368,6.989263999305956
10369,5.454446396739964
10370,9.137239218405677
10371,7.1604663148925045
10372,7.469194358536142
10373,3.6955985248514827
10374,4.843277662621254
10375,3.544994300551701
10376,4.146510738109828
10377,4.966288679087631
10378,3.9506956896721035
10379,5.309051171018099
10380,7.687751379708487
10381,4.4661541075657265
10382,7.727945522585826
10383,8.140960443534748
10384,4.2299760800311255
10385,2.360169842145088
10386,5.386198687504176
10387,4.198491140847064
10388,6.423539123955927
10389,8.270827726145129
10390,8.543906833938877
10391,9.489001248764195
10392,6.045108824778297
10393,4.973847695137732
10394,4.9938866846605565
10395,3.7839391169006196
10396,2.0465367710124727
10397,4.061658510228432
10398,6.8753650014570935
10399,2.950638593831243
10400,2.086696886417444
10401,5.883280075920596
10402,8.137829147715884
10403,3.2845628014949124
10404,5.879306719818533
10405,7.358231782525348
10406,2.165764394313506
10407,9.003283797151028
10408,3.33929444416229
10409,2.1273349589533375
10410,3.263071185104956
10411,9.98402227282977
10412,4.170705802140346
10413,7.944147565059268
10414,9.102047774760447
10415,6.423859258772509
10416,3.2758649365356702
10417,4.15954270492583
10418,8.394060957825218
10419,2.816790853485495
10420,6.432663937754572
10421,7.125681193669707
10422,8.915436853139894
10423,6.340146371510626
10424,6.159467000050803
10425,7.126329526945101
10426,6.473242255691383
10427,8.776404540133017
10428,6.368244656551354
10429,7.922013008831887
10430,6.816898793995539
10431,8.454724192340418
10432,7.897633249783362
10433,6.759455519565979
10434,6.246002646870698
10435,6.680728550079763
10436,4.861506331545614
10437,7.794716079967671
10438,5.246523949923111
10439,7.130603895722034
10440,4.49349133774956
10441,7.958784658542994
10442,7.264326066596996
10443,5.526469483167516
10444,6.591118989597351
10445,3.3628471459375406
10446,5.884367506127454
10447,4.688853300508544
10448,4.781770626939253
10449,3.4452410613945696
10450,7.125302200386907
10451,3.750156329074891
10452,8.182158343326794
10453,7.147037531785412
10454,8.06027876792763
10455,5.158550329103855
10456,6.15576934701189
10457,6.396260567009868
10458,6.833985703465556
10459,6.791844375698791
10460,6.157409053337721
10461,5.953960791333897
10462,4.25953395479341
10463,1.2853111630351917
10464,5.792080582016728
10465,1.9129152715542057
10466,9.165540706335424
10467,5.162485771297167
10468,8.851707390021366
10469,7.472218500211888
10470,4.050283966490241
10471,5.267729423068765
10472,7.292244353700405
10473,4.281948830760896
10474,8.593733218499748
10475,7.889576240338219
10476,8.042334975635617
10477,5.067836910075854
10478,9.523762814243142
10479,5.257634983639714
10480,6.428998274852413
10481,6.12924692582493
10482,4.018734507010837
10483,4.858355039670824
10484,4.778808034509152
10485,4.165046430227904
10486,6.890692920016967
10487,2.619605134299878
10488,6.200275914252728
10489,2.5016990789764706
10490,3.9717032075708314
10491,7.708468488730015
10492,5.931782129327729
10493,8.122030694250453
10494,3.129821384106811
10495,9.352653631563921
10496,8.769583638961151
10497,7.064775846657937
10498,4.444595163980068
10499,5.975295608463868
10500,6.068441624112244
10501,8.008479306055548
10502,3.9211881555982266
10503,3.286863000747296
10504,8.05001300712112
10505,7.457564302348274
10506,5.584590770614638
10507,9.33584024302269
10508,3.9492084126081783
10509,3.0254564066255583
10510,1.9814406711523276
10511,5.157503606417695
10512,4.436655194694673
10513,1.5253614915812368
10514,5.867715769100738
10515,7.3342222304612275
10516,6.546906086290753
10517,6.338565767621957
10518,5.061494431440607
10519,3.823295254047536
10520,2.2789668967133636
10521,8.041370584688309
10522,10.0
10523,8.19679706777472
10524,8.667685107877595
10525,4.459957032982262
10526,6.906229107393126
10527,6.522439450141162
10528,9.99184397651486
10529,8.650191939705596
10530,3.58223121435218
10531,4.696952976605245
10532,7.031837714691948
10533,7.174908356719979
10534,9.00301904320726
10535,4.639385640147238
10536,6.880197464752007
10537,5.83578230774485
10538,7.295703190710527
10539,8.190181207850742
10540,8.242350932285571
10541,5.551630974645621
10542,3.128305505258144
10543,3.6952079138269935
10544,4.626023518970063
10545,6.7371385017488565
10546,6.172349970232286
10547,7.928218481916825
10548,7.661482059110099
10549,6.932642865413619
10550,4.083650819341004
10551,4.647382519839949
10552,6.871790363060955
10553,4.685771298488245
10554,6.295231425501691
10555,2.3997435251301042
10556,7.8153504105079
10557,5.380091939173075
10558,5.991784190695721
10559,6.029478031672352
10560,7.374052860703521
10561,1.433807310779947
10562,7.789029859620909
10563,4.817295226142902
10564,3.908511362894644
10565,6.102651566182212
10566,9.522221246986819
10567,5.468232092155035
10568,9.56872808677731
10569,1.666553481337067
10570,5.617965693744383
10571,8.438058762888602
10572,5.510612763078582
10573,3.9678164829182014
10574,5.2967225619121905
10575,6.0355196117284375
10576,3.5719711220315227
10577,6.826972844020861
10578,5.755981851335488
10579,4.529878221585194
10580,7.664442940792449
10581,6.122276095957924
10582,9.459976790459265
10583,7.39360753761268
10584,4.05766466596263
10585,2.2786455333330644
10586,4.841775799945299
10587,5.820653650016933
10588,5.645834173266887
10589,3.6531487847742596
10590,7.166944191069743
10591,6.588190871008569
10592,3.413164711920853
10593,8.64189796039023
10594,6.778507253778913
10595,2.6247939341197686
10596,5.8564421366556445
10597,7.752337079276844
10598,5.192972995597583
10599,6.152978486967447
10600,3.280071392445675
10601,4.60941860960854
10602,7.954726073399839
10603,7.506839522649706
10604,4.559759619802198
10605,8.592390355007234
10606,3.9572198396529465
10607,7.977764587055514
10608,4.465917595669415
10609,4.41922850006426
10610,5.547624115104862
10611,7.0523670459113115
10612,3.4421987786183594
10613,6.646756583539603
10614,5.901960371607778
10615,6.795676501371056
10616,3.261755272441798
10617,5.547255254332495
10618,5.536889497718884
10619,7.361092500534783
10620,4.455254516806116
10621,7.617757869589107
10622,3.88064429602742
10623,6.854682329376836
10624,6.982697496672677
10625,5.857747556672019
10626,7.797583427927025
10627,7.690977405277451
10628,5.205251780191473
10629,6.537381114360782
10630,6.16159339698313
10631,5.604391989998632
10632,8.699675174127465
10633,5.920127859166969
10634,5.746709443205048
10635,6.811470710204749
10636,8.030498738680542
10637,5.600749520659787
10638,4.861159225378527
10639,3.9051795664243913
10640,5.79027192276615
10641,1.9901394264277477
10642,8.821096962855016
10643,7.612663963885516
10644,8.821633312132509
10645,5.508788670416932
10646,3.61263696301041
10647,3.7336192990016537
10648,4.1398084583046915
10649,3.071262221412261
10650,7.550492580813613
10651,7.474549286379457
10652,0.7893305716452337
10653,6.455304068021004
10654,8.50021769631719
10655,1.785114251797451
10656,7.731782243795523
10657,4.669315226563748
10658,7.226574146461826
10659,9.746058917278242
10660,5.4209895065483575
10661,4.556609334123911
10662,3.9771295515600924
10663,2.318993686892261
10664,5.975144341266834
10665,8.129332808132954
10666,9.456884169175362
10667,6.400491250007644
10668,5.498497983499195
10669,5.531536856839159
10670,6.775543941395207
10671,8.540975542901277
10672,3.8536907416144417
10673,6.3762402141976215
10674,4.534385424694105
10675,8.983736948167662
10676,5.484490420465771
10677,5.729663321054805
10678,6.739371600023265
10679,2.4988409661296265
10680,6.953654034319371
10681,4.995023568098134
10682,7.189742452515261
10683,9.113676856148968
10684,7.748199812714134
10685,5.7441930363377445
10686,4.814813010504258
10687,4.436942630159489
10688,5.9268965276441765
10689,4.099772163389619
10690,5.881667777816673
10691,4.4281436682633855
10692,8.661816006143278
10693,6.1085059270015885
10694,2.1897106132682813
10695,8.393500165263431
10696,4.4051995689991195
10697,6.488124630661075
10698,9.020122034256923
10699,6.811968789174511
10700,7.467297227079622
10701,8.807281098702001
10702,5.851529028091533
10703,8.239287512278224
10704,5.1436198167286395
10705,6.318882625090373
10706,8.976583864522254
10707,6.7680180941658765
10708,6.491337702226547
10709,3.899241073148848
10710,4.707650249380132
10711,8.31472968516063
10712,4.251080798271148
10713,4.07385107890127
10714,6.2102653115324635
10715,3.2515589600043753
10716,4.967920456682433
10717,7.352211242041307
10718,4.303521180075969
10719,5.817829427712914
10720,6.5746291090662705
10721,6.732153582296666
10722,6.126641720137555
10723,4.748897756699022
10724,3.8388869547392988
10725,4.958351023177178
10726,5.005195098976141
10727,6.831137439480171
10728,5.563117087394449
10729,8.204462339458543
10730,6.561172944643905
10731,6.330006605331114
10732,5.376322128280706
10733,8.119580740341284
10734,7.9471315177996305
10735,3.9587501230633673
10736,6.573608931614
10737,2.7497169961453265
10738,4.9705636377136315
10739,3.7224730835911233
10740,7.214680584680671
10741,6.675992008813783
10742,5.829105654590563
10743,3.7675596361808608
10744,7.628940779088322
10745,8.08940324027291
10746,7.3720510020464065
10747,7.347984634267674
10748,7.754557100296024
10749,2.8671993482217353
10750,4.825284308814899
10751,1.114137072783018
10752,9.096479056865963
10753,6.5813134926753225
10754,4.341908634536002
10755,4.356819992501576
10756,5.808285471681533
10757,8.55165642571993
10758,4.5483165798638066
10759,4.7885092555863
10760,3.547251563992898
10761,7.419566209495966
10762,4.803851954102595
10763,2.8430422489140987
10764,0.6840081740222996
10765,3.13809648162577
10766,6.483309495356018
10767,7.71106858220781
10768,7.536961703472789
10769,1.5796341838320167
10770,5.121517965322888
10771,7.487850629510972
10772,3.978985568343087
10773,6.650430884561582
10774,2.2608452756828634
10775,4.328185035032447
10776,6.526039616444286
10777,4.900578130426593
10778,4.700537291561211
10779,4.803928565911733
10780,3.3435704014350036
10781,3.8656671274240564
10782,7.61347138954265
10783,4.391038160626401
10784,7.662314937402304
10785,3.5253446459797124
10786,5.851379114917456
10787,5.3161639070256745
10788,6.616708687469535
10789,8.081577948637483
10790,3.6102481759149834
10791,4.313366881881664
10792,8.38807232399124
10793,7.6659668519426125
10794,6.3932252613019545
10795,6.951783798535813
10796,4.714817270246776
10797,6.13756295706586
10798,3.059710259744848
10799,7.991165837325348
10800,4.614116857698744
10801,7.597314926248536
10802,5.251937670133813
10803,8.544046167019184
10804,7.068762123086483
10805,3.88788528796192
10806,5.127944781148859
10807,7.552802949729235
10808,8.509984498511061
10809,8.195775585828287
10810,6.087349710014536
10811,7.123783375976906
10812,6.009828207402599
10813,6.466949748538054
10814,6.386203569547643
10815,7.641257490246324
10816,8.339506028493167
10817,7.768920017421603
10818,8.077292066051822
10819,2.7805258777103927
10820,8.150247945716673
10821,6.050107304946571
10822,6.679419723000362
10823,1.5623262897260695
10824,4.126426915217747
10825,6.053176253741419
10826,9.377996393075456
10827,4.86871901062402
10828,4.78088905418087
10829,6.628357655646996
10830,4.783270978631117
10831,8.037167858780386
10832,5.654729704734629
10833,7.731257661333248
10834,4.973794217888646
10835,6.070794702134599
10836,7.881395919575835
10837,4.072518888005623
10838,6.752778455583314
10839,4.9390722973804735
10840,3.320910545990712
10841,8.031466907999318
10842,2.2988706155879197
10843,7.103016514993932
10844,7.5212201737760696
10845,5.273653583989864
10846,7.234486615624014
10847,5.631962723616815
10848,7.4870762404764655
10849,5.7572642301547665
10850,4.76616983403647
10851,4.261836524329251
10852,5.568102730753067
10853,3.6338419553599928
10854,4.521622084923264
10855,6.085909445204873
10856,5.491484425915151
10857,4.943150788805052
10858,0.870259959003025
10859,7.971493716984201
10860,7.436058547368642
10861,6.019935867949181
10862,5.808294865678575
10863,6.492291124196633
10864,4.931242424236789
10865,4.048456454613784
10866,5.897027485919152
10867,5.97985212255111
10868,5.594675280520021
10869,7.0655394521392125
10870,4.6096262415233875
10871,6.717916596103353
10872,2.3684559178714646
10873,5.091040420683197
10874,7.112386028671749
10875,8.675201077709097
10876,7.029684095814333
10877,4.597226170348453
10878,5.690249274552167
10879,6.654649930216674
10880,3.198398302863027
10881,6.970149740349581
10882,6.095958396257393
10883,5.31127819698218
10884,4.323578042280469
10885,6.415481117087099
10886,4.266752547479682
10887,7.109536021184204
10888,6.19995800584766
10889,5.400869985425102
10890,5.921978226022321
10891,4.093874782794817
10892,7.342486609586206
10893,7.137749930540537
10894,5.182585396651713
10895,7.285720843282281
10896,4.785419256213129
10897,7.262723608459418
10898,5.498188459328743
10899,2.2653945380421923
10900,7.941467940532412
10901,6.1767103129170735
10902,6.64831979396171
10903,4.474089972702762
10904,4.313389945135603
10905,1.9771403314331228
10906,4.524408234136593
10907,2.896617885094499
10908,6.11046709860867
10909,7.321859019320187
10910,4.886720406185054
10911,7.848737256659625
10912,8.210974750247859
10913,5.80893592530104
10914,5.927820009613629
10915,7.270588210971441
10916,1.8400885456573024
10917,4.325298752014298
10918,3.9546271454602473
10919,5.7836794841527235
10920,6.136204067837409
10921,7.097494511790933
10922,5.0323698597774635
10923,4.992929832348805
10924,7.702118179687505
10925,9.133969694315144
10926,7.595927352824328
10927,6.040586806696585
10928,2.3614266797099708
10929,8.090033887058341
10930,2.901388019145758
10931,7.540019040668615
10932,3.153132196645454
10933,6.628403248621849
10934,7.987891510577196
10935,5.718390264935619
10936,2.1033679537028394
10937,5.845368691326692
10938,5.849713834906712
10939,2.3886855170171826
10940,2.9225492773761763
10941,3.018415271710026
10942,6.5311768917742405
10943,5.586331984224807
10944,4.380939070329138
10945,8.666592903969484
10946,5.4672110059704275
10947,5.606151011708448
10948,7.442023725955327
10949,6.815115377888083
10950,6.278759728420295
10951,8.920294371953474
10952,6.835048029400573
10953,6.65026646230065
10954,5.401807330568135
10955,6.947696120343251
10956,6.638252445504575
10957,6.688701811216912
10958,9.862166759649577
10959,6.410745774338774
10960,3.920424090876389
10961,6.327946883205601
10962,2.5062885957516094
10963,4.698329462354066
10964,8.976946053921509
10965,6.502127171216986
10966,4.762003705171818
10967,5.388699297491447
10968,7.708000654341867
10969,4.427033363169245
10970,5.3394544751170105
10971,7.3958525791672525
10972,9.048380115290708
10973,5.75142438152426
10974,3.6224943653912365
10975,2.940810644058789
10976,4.773522762179651
10977,7.601850224205524
10978,4.824627178360281
10979,2.913247376751159
10980,9.006567580268074
10981,6.67813295408645
10982,7.255015444284735
10983,8.801631195643836
10984,6.618828456234816
10985,8.664829568366635
10986,8.402339235972338
10987,4.209079720627578
10988,6.678318266489386
10989,5.35758082230461
10990,2.6733062047834832
10991,4.765449713070406
10992,6.00236310581283
10993,6.3060331832971785
10994,6.522796789290134
10995,6.792213997822193
10996,4.99523817869402
10997,5.898249457616866
10998,5.225724117662372
10999,3.0143778879311425
11000,5.803129264338747
11001,9.146320117612756
11002,6.740891854727725
11003,7.318543337677574
11004,8.407405198484525
11005,8.1949800215844
11006,5.811696031945626
11007,7.328694578168563
11008,1.9327790762562254
11009,6.419475729403968
11010,5.679886387369377
11011,8.332228921350609
11012,6.1118512682646084
11013,3.0992304508140918
11014,7.962372708167154
11015,6.690825411723369
11016,6.316408118731078
11017,7.426634250559529
11018,4.213101700587947
11019,7.016324913518942
11020,6.3056164461387425
11021,7.595959581970475
11022,4.40098599564673
11023,2.024869960889954
11024,8.246297139690077
11025,1.6931488848539504
11026,2.9807508130429445
11027,8.140124917637435
11028,4.0506691028839406
11029,8.392344042940056
11030,4.44559234637769
11031,9.486448362507039
11032,4.212000352329991
11033,5.462322238424601
11034,6.011122343354164
11035,5.016266391307834
11036,6.455273446708568
11037,7.368867253241059
11038,1.4794457079692522
11039,6.831927015851857
11040,4.55440809970778
11041,9.739651962360846
11042,1.7768826084192328
11043,6.544133101257734
11044,7.38435706218788
11045,6.80605844056433
11046,6.387263523088586
11047,6.617687122230724
11048,5.839446346648362
11049,3.254692546120022
11050,2.772498546758145
11051,7.974271853994473
11052,7.212625712504622
11053,9.563580428939645
11054,8.011263137238927
11055,1.2335896655294234
11056,5.224255293620931
11057,5.894489733517464
11058,5.9331374587159615
11059,6.231625537301435
11060,5.840522167186089
11061,6.226940149741606
11062,6.045446188904211
11063,8.72964170490338
11064,7.001571110967143
11065,6.74588019245595
11066,6.217117469538472
11067,6.886274925170352
11068,4.57710679791537
11069,7.342183896645648
11070,3.7373469978168776
11071,7.843542151148729
11072,5.020232997902563
11073,4.666051985586533
11074,9.914933906383034
11075,6.309731306589466
11076,5.704593925134238
11077,5.000460624156644
11078,7.172463941632797
11079,3.2799828848963184
11080,7.06793596883362
11081,7.505962033998123
11082,5.413572690650264
11083,3.8750276712968876
11084,3.6259143360516615
11085,5.719655105782893
11086,3.940260550260151
11087,3.879798005806313
11088,7.069055456628551
11089,6.4332166669239665
11090,6.984784992943885
11091,3.046566485356052
11092,4.3377080008237545
11093,6.763782868364602
11094,4.7906989671518705
11095,4.156423050925871
11096,6.592875031905047
11097,4.388079881443421
11098,5.131793394662142
11099,6.249293499963699
11100,4.438458581860113
11101,1.7845822110124727
11102,6.185442864039552
11103,7.93286359280622
11104,7.491936273731057
11105,2.993042332374705
11106,7.0364389891648536
11107,6.335829872530768
11108,5.489555032728064
11109,7.40072470596897
11110,4.2663414889335405
11111,4.628044587719183
11112,7.58543722067194
11113,3.389476679318549
11114,5.83625580153202
11115,9.874158861743219
11116,7.531474120602067
11117,6.65153248381334
11118,4.886850725812268
11119,6.828669571482876
11120,6.563134493936307
11121,6.6228072280452075
11122,6.360466992081539
11123,7.403826770767941
11124,6.042497708033203
11125,5.710560211608053
11126,6.704911976087656
11127,6.005375107847484
11128,8.531097240347604
11129,3.1770945773628037
11130,9.955677429964041
11131,7.664519211916439
11132,4.053386883636174
11133,2.6750605718491447
11134,6.509299216629833
11135,6.248996037722236
11136,5.723757835596493
11137,7.564097195772447
11138,6.506058173935187
11139,6.2096288129021495
11140,5.129111930652388
11141,5.140751904558049
11142,4.856476697085354
11143,7.6959298626695425
11144,4.654441784574119
11145,5.201738569764674
11146,6.933047126931722
11147,6.975725010508434
11148,7.653204221695524
11149,7.449666546586584
11150,6.176553301042959
11151,9.321759846591295
11152,7.1309778724025294
11153,6.684311524329522
11154,5.938781056647033
11155,5.110160518801208
11156,6.78230100092982
11157,5.669186503135685
11158,6.57477618391935
11159,6.749454796525537
11160,2.5876586451421
11161,6.298473566905696
11162,6.986200771368591
11163,6.206305712172658
11164,7.597981154910836
11165,7.25861478511687
11166,7.168400912237113
11167,1.3707452413428458
11168,8.201726844513056
11169,5.5027722470922
11170,7.218028528632423
11171,7.9308096657137055
11172,4.077500092096935
11173,8.266560086457147
11174,3.3674236577208294
11175,3.1597208287475143
11176,4.687390052273089
11177,9.008391750617466
11178,5.574524843281649
11179,3.2074069934143417
11180,6.803095561336894
11181,8.757282829631807
11182,6.13263771496093
11183,4.291616051315118
11184,8.77860315378296
11185,8.631903831855666
11186,4.785043563252472
11187,6.0438912995378935
11188,4.106242130790591
11189,3.4735829128058193
11190,2.4910490976788617
11191,4.986691548172654
11192,4.061590536042658
11193,7.262308237389177
11194,6.073545524731745
11195,3.6655258236702966
11196,6.644431553595295
11197,2.5764529710289445
11198,7.749255303166162
11199,5.927858546116356
11200,7.730643123614881
11201,7.55968127842785
11202,5.414180484248207
11203,4.777233524850172
11204,5.943202671833158
11205,9.144622427881743
11206,7.226293104110901
11207,4.946108548526369
11208,6.162508707131234
11209,2.3790933935331076
11210,8.515702480917689
11211,6.949261225910923
11212,4.076018264380859
11213,4.469476370783898
11214,6.315935393682724
11215,5.462121099847961
11216,6.92489574607146
11217,8.551954922955392
11218,7.8952985758730145
11219,6.831583705634616
11220,5.510031680751562
11221,5.492923175378493
11222,0.9675024513928616
11223,5.375700852215052
11224,8.619049184589663
11225,6.713855973485431
11226,4.217419846494803
11227,4.681938811084104
11228,7.612412004740478
11229,4.804109966094093
11230,3.6652330138199445
11231,3.3898731673769076
11232,5.461982611949541
11233,6.253946671539271
11234,2.479640798044175
11235,5.100359906056864
11236,6.211158216154236
11237,7.746640560297532
11238,8.98262784052222
11239,8.973733289827026
11240,2.896741161221455
11241,7.561366226528244
11242,7.879467037197045
11243,3.90516109865336
11244,3.578725047817051
11245,7.232056473647215
11246,6.527513587464997
11247,4.328282987594552
11248,5.017026751682093
11249,7.3336147501244024
11250,8.019910661484305
11251,5.920661348319752
11252,6.083734519829194
11253,1.8974795684796932
11254,7.535900851973666
11255,4.978661274805009
11256,4.973870508577929
11257,6.920439118470016
11258,7.327308349155729
11259,7.7467249777530425
11260,6.357300264821916
11261,4.2604306229889515
11262,8.338299741788036
11263,2.160447569809176
11264,6.949348755417406
11265,4.487607532383751
11266,6.850365578994032
11267,7.18834888881258
11268,6.65565673935779
11269,7.555340508928325
11270,5.6664318932582525
11271,7.774370493373494
11272,5.351468011527134
11273,4.941257921795363
11274,6.58690718038463
11275,6.670388675787983
11276,6.4114657963812025
11277,5.226278675863656
11278,6.545678982360884
11279,4.6072762663383005
11280,5.611237908180315
11281,9.608532417268705
11282,3.5351647129187396
11283,7.090127199972017
11284,6.609748844697003
11285,4.966069523278422
11286,7.255157392489137
11287,7.139717052907972
11288,6.584774055544308
11289,4.1246993177904985
11290,7.617846479034674
11291,7.018267047685078
11292,5.841554453695236
11293,3.554968149977242
11294,1.5899417440174795
11295,6.740286232779401
11296,3.8517349256069564
11297,7.707453587883954
11298,8.401134547372388
11299,4.862815734647566
11300,9.01032378155596
11301,8.410275331212347
11302,7.300136027431343
11303,6.9601558805202535
11304,5.143289401737937
11305,6.90366010263296
11306,8.10332101303845
11307,6.029226914337808
11308,5.546752833189816
11309,7.2497521753094665
11310,5.603617399491772
11311,3.0186260875394955
11312,6.6970375062621486
11313,6.55648469510349
11314,8.903299197090384
11315,4.816866690458786
11316,4.456030243795659
11317,8.043158219816037
11318,5.914627713311985
11319,8.875744469013387
11320,5.547428173861238
11321,4.872331162424514
11322,2.2197456692811457
11323,4.981233553036561
11324,6.350696266656278
11325,4.301264890125688
11326,6.929205284683957
11327,7.355827538388439
11328,4.237350156044221
11329,6.87791999761668
11330,3.405418128246648
11331,6.150204465831891
11332,9.024065023134046
11333,2.434036426863816
11334,4.259754892129734
11335,6.315792907734768
11336,7.477129577628127
11337,8.09578870748476
11338,6.399398110861833
11339,6.5734812347436895
11340,4.498881839381676
11341,3.593297450486054
11342,7.007291563221508
11343,5.599365108353607
11344,5.200701847462082
11345,7.372671906366436
11346,6.421338383522771
11347,4.873606192427418
11348,3.5017502599248425
11349,6.287544173907053
11350,3.505982935472055
11351,5.453768489300269
11352,9.175541234590685
11353,9.139827818562472
11354,9.214385748900318
11355,5.698005731487843
11356,7.76910119958286
11357,8.4322975497368
11358,4.661275787527007
11359,3.8304257977371305
11360,6.3400163135113345
11361,9.125285710671506
11362,5.896546869599162
11363,3.118469542839773
11364,8.796834779845128
11365,9.093928688278217
11366,3.464482754153938
11367,5.7608941163057406
11368,6.32963749757511
11369,5.181503207459464
11370,7.093717561303993
11371,5.014000799594504
11372,9.206080880991735
11373,8.233455227683512
11374,9.078644509383734
11375,6.976908854844057
11376,6.0147490940995585
11377,5.996689657924731
11378,7.241350058235782
11379,8.197699456289612
11380,4.1153251494716185
11381,4.184580279653833
11382,3.1260122427527435
11383,6.498225403154769
11384,7.119217192620774
11385,8.19284671385019
11386,1.7163064619163637
11387,5.266553198042073
11388,5.53084450113947
11389,5.834757704545745
11390,7.402660384784362
11391,6.92333608670593
11392,4.442526195379733
11393,5.105036391990308
11394,5.725231848503492
11395,3.82686109232293
11396,5.880873608945413
11397,6.540146045346027
11398,7.551092776239793
11399,2.195944635272851
11400,4.788803360521234
11401,7.081398838437392
11402,7.555352151005334
11403,4.884535926166016
11404,5.429288910649536
11405,7.3543455014329915
11406,7.267243136701048
11407,4.342487713133257
11408,4.5208448106816075
11409,3.8423155000921088
11410,7.75330086987526
11411,9.156358242583433
11412,3.5129541404046063
11413,5.475741751253583
11414,6.199074369559844
11415,5.058997534502802
11416,6.661469471653748
11417,6.323812113427711
11418,8.345509595700582
11419,7.290535431472331
11420,5.3312712506768545
11421,3.941032572114009
11422,6.133175823672512
11423,3.468808896439357
11424,7.710815625964863
11425,1.0433213398867494
11426,2.1775827105741112
11427,7.378610459848663
11428,8.67566788834377
11429,7.9911668919267855
11430,3.896149649846545
11431,2.4904036088597574
11432,4.340768297477322
11433,6.028161979054328
11434,6.029662149216448
11435,3.3983660416389836
11436,7.216577601990759
11437,6.210936966692447
11438,7.633974302090263
11439,7.6165700603398605
11440,3.6865397014446915
11441,4.721702746152121
11442,4.05045334860825
11443,4.959420663231933
11444,4.423764405509734
11445,8.73844138918237
11446,8.093538915285604
11447,2.31123583647919
11448,5.9079691584279805
11449,6.752468838449872
11450,6.304788875795918
11451,6.6845541660828545
11452,3.1777949627198008
11453,7.992517716921016
11454,4.416384409143677
11455,5.716295951819089
11456,6.64601925597249
11457,6.549990652585755
11458,7.801614968494085
11459,8.769088185942069
11460,6.677292434824667
11461,6.02442323167433
11462,4.947225646556397
11463,4.829946551373969
11464,5.975709036717457
11465,6.328947290520009
11466,7.9618149005213334
11467,7.016168486835119
11468,5.033873862858857
11469,5.9344241615969935
11470,5.022929382289372
11471,8.115979695836305
11472,6.6087657771970205
11473,4.006802073607124
11474,5.318680369566767
11475,6.943238273617919
11476,4.9581117558702985
11477,4.257318659319014
11478,6.059394757004084
11479,6.267666283154469
11480,7.465576619695312
11481,5.936522609271165
11482,6.987802323625569
11483,8.154207455224046
11484,7.39016641418948
11485,7.556970182590565
11486,6.582279182105266
11487,2.3676772197551204
11488,5.878918539275068
11489,7.570632483350113
11490,6.49182301882318
11491,3.039286077458349
11492,7.261344874380372
11493,4.6356773837371295
11494,4.8174691116077035
11495,4.723878032296937
11496,6.210559948546606
11497,5.807533595780659
11498,5.233939880387644
11499,6.019601509600045
11500,1.9855930845043508
11501,4.532719094459978
11502,5.420444199969788
11503,3.530646322366743
11504,4.6439756854478045
11505,3.0981751455394653
11506,8.504909591208243
11507,1.160806737584362
11508,6.164976289688564
11509,7.182873597743389
11510,7.816211599573679
11511,6.281496037579002
11512,7.788443515032469
11513,9.993121918356637
11514,4.872391903324932
11515,6.064082854900426
11516,3.790785483921281
11517,2.394724680469764
11518,6.231035675343442
11519,6.123243619196174
11520,8.43276686735814
11521,8.92505588171839
11522,4.808297617214768
11523,4.464963692439287
11524,6.914846747379457
11525,5.3960363924736985
11526,6.363384285219601
11527,4.463471159676508
11528,6.461961424385337
11529,2.253784985869023
11530,6.936583762516933
11531,5.6596037261637395
11532,6.988346279286032
11533,2.6733167728110034
11534,3.55159808854982
11535,5.646041523664892
11536,4.519424576299753
11537,6.054489631544789
11538,7.526433658839647
11539,7.132717242361426
11540,6.444954427844339
11541,5.095993378781963
11542,8.041729428408189
11543,5.647561363510964
11544,4.822725085267956
11545,1.5464237694099572
11546,6.856135827538543
11547,6.093908771274765
11548,7.4822707446130785
11549,5.28069375612814
11550,5.5167722714261895
11551,6.290972336072639
11552,8.031074208153356
11553,6.483776944041807
11554,4.412628135400839
11555,3.93501530945685
11556,5.228559982864505
11557,6.112079582156971
11558,6.330747823812423
11559,6.677159565769504
11560,6.283374208071487
11561,2.3982638549120194
11562,2.9416741156750743
11563,2.2856864581262877
11564,5.547942317784801
11565,5.632724364805484
11566,8.58914103540109
11567,5.41135528664823
11568,7.405847968006365
11569,3.816005634551181
11570,7.2204166471212305
11571,7.859683552133295
11572,6.383960358560555
11573,6.4833012204206
11574,5.371529855561846
11575,7.756269967097724
11576,7.511075007923965
11577,6.236874214704338
11578,7.473898332304473
11579,6.170704125594624
11580,3.1243373547770696
11581,6.09138512836583
11582,6.15739762107114
11583,6.723387973658232
11584,6.5975825311476894
11585,2.953255264761202
11586,4.883781655350465
11587,4.309914039602636
11588,7.882318642675454
11589,8.799322825664907
11590,5.467818298830375
11591,6.703987392172875
11592,2.485732976226128
11593,2.06102765237191
11594,6.0612017512849
11595,7.875260588256874
11596,3.8821324229115945
11597,5.097978297740631
11598,7.016014865236425
11599,5.171084057384097
11600,2.81212975282854
11601,5.343838654670336
11602,4.005999672098391
11603,6.274386736674991
11604,6.922829845988678
11605,7.438561861680484
11606,8.670544462125555
11607,4.52410832490751
11608,4.007143965782776
11609,6.481545663849844
11610,6.615595690920588
11611,4.350561309839886
11612,7.470812940271124
11613,8.734921859387846
11614,5.440830999498416
11615,7.74032482984058
11616,8.090998132580612
11617,5.400509721250273
11618,7.097379764398328
11619,4.473032615240616
11620,5.444118449874178
11621,7.7093281745001745
11622,6.765305085781819
11623,5.162513917801501
11624,7.544145276115424
11625,6.491556018537849
11626,7.102567008276953
11627,1.2785340648981702
11628,5.997744004951769
11629,7.547571040188074
11630,7.106545144315239
11631,6.686751931491378
11632,1.7496631683709627
11633,3.067489893106454
11634,8.615801451717143
11635,5.681512744486873
11636,4.713587336967439
11637,5.965480058653077
11638,5.813836872983952
11639,8.068108852001178
11640,6.091389358635025
11641,4.3035363013007
11642,9.991193181277747
11643,6.547272591072174
11644,5.75226167876167
11645,4.802425446348049
11646,3.7829565015114435
11647,4.799399028851842
11648,2.7991455454534537
11649,7.7928749097278605
11650,5.919361607185341
11651,4.586091955917913
11652,5.336028171371482
11653,4.40419023914957
11654,6.747011318832569
11655,9.181845216336324
11656,6.892130368788901
11657,4.912440945433214
11658,7.38200253257093
11659,6.730724239796636
11660,7.538252497768425
11661,7.125905611834275
11662,5.932519445251358
11663,7.878380163239743
11664,7.293397871261241
11665,8.349026416871013
11666,6.756713591842161
11667,7.73203408906047
11668,6.279948556148016
11669,8.096769377829336
11670,3.7538945616164927
11671,5.073019981846327
11672,4.115123613652568
11673,8.475110302845483
11674,6.643978180275795
11675,4.701178440453179
11676,7.977041912604319
11677,3.424187345475089
11678,3.099746907893396
11679,2.1771622757206712
11680,4.040648064722191
11681,5.447581254448569
11682,6.125924058862739
11683,9.108539204726242
11684,3.6481257990562024
11685,4.076741641448295
11686,3.805743394585171
11687,4.338331819692763
11688,9.80457997923739
11689,7.9894967394868
11690,3.3170565990097316
11691,5.590427628903279
11692,3.378046661490097
11693,9.25774375504671
11694,8.003139878888568
11695,4.555340140239548
11696,1.8661363641099464
11697,6.077426964308949
11698,9.424248763932917
11699,2.910951332773263
11700,6.926961578459369
11701,1.2572126324888129
11702,2.621032806737711
11703,7.167809179606777
11704,8.084380289531222
11705,3.386985599746874
11706,5.420527937807404
11707,7.429477727883611
11708,6.885048047917611
11709,6.435770798940895
11710,6.793304232345653
11711,4.188870674723939
11712,7.749320133385689
11713,1.7370714089908088
11714,8.212978383766647
11715,5.879187100998825
11716,5.439219626379753
11717,9.493616706065318
11718,3.028890439456407
11719,8.697760240539765
11720,7.7178092081224525
11721,6.930943140938849
11722,1.3045311145340355
11723,7.303377681339889
11724,9.247315050118393
11725,5.522790388235153
11726,2.4665512490737544
11727,8.432890738228277
11728,6.70640059366563
11729,6.317296678088553
11730,4.059642728187333
11731,5.850724753367415
11732,5.185846728997294
11733,7.407628833084858
11734,5.574705745048883
11735,4.908339953217818
11736,2.3242140886034326
11737,7.233774841668641
11738,7.7459995678634534
11739,5.819150048584462
11740,4.632250910806124
11741,3.6286284136906715
11742,5.131375084466326
11743,3.278503119448823
11744,6.668873347380023
11745,6.545334804161283
11746,2.229581317240522
11747,8.12238307472783
11748,1.810918497622931
11749,5.072966045378911
11750,8.409892036368177
11751,5.840222838732803
11752,7.427154237193775
11753,5.051398999695663
11754,7.861205586271947
11755,8.485946289603937
11756,2.307032271985248
11757,5.4329230086830576
11758,6.564310348987014
11759,5.869063716232739
11760,4.633489869403269
11761,7.523754038895088
11762,3.8076688818141693
11763,6.368773142207264
11764,9.741182741582088
11765,5.2435021244569455
11766,6.047578801910703
11767,7.034963082976017
11768,4.817369209462158
11769,7.263757626388438
11770,6.756550647856088
11771,1.8247850148386675
11772,6.407189122758581
11773,6.225730099356989
11774,5.86165944944518
11775,5.459458240551299
11776,6.521775083381208
11777,3.333502983477685
11778,7.29343545926191
11779,7.723001279662288
11780,6.296556675036535
11781,8.049472060842666
11782,4.277317783705246
11783,6.717092823641489
11784,6.614113419742802
11785,8.409032144500333
11786,8.776461426518644
11787,4.793974940310673
11788,6.980619300651642
11789,4.791976001470175
11790,6.366852074593474
11791,4.1577959804260045
11792,9.697735971601517
11793,5.936826686219761
11794,8.100541697113272
11795,8.399138703161455
11796,5.143220152670368
11797,8.537446789771916
11798,6.7742904005217355
11799,3.4372193996975478
11800,3.8430856798225626
11801,7.090910206381943
11802,3.421249854771951
11803,7.989683853914439
11804,5.556787297629361
11805,6.57827051782165
11806,5.046492925080377
11807,7.867269206740419
11808,7.447386076439658
11809,4.405342432664161
11810,8.345786791367209
11811,5.636481159493263
11812,4.828278841647982
11813,5.7406974895706915
11814,6.362972645290435
11815,5.99484800716357
11816,6.382183978147608
11817,4.240937736967476
11818,3.7625409974161457
11819,5.192030395952174
11820,6.86384522054809
11821,3.012114053947655
11822,4.5359431104588515
11823,4.802797800031075
11824,7.846956798575403
11825,9.855250836082144
11826,7.058399567809744
11827,6.324530583092075
11828,3.6984404852825405
11829,5.645812886349617
11830,2.828290034101395
11831,3.1517824443147657
11832,3.7371053586925203
11833,5.153992732102578
11834,2.969754784605942
11835,7.293419545849366
11836,5.273202110127769
11837,4.479410353756629
11838,5.561311704444457
11839,5.390085877298643
11840,6.748016293275684
11841,4.534343209828867
11842,2.9027393705253965
11843,6.3163109992497155
11844,6.634780639323563
11845,4.478721517839556
11846,9.105256446719633
11847,8.073401355163053
11848,8.126605645858916
11849,3.387011341127958
11850,3.8680097934726057
11851,9.217578157538808
11852,6.940774499123709
11853,8.186940774684922
11854,5.414077840876909
11855,6.345464591455532
11856,7.282789189578496
11857,8.056588832358594
11858,7.232445729011729
11859,6.191903988445564
11860,7.5329341512091
11861,3.603537863804537
11862,6.839742957917441
11863,5.606616566377554
11864,6.234346160671679
11865,5.483541492120333
11866,3.030537337500236
11867,5.69371486088084
11868,5.524506377558702
11869,2.5118154794991474
11870,3.0221710643932354
11871,6.89946525198938
11872,8.843538920493753
11873,5.329123258398817
11874,6.782955031413353
11875,4.723289630679269
11876,9.579474916498619
11877,4.549911417012832
11878,9.989938732749275
11879,8.58273428647598
11880,2.811819992953457
11881,4.773903007429816
11882,3.344363765993405
11883,3.1940619374094386
11884,5.5556869246911464
11885,3.9430503044506935
11886,6.207805299821389
11887,5.009018732791925
11888,1.8054560329681917
11889,7.339410787932055
11890,4.743077195755171
11891,8.195239916395977
11892,1.7273391765896358
11893,6.165998778996659
11894,3.7786977953990686
11895,7.488666713880798
11896,6.6008900516056395
11897,5.79537821795355
11898,3.952892816157169
11899,6.99346137281618
11900,7.81231870698887
11901,7.0234989889866934
11902,9.348052416938271
11903,4.944673165449766
11904,7.0071357095718065
11905,6.6449183815967094
11906,5.792054727632071
11907,4.669186917405396
11908,9.152351594561273
11909,7.242192430141612
11910,8.51034152027048
11911,4.846711292310564
11912,5.847287493671405
11913,3.124716203458992
11914,5.094082105661146
11915,6.94847082210643
11916,6.025849744323045
11917,5.640725131867901
11918,7.019428448784252
11919,5.438822337419987
11920,8.661422917998701
11921,8.121696824828568
11922,5.856769742952222
11923,6.010370316334126
11924,4.317490802668136
11925,4.38735615432161
11926,7.929880350634534
11927,3.757938325783705
11928,6.638647475084902
11929,6.550991668771807
11930,6.095996679965234
11931,7.689708215380321
11932,6.8208209657535726
11933,9.779364241316788
11934,4.8276844066008495
11935,3.3106216266452626
11936,4.0547797968622765
11937,7.414276172800243
11938,6.13251764894109
11939,7.076394785580556
11940,2.476480204293348
11941,5.5210377781492195
11942,6.103940091846084
11943,5.478164022575693
11944,2.0092149235583237
11945,9.406713635323358
11946,7.8607540316427915
11947,3.1555218874484097
11948,6.149255401964246
11949,3.6680622511298857
11950,4.09274106309072
11951,6.513438352760214
11952,7.4099594245996085
11953,6.21851013425232
11954,7.685761968979888
11955,9.852107127786592
11956,4.605878387374559
11957,5.499566370181438
11958,5.077404497426932
11959,7.008732901504525
11960,4.099925438741316
11961,7.111056670933066
11962,6.854228680942627
11963,9.916476498576626
11964,6.97330441238026
11965,5.429824417116816
11966,8.39976503304582
11967,5.9616103542514685
11968,8.24051821177058
11969,6.378133728977028
11970,4.813762526054278
11971,3.6321574923951285
11972,4.306142900649794
11973,7.35948816999062
11974,6.561525828361074
11975,4.045206048726688
11976,7.654790804015607
11977,4.415005801555734
11978,2.24999091553878
11979,5.831973688039929
11980,3.8581541305975326
11981,9.451699734485114
11982,7.373139978745701
11983,5.612216091162407
11984,6.7659495782677475
11985,9.248737186211654
11986,5.001941955686216
11987,6.846371777990316
11988,5.433088570308513
11989,6.412041616148245
11990,7.604296567462759
11991,6.372081282081936
11992,4.707763033773842
11993,3.9622631478228256
11994,9.327970385099723
11995,6.829076902730413
11996,3.752153634551745
11997,6.480817311520522
11998,4.625392026169281
11999,5.437758792968905
12000,8.610842801439343
12001,7.8537478194824795
12002,5.45110158269855
12003,1.6535947184173934
12004,6.69460419596011
12005,4.3235260702182
12006,5.206260586487347
12007,8.942476785053728
12008,8.166825220250104
12009,6.312775696395248
12010,4.3270798254437794
12011,4.281725517768758
12012,3.5452306290061895
12013,4.990158601951397
12014,6.681048837963131
12015,3.966343927665531
12016,8.086870458872744
12017,3.7495544152789257
12018,4.367211862974285
12019,5.073776527623858
12020,5.196013916241511
12021,2.807990769501775
12022,4.9667864947527685
12023,4.06768063417337
12024,5.281334177272757
12025,5.3167961982980865
12026,4.178769272338328
12027,4.8441529521555085
12028,6.387280974544092
12029,4.042375543589068
12030,9.317713935109026
12031,5.001578656359418
12032,5.401485306159681
12033,8.340715468130899
12034,7.756699949542705
12035,9.868157394836281
12036,6.680522320440619
12037,7.540477390197259
12038,9.43288034843039
12039,3.186697940571836
12040,7.699108820687648
12041,6.791706531189285
12042,7.387847618704531
12043,2.70148911359312
12044,5.023772096783297
12045,6.340854682985868
12046,6.756765463130634
12047,4.280218846310816
12048,6.0143954459042845
12049,8.232106113975004
12050,6.894978404508484
12051,7.683644165812564
12052,8.761787631455807
12053,6.969838660406216
12054,6.300732526468988
12055,7.648638150866824
12056,8.701494295380854
12057,8.89006355033977
12058,7.0267705198903165
12059,3.8324946129641773
12060,9.600558155584007
12061,8.006692510548957
12062,5.64551115529047
12063,6.5758185650398495
12064,7.7380142982328355
12065,7.681275611502548
12066,5.277731473248353
12067,9.732170857141815
12068,5.175730393308898
12069,5.9606365952133
12070,8.3611772614331
12071,7.034729144505265
12072,6.602396638286332
12073,3.585245138356737
12074,5.8030416989768465
12075,8.53715347801261
12076,6.318671541245899
12077,3.041082322041969
12078,3.973199001405941
12079,5.539659651329621
12080,6.527783558799147
12081,4.545653963923095
12082,2.030844998108327
12083,4.966704750765739
12084,6.758736725847084
12085,6.337445993047819
12086,6.682130134940113
12087,7.9251015119813335
12088,7.095561254638598
12089,6.352815428930811
12090,5.3590260514223855
12091,3.3038246131893048
12092,6.2411901866200346
12093,5.746032629805521
12094,5.033495603681625
12095,1.9312275997679809
12096,6.366250477308937
12097,3.6500796365760886
12098,6.236354691917938
12099,5.94534705827006
12100,4.453544394772443
12101,7.849611445437336
12102,8.728678379714152
12103,6.064350008646554
12104,6.03120481892536
12105,8.563245989757991
12106,5.3890363164352495
12107,8.140038371576809
12108,5.757677745530618
12109,6.79906488140344
12110,6.764191597555556
12111,6.152073209086453
12112,6.240472046046551
12113,5.984732653322602
12114,7.624443943383282
12115,7.154313242875376
12116,7.019378976093145
12117,5.987703005909288
12118,5.169149945850235
12119,6.944963328883703
12120,5.8468138866323365
12121,4.016972664250995
12122,5.117129468090807
12123,9.987713092816616
12124,5.716904218068287
12125,8.060683551590357
12126,9.054282651057369
12127,7.339269857848486
12128,7.6826280607817115
12129,6.812528057751293
12130,5.556466777004455
12131,7.743232264738724
12132,4.766519130710976
12133,5.977261180694012
12134,6.199331783148055
12135,4.671010234294028
12136,4.366982056907103
12137,1.2411702677222793
12138,2.716849794311581
12139,3.2464115402390945
12140,3.65025974913383
12141,9.174512746307117
12142,8.791627454469763
12143,7.579759947168422
12144,4.485475804637846
12145,8.43674909436062
12146,8.991005574839079
12147,7.580228494437772
12148,7.994116762275454
12149,5.930218239008079
12150,2.6588417939330795
12151,7.993187076490117
12152,7.977092212218699
12153,8.852683921556203
12154,6.844930365478652
12155,6.288140611942054
12156,9.215554690347975
12157,4.29046198890408
12158,7.2323740140099195
12159,8.56286173115343
12160,9.394706815679191
12161,2.434386686223363
12162,2.764605182663045
12163,7.583447673933976
12164,6.151503971172556
12165,7.960372986403821
12166,7.8824494155960965
12167,6.211591742341648
12168,7.199738778904274
12169,3.52435674607896
12170,6.626964018613136
12171,5.993062854411956
12172,5.6640602918160985
12173,1.4505178270138381
12174,2.8034655343480543
12175,5.920798406357955
12176,7.484096393790211
12177,9.850059465999927
12178,4.724969504309694
12179,7.3511190166148905
12180,9.490831485462529
12181,3.5634101228506307
12182,6.782982303453432
12183,2.761415464124105
12184,7.765269513909243
12185,6.498846575081501
12186,4.254677519743414
12187,7.653764775540079
12188,4.496667608221911
12189,4.92855124690013
12190,1.6656866706840545
12191,7.276248783291311
12192,7.931900779416365
12193,8.400458741458559
12194,6.68112234282593
12195,8.210175150712077
12196,6.340428368309893
12197,6.917793024823084
12198,8.492374238641098
12199,2.716690876588073
12200,5.2916679456776325
12201,4.612033837936698
12202,2.1077552502286063
12203,2.4521688336209797
12204,6.319059587439923
12205,4.612291344936442
12206,4.8670150370701855
12207,6.072251035726164
12208,2.978803529720295
12209,5.411721900046199
12210,5.220561140642301
12211,5.158819708636965
12212,8.285011023030638
12213,5.9598345970746545
12214,4.30195130600171
12215,4.189913272265623
12216,7.534529847582348
12217,4.978404810457375
12218,6.073001356712647
12219,5.2890475269700525
12220,8.51525062173415
12221,5.26142605014213
12222,3.2796819075474115
12223,8.179034259910244
12224,4.595712119670325
12225,6.328739307817922
12226,7.642528285165717
12227,8.48716798326565
12228,4.417012860672523
12229,8.200325525152886
12230,7.2969636350515765
12231,7.843917416525292
12232,4.588016922558341
12233,8.155969137721229
12234,5.614314023956635
12235,5.843083778118578
12236,8.7200643845918
12237,6.654821909794198
12238,9.280092929452668
12239,4.074562600492803
12240,8.46304607445371
12241,3.1138743574402175
12242,7.494806482245016
12243,6.169579293176323
12244,6.3681482215251615
12245,3.632035681996699
12246,3.3278661032961905
12247,6.576075700271558
12248,3.6042948737462934
12249,7.380815757305449
12250,5.628087543260358
12251,9.157798093642048
12252,4.097586785034964
12253,8.907105431788523
12254,6.755665790122967
12255,7.692853888683621
12256,3.664483944103842
12257,6.003489212098672
12258,5.0814703102375915
12259,3.54265216928666
12260,2.660589981000905
12261,4.120739203263793
12262,8.036199457123239
12263,6.23071141621146
12264,5.377587997245424
12265,6.54323474944696
12266,4.939800286474542
12267,5.679836444203671
12268,4.870539208497816
12269,6.918186142411533
12270,6.604729662988784
12271,3.1135712971353207
12272,3.970478620377182
12273,5.404283659107163
12274,5.33480286672812
12275,8.552683413035798
12276,6.064396204999819
12277,7.078077817159352
12278,4.091925710603796
12279,6.732686417201944
12280,6.243006532399646
12281,6.349058020725365
12282,9.053503894341166
12283,4.316727765666763
12284,5.656296299999016
12285,7.596950926836212
12286,8.057262296856738
12287,4.736052307151524
12288,7.763317195163376
12289,4.1572400687448745
12290,4.221807476035943
12291,5.185784570872448
12292,5.171851890452778
12293,7.273662066846413
12294,5.8200471372885305
12295,3.2683470433480553
12296,4.228490714901676
12297,3.939595522287527
12298,8.249221161950238
12299,4.040076487257185
12300,3.9222732901911406
12301,6.797534253508812
12302,2.5638597984254585
12303,2.1884617441323337
12304,4.125258548865893
12305,3.8429791145634864
12306,6.005023420729081
12307,9.113912928651187
12308,4.689945193316546
12309,5.136700046906651
12310,7.257162781462263
12311,5.477415691504301
12312,4.953496274088109
12313,8.001596202467745
12314,6.580321442836862
12315,3.9518807528019466
12316,7.788961151879403
12317,5.55923943054702
12318,4.094784382458528
12319,5.283815055915116
12320,6.040763508732569
12321,6.695857679282105
12322,5.682026712474937
12323,7.5038969221486225
12324,4.532015035437218
12325,8.111451889382478
12326,4.087886253842106
12327,9.150766110771738
12328,4.863667426608795
12329,6.791345442254725
12330,8.33898809811382
12331,4.178696305734264
12332,5.875006140959346
12333,6.877921779434653
12334,7.9217577203221285
12335,6.491448863814961
12336,5.997186528569626
12337,3.0797375471884627
12338,5.862988786385036
12339,6.715309900619523
12340,6.3443648910139965
12341,7.140613692011766
12342,7.167306433304788
12343,9.980434490591719
12344,3.1593196216703827
12345,2.070140993888794
12346,4.884774593969652
12347,4.167287907929003
12348,7.484385526681284
12349,7.0979646222955655
12350,8.953111004868266
12351,8.933332026341981
12352,6.441467987820053
12353,5.211121818968111
12354,6.865105242415373
12355,6.656226106713913
12356,8.749521964899188
12357,3.8294456232533123
12358,6.159564895537569
12359,4.609511766957474
12360,4.576039054502576
12361,5.889994781784295
12362,4.643625958695354
12363,6.839575925742418
12364,4.475728721108461
12365,7.937015104352391
12366,8.421016669540764
12367,3.7720183958848827
12368,4.46007278651472
12369,8.94725629680908
12370,5.061397961487217
12371,5.336801293463951
12372,5.665882278834846
12373,5.788536628535646
12374,6.828963743990184
12375,7.579538582648461
12376,8.874216018957267
12377,9.475395232690607
12378,8.876003130637846
12379,6.460974016864167
12380,8.378686717312362
12381,4.434999921837111
12382,4.851396229019183
12383,5.8304216907189454
12384,1.01280027404097
12385,4.3435786420352
12386,5.1685039074858965
12387,3.814384178824154
12388,3.1684009896407086
12389,6.823322974335809
12390,4.559006741632218
12391,4.93150666647024
12392,7.313977256591679
12393,5.297188521494342
12394,3.0705700035871715
12395,6.179908134055954
12396,8.684878517017523
12397,7.0351356560907625
12398,6.604642991613013
12399,4.75842140079516
12400,8.313845222509864
12401,3.7396627012934607
12402,6.9898621556815055
12403,6.237083550656307
12404,5.842608200265553
12405,3.9492298474546783
12406,6.051521015014653
12407,4.801303407135007
12408,3.7730657912147674
12409,6.276767072311626
12410,4.529708323065272
12411,5.387560780594852
12412,8.945469569548532
12413,8.465588739699038
12414,5.861021229107378
12415,6.224747770589337
12416,4.145300905501232
12417,0.8958629190168406
12418,6.152721858632565
12419,8.87065666813741
12420,4.833934786651535
12421,7.295109342712618
12422,4.931009099218961
12423,8.32585458678532
12424,3.144129737086281
12425,6.384491502319193
12426,3.3915405727395687
12427,8.04139518555342
12428,7.501492784031917
12429,4.8029966185172155
12430,7.840319206678886
12431,4.048448474041495
12432,6.113120550851712
12433,6.472580014441809
12434,9.028340215140158
12435,7.929550387881318
12436,5.1376601323954665
12437,9.97713828713107
12438,5.439302253320951
12439,6.170807577856958
12440,9.288168912669825
12441,6.852221108963628
12442,4.49559150012441
12443,8.261032461634787
12444,6.370134584485128
12445,6.574452298305779
12446,5.310498656397594
12447,6.680360409122879
12448,6.042603128228505
12449,6.483793855405169
12450,8.537024027202829
12451,8.976141878883217
12452,5.769679823047954
12453,7.429311160098535
12454,6.890624464377523
12455,5.100246109398282
12456,4.714119982772769
12457,8.369791755952319
12458,5.84708891238224
12459,0.22600876768980965
12460,6.118303177545082
12461,9.465501243419839
12462,6.024038739443928
12463,4.486061734477669
12464,7.155366228962573
12465,7.116829154899638
12466,5.30474578823585
12467,7.665806774793999
12468,7.58604081378045
12469,8.16458988711362
12470,6.333076586107248
12471,5.384659526853833
12472,5.271872265142141
12473,5.55120979030224
12474,7.690750784702331
12475,3.3880397150943216
12476,1.5073670057190793
12477,8.65766574880478
12478,9.185096875542694
12479,5.60675918097122
12480,7.665391948807681
12481,4.7928693889217495
12482,9.624994321873078
12483,6.401071819012891
12484,5.0012894397163326
12485,5.0669954430848465
12486,6.218956270749394
12487,6.546827197360833
12488,6.370214513566587
12489,5.141798611619411
12490,6.850971069439748
12491,4.78923202372524
12492,6.279516768106924
12493,5.633101371022075
12494,7.438829046303425
12495,5.89460572200657
12496,8.263844779365584
12497,7.537074694258025
12498,8.513705255564016
12499,1.858337453614617
12500,3.2421490170881295
12501,3.9305039315065393
12502,6.541889257577335
12503,5.572595638744468
12504,3.82685194739046
12505,4.9188355815786595
12506,0.8584235428868155
12507,7.257573022709537
12508,8.142598397350607
12509,5.149777721360526
12510,6.990862728364356
12511,5.481351397967906
12512,9.254259322819097
12513,6.133512251554308
12514,5.739469686786375
12515,5.598325547744146
12516,4.232356048971527
12517,4.299247001227213
12518,5.591661837189281
12519,6.023482231749414
12520,7.941185782896689
12521,5.107716908709724
12522,6.452459458151458
12523,4.016299625646812
12524,6.277892315397064
12525,2.207091013161335
12526,3.9026942992040388
12527,6.898131221662619
12528,6.733763074266395
12529,5.58216026988156
12530,8.66486181110297
12531,6.2934721578576545
12532,4.578774586928799
12533,6.156928991923758
12534,3.9618919938564146
12535,6.88269467964937
12536,4.235264311321957
12537,4.680095522376697
12538,3.4005942657727526
12539,5.189074828094875
12540,8.41605772374227
12541,6.890514484757959
12542,8.615049525399922
12543,5.4528358729445445
12544,9.525896957639258
12545,6.2479221067311554
12546,6.393300069933254
12547,7.233947775135989
12548,8.024923931077725
12549,6.03531160821796
12550,5.556670981215468
12551,1.6593675369127843
12552,5.0298392704930075
12553,7.312986191721582
12554,2.0079750461668913
12555,9.968728392805112
12556,8.40372220019882
12557,8.373147916659294
12558,3.5928831843562477
12559,5.59283936946443
12560,5.232270366217947
12561,8.702222301529897
12562,6.4614953273227105
12563,3.4347808792976373
12564,7.815510504234068
12565,6.77386567771484
12566,6.377169238667407
12567,3.6555954324693984
12568,6.064334752562995
12569,6.180830223763181
12570,6.200034868132723
12571,8.54001116711079
12572,5.208463988296652
12573,2.938240290228102
12574,6.852641407305366
12575,5.869626333256804
12576,2.594455686446584
12577,5.571984732879947
12578,5.9029331961252245
12579,6.445562592808196
12580,6.274532345796226
12581,5.619009686004346
12582,4.253092074801864
12583,5.853699826766449
12584,7.612083573492067
12585,3.9632905766833564
12586,7.403969173642831
12587,7.989824050374781
12588,2.3094154402961546
12589,3.3796269788288216
12590,8.825057142680544
12591,7.106957071559267
12592,6.232272793820458
12593,6.743455677269322
12594,2.778403556903096
12595,6.920466709791364
12596,7.750230404381157
12597,7.139564893531185
12598,4.923976022316066
12599,6.2215759829004735
12600,4.316349299681948
12601,5.8662644339338
12602,5.481636267007215
12603,8.642604567025131
12604,9.345595098605848
12605,9.585404344755366
12606,6.193245439921636
12607,4.381485016284349
12608,7.162458236244678
12609,4.509875476427127
12610,4.79812068708612
12611,4.469952025123695
12612,5.675014532659538
12613,8.42236454699531
12614,6.4456935429357385
12615,4.9177342070881425
12616,8.332539590829054
12617,2.0053502761589574
12618,5.127587370022036
12619,6.634008008264613
12620,8.311584627924562
12621,7.760047807671169
12622,5.5406413186502395
12623,6.543239191859486
12624,6.685268342259838
12625,7.312743130941215
12626,6.163730232795112
12627,5.559614811983243
12628,7.687184552680839
12629,8.06989177421488
12630,7.614822993287108
12631,5.9528573347625535
12632,4.004619675002763
12633,6.768906364555022
12634,4.695112674351725
12635,4.9253179691523865
12636,8.174876074983793
12637,7.530409243483203
12638,4.245048532783022
12639,7.551375500460824
12640,4.5244068270172075
12641,6.1282446126503345
12642,5.571021850055688
12643,7.3665973844049315
12644,3.020014108734314
12645,6.036790106465573
12646,8.318392462835376
12647,6.921634373879983
12648,7.473456040177414
12649,4.470371085558341
12650,4.289215915251062
12651,4.841708777623374
12652,6.730737879836461
12653,6.062831997424125
12654,3.7319561219061375
12655,4.93916978567076
12656,4.691009726127778
12657,7.227085810298726
12658,8.08242157965606
12659,6.009599465359595
12660,6.1605944522483345
12661,3.4116848412175287
12662,6.1957868498554465
12663,5.755700311301388
12664,4.150476783088728
12665,8.683973718351462
12666,4.839243641583532
12667,8.472979110134577
12668,5.392039685474713
12669,6.5007355695798825
12670,5.355716299226674
12671,7.796092104061943
12672,6.834738674059083
12673,2.858815659512315
12674,8.553906348583505
12675,4.606489042976751
12676,7.974486147762616
12677,9.978143061996692
12678,8.920431961496906
12679,5.954608974064125
12680,6.728327777001988
12681,6.739342997637909
12682,7.455373072278829
12683,6.440499045077681
12684,6.878367963615246
12685,7.222923530344471
12686,7.445824820828492
12687,8.388574627605488
12688,6.18536289162221
12689,4.5708812248703605
12690,8.974988618719209
12691,6.0003212078652055
12692,8.12340052483132
12693,8.026337295234404
12694,5.416926429511288
12695,4.63542597900914
12696,4.575548201315657
12697,4.14076493072826
12698,8.222491918562552
12699,6.279971391932123
12700,8.124612558503566
12701,5.4049125475077044
12702,5.323688453339721
12703,5.9045037334805865
12704,1.457898828969149
12705,3.0409967318955395
12706,6.64499325459656
12707,2.7299552367810014
12708,5.909186776218962
12709,7.692028019760134
12710,6.4085354058103
12711,2.0150279385813508
12712,5.187786601707713
12713,5.7034892209459995
12714,4.049126285066362
12715,4.846263966643438
12716,7.604759203523221
12717,6.023034487664559
12718,5.1348033308878325
12719,4.802797434957718
12720,6.111675999275606
12721,8.825802084119966
12722,4.522272633946987
12723,6.4858375726628035
12724,8.293529531231087
12725,6.416827768335961
12726,7.222065874576988
12727,4.827053767195111
12728,8.217446250883096
12729,3.8791149050676133
12730,7.387088893557279
12731,9.21400500019931
12732,5.646739988481505
12733,4.439337473336608
12734,6.7514798095489175
12735,7.496741418670515
12736,5.960010926405782
12737,8.300441475352361
12738,8.118672836568743
12739,8.432979277676104
12740,5.126005187004499
12741,1.936897322691766
12742,5.916659222541793
12743,8.612875809298181
12744,6.311650572563978
12745,8.765612995496557
12746,4.029339368041812
12747,5.684326725508696
12748,6.159044240739493
12749,4.191906774213541
12750,4.713499444808473
12751,3.8690851842075418
12752,7.086622344211971
12753,7.857113865944201
12754,3.038367341619624
12755,8.765652757254763
12756,7.17880046677542
12757,8.441715965388347
12758,5.2942670715091715
12759,6.643017340622111
12760,8.379639962032911
12761,3.729795636467585
12762,8.705162581341646
12763,2.1071427138826357
12764,4.7249485458441995
12765,6.902670248105137
12766,8.140331252110117
12767,5.363679065373459
12768,5.501532544454309
12769,3.802217502890931
12770,6.552660893199667
12771,6.573619895594613
12772,2.611634904376471
12773,1.4738319077032547
12774,7.789137102738999
12775,4.988262770173324
12776,5.2640345047076496
12777,6.861354426753319
12778,8.187753289608553
12779,8.04929764597971
12780,7.292637091235802
12781,3.6935371961931662
12782,4.512957771491779
12783,6.957122100957593
12784,6.377839763021328
12785,4.518115369610568
12786,6.946457947115345
12787,7.593792214258043
12788,4.207829361605557
12789,4.33259149067327
12790,8.676139411062634
12791,6.262591610592434
12792,8.531564795696697
12793,7.213857839801353
12794,6.774000953678816
12795,7.150190962487469
12796,8.21336829285104
12797,4.406174177645263
12798,7.551620925206583
12799,6.213249297791233
12800,3.231875429193541
12801,5.958217246803478
12802,8.819841112495922
12803,3.8934960073464673
12804,5.332760636663787
12805,3.0172942553614868
12806,8.477398261568371
12807,4.53557335872382
12808,4.620847232133652
12809,4.8910687070502155
12810,5.749422553690184
12811,7.656623268760975
12812,8.624239801140241
12813,7.737578745395829
12814,7.766446197732009
12815,7.443403199277216
12816,6.402236952867115
12817,4.9275333862461785
12818,9.101964404083864
12819,4.754524149124186
12820,8.45379190948989
12821,3.2121138675381937
12822,5.716512978210064
12823,5.0054193548933394
12824,9.729065783173743
12825,9.31214911716007
12826,8.559559840205608
12827,6.266277837010001
12828,6.367945783363057
12829,5.963756676619885
12830,9.034738872906843
12831,6.169710673924036
12832,5.414035152833761
12833,7.65859554768491
12834,7.4131733381231575
12835,6.3609268629190625
12836,8.772647041992519
12837,5.012401760343685
12838,6.665091622359765
12839,4.30522241439151
12840,8.564091310283466
12841,5.19150061753771
12842,4.029016088999107
12843,6.955414097070548
12844,5.536829814472623
12845,1.9677180263695733
12846,7.661144777507187
12847,4.140815372962596
12848,4.917374396821103
12849,7.347575526230787
12850,6.851470743488532
12851,4.718043649523426
12852,5.764657123798411
12853,5.978826342889816
12854,2.898830341218099
12855,5.7151157763402
12856,4.216220184486834
12857,4.557999983416891
12858,5.19850034851165
12859,4.820551775016792
12860,8.458674227816886
12861,7.1415067466510775
12862,6.449763726950044
12863,8.88675441559962
12864,5.136333420805533
12865,6.279111986444525
12866,7.317070792547979
12867,4.296851608856259
12868,6.299845822424477
12869,8.687126987942719
12870,4.8963963197233795
12871,6.981663667784894
12872,4.383012250264746
12873,7.7922442534493515
12874,5.079803241621929
12875,1.8691343727672158
12876,8.072487767700547
12877,4.765578946259115
12878,5.096333076256875
12879,9.001550016534914
12880,7.237961272580011
12881,9.416337611326687
12882,6.1723984604703865
12883,7.887567114835196
12884,3.847860959512241
12885,7.567573708639386
12886,8.388386842294736
12887,6.6359723914108955
12888,5.187319993624379
12889,8.454660119239742
12890,4.368991663775477
12891,8.418692570103154
12892,4.719308171047944
12893,6.763676444115221
12894,3.508143531495315
12895,5.498529014735859
12896,5.806179947346303
12897,3.7826216331628295
12898,6.6704825037864355
12899,8.303614704743243
12900,1.807352733781763
12901,7.616674361584727
12902,6.473847722793452
12903,7.525608455081078
12904,4.770024772583713
12905,9.401335729280342
12906,6.695424207051298
12907,2.1149485570282867
12908,6.494243975908471
12909,3.60889638600459
12910,8.917664056476859
12911,5.770935563609892
12912,3.069409205237857
12913,6.828682822808828
12914,4.7860526022028
12915,5.150169844247351
12916,6.873760645038868
12917,7.866497311630608
12918,3.343522948326344
12919,6.906468434757953
12920,6.172573049582737
12921,4.578545345708477
12922,6.795638843066508
12923,5.743172218079724
12924,6.828265135962925
12925,2.3711034907110924
12926,5.201250122543687
12927,6.109262411916851
12928,6.564852430128164
12929,8.383711277332546
12930,4.101497044043728
12931,5.021973772153191
12932,8.359032143526603
12933,8.184706200738194
12934,4.690250508507873
12935,7.622261329816036
12936,4.748684678212363
12937,8.059618537027111
12938,8.32937393466149
12939,7.117387956121217
12940,9.56285737976498
12941,4.166842747864607
12942,3.830059055055722
12943,8.976474629536515
12944,6.568699534626229
12945,6.3118552314599325
12946,6.921860399257677
12947,5.37808873944398
12948,4.894844769740456
12949,9.068785965726665
12950,6.5268956313264335
12951,2.4041880094127874
12952,5.70363522858274
12953,6.180193178004839
12954,8.859497091215916
12955,2.242235440372325
12956,5.271249109112682
12957,6.0760464799067595
12958,8.417108110918655
12959,3.612763933630582
12960,2.3149581251455285
12961,7.279659895860758
12962,5.399481550052397
12963,4.900946374016378
12964,7.72992739681627
12965,4.536052857711689
12966,2.9420512188811405
12967,5.422792193033528
12968,4.972400993577692
12969,4.715794492626367
12970,6.191512055845684
12971,4.427841839405708
12972,5.596652378026773
12973,6.9473905016292745
12974,2.8909783756595933
12975,5.623917612637161
12976,7.442921701470141
12977,3.06203628610135
12978,8.434657317560857
12979,8.059408170860602
12980,4.813367799227781
12981,2.9105434964835446
12982,9.790524626903835
12983,6.51498037123862
12984,5.148487048897396
12985,2.9216337259464447
12986,7.812098931531462
12987,8.147833215201963
12988,7.444685270853108
12989,4.2254889380185565
12990,5.931223763865399
12991,4.526075511620258
12992,5.399917364270325
12993,3.897446141283912
12994,6.724991548299464
12995,6.53754552648652
12996,4.5368627021063705
12997,7.02492838570282
12998,6.470926315695996
12999,6.165036279379741
13000,4.375681122245698
13001,7.687625046157813
13002,9.381462276959802
13003,4.872909838260878
13004,8.97377383785352
13005,1.3947940279058129
13006,3.8771073697477014
13007,5.269101229361128
13008,4.358324051602103
13009,8.638610727541362
13010,4.969475640134023
13011,7.297297529813277
13012,7.888106138728494
13013,5.24444434791561
13014,5.489331559598866
13015,6.168191178436913
13016,6.7097371502978636
13017,5.907735825195036
13018,2.6345161797654426
13019,4.5037188019913765
13020,4.817027695589723
13021,7.0673514240978434
13022,9.12008563582034
13023,5.913547474953611
13024,5.276332504020259
13025,5.759638805733831
13026,5.343778957499181
13027,7.491551831257021
13028,7.77242841719154
13029,4.671732551009232
13030,4.808933585995112
13031,4.663554975657673
13032,3.20892995181723
13033,6.737266386361954
13034,4.304792595502825
13035,7.5645496477044105
13036,7.196833494051673
13037,5.491424721877689
13038,7.144400202863873
13039,6.414379167380752
13040,4.977653243530037
13041,3.2126665364634364
13042,3.5936045613758245
13043,1.6332659348610605
13044,5.5628683331792255
13045,5.029710067044893
13046,5.029802262644952
13047,8.67023924797883
13048,7.636026947397792
13049,6.998843124190154
13050,8.27470088023508
13051,4.30524414742176
13052,6.578727679500067
13053,6.907194205784659
13054,8.893242138901746
13055,5.22959752325072
13056,3.517118675638626
13057,2.0612781832005034
13058,6.5856282529893475
13059,5.944072999469088
13060,5.9219892398436755
13061,4.375132322004009
13062,7.238832615448093
13063,9.339325877202645
13064,1.7269449188136676
13065,4.504086526193403
13066,6.982822481698795
13067,9.07496484028803
13068,7.458830445100942
13069,7.429625052274092
13070,4.5955774133163825
13071,4.848414680494772
13072,5.997544476438342
13073,6.408249522603536
13074,3.8811265286408703
13075,3.6449179115120662
13076,4.722481284401769
13077,5.7151028221983875
13078,6.275431223780081
13079,4.089821550459563
13080,7.6329229519431925
13081,5.7802517285374
13082,4.272785532070653
13083,3.4639224622981475
13084,5.08229455402423
13085,4.586488196363852
13086,5.8452675065743245
13087,3.2908032068312827
13088,3.2229030450049216
13089,9.275787674689628
13090,7.824245540662842
13091,8.034291550001972
13092,7.507642764830889
13093,5.979426022591015
13094,3.07562475603518
13095,5.476355786652202
13096,6.080773590680093
13097,4.119686845323495
13098,6.420055193355033
13099,8.524080797589297
13100,4.255874769093336
13101,5.638271989445383
13102,1.57072250205916
13103,7.090936332903945
13104,6.687957794158738
13105,6.835408683001993
13106,6.213926697285991
13107,3.776229999922445
13108,8.702785700971473
13109,5.610834473415595
13110,4.588471331736819
13111,5.609492522230595
13112,7.46924342983187
13113,5.930085274708179
13114,8.714086235760693
13115,6.515480026718625
13116,8.12283381135598
13117,1.837297754740048
13118,9.807283946898087
13119,6.407288295096458
13120,2.9484892989950184
13121,5.534211723447386
13122,6.7966789519160375
13123,5.861140442366107
13124,4.132209503099382
13125,5.136656700712243
13126,4.472914013614235
13127,2.1402699461355232
13128,7.7909071231710465
13129,4.653350353597538
13130,7.322108727341404
13131,2.075776804064928
13132,5.959594575158065
13133,5.121993080070196
13134,7.2957707255307085
13135,5.00257236569186
13136,2.4352245534433665
13137,7.028799863448884
13138,6.761769795649219
13139,4.867974286003588
13140,8.783338916023903
13141,6.552161269956686
13142,4.454600216419677
13143,8.273246076166487
13144,7.7055500227520515
13145,6.075761834399491
13146,7.137893938468325
13147,6.4647472973869355
13148,6.502037223380173
13149,7.384253182949003
13150,3.771305709340553
13151,2.8202842891806617
13152,7.0821991604069465
13153,3.599460032503651
13154,4.4373220943655785
13155,7.254486526595885
13156,4.790761590192046
13157,4.605198133153561
13158,5.058267991216005
13159,6.721721794982051
13160,5.765037121657837
13161,9.871702798421675
13162,8.104553958488172
13163,4.372043236139986
13164,7.56065873915346
13165,3.8145990924676236
13166,2.8403026808535077
13167,6.176876396135709
13168,4.099703961265674
13169,5.62339513737343
13170,7.582316711728814
13171,7.102214161925771
13172,6.236481179440419
13173,9.40233388443863
13174,6.551771623048427
13175,4.505312593150925
13176,5.732635502093878
13177,7.727278767814083
13178,3.471830617844068
13179,8.59718055922601
13180,4.561668990922135
13181,3.5072119788549956
13182,8.154528969264108
13183,5.731919485463471
13184,6.7953266893327635
13185,7.287648129742179
13186,7.845316126734554
13187,7.31579883691973
13188,4.337250041005175
13189,4.483496013029121
13190,5.846411492716328
13191,3.305788412481434
13192,8.457867733790707
13193,7.638027020543272
13194,8.366605428753411
13195,6.106632021907623
13196,5.469609235157003
13197,6.3014216185965095
13198,7.415503795142954
13199,6.399246132943177
13200,9.07618935074102
13201,2.7202521315910713
13202,5.288375424209324
13203,6.974958349160964
13204,4.481484423114627
13205,6.202646677011265
13206,4.170632296146451
13207,3.455024241516014
13208,4.474854568058882
13209,2.6448743299995536
13210,2.8265647123659674
13211,2.6580425191150003
13212,6.8396449753809545
13213,6.753465664817748
13214,5.008505349377165
13215,2.8437561485029503
13216,6.19504632208316
13217,6.252959373994357
13218,7.937001062057957
13219,5.860383873141291
13220,6.506541962345763
13221,6.333113472682058
13222,9.48654888608804
13223,4.842432370774625
13224,4.2023473463412
13225,7.634010205798074
13226,5.945177984313882
13227,5.459049335204796
13228,8.497311163527412
13229,9.1372651436028
13230,6.310184212516364
13231,4.177526647391337
13232,7.769676590355899
13233,0.3602153215097843
13234,5.388005360433109
13235,6.713423945984529
13236,6.4641211636740135
13237,7.230276204454419
13238,5.626895921943781
13239,5.272643397628631
13240,3.5825366247537236
13241,7.8136588505596585
13242,5.020660200722596
13243,6.815413189674649
13244,6.095695592622975
13245,4.98731959702324
13246,7.081134456535974
13247,8.289860433213596
13248,4.815939092856261
13249,4.728527159160694
13250,7.8406022686433285
13251,5.29001124557386
13252,7.954575095402552
13253,5.648176862637593
13254,3.287050388853336
13255,5.705333121415229
13256,6.658586890125298
13257,7.078029391315363
13258,8.099923216593213
13259,5.2294571549816125
13260,8.592229093408847
13261,9.487711392049778
13262,4.447350393220922
13263,6.4846480244126194
13264,3.40902602026915
13265,5.620996409441113
13266,6.435446629266164
13267,4.099471757046545
13268,2.828114544465222
13269,7.063435569803248
13270,7.590084255084806
13271,5.070802439823553
13272,8.41012982306582
13273,7.815287146536
13274,8.241078731865592
13275,8.206969006604107
13276,6.323076297781742
13277,6.942397639832401
13278,1.2109426472984055
13279,3.557756719375271
13280,5.151398280406529
13281,6.299812047951505
13282,5.623478675346064
13283,5.248855734293853
13284,4.841944986876406
13285,7.129652386506933
13286,6.538067997484456
13287,6.779552003908123
13288,5.215681562067311
13289,7.082379924515931
13290,8.731555157320244
13291,2.643231512717724
13292,4.835437188913379
13293,3.970251105188808
13294,6.794763911111238
13295,7.663652437698772
13296,5.820297045455744
13297,6.207778649555961
13298,8.112257984981104
13299,5.686204299439644
13300,6.268059226869811
13301,6.275543590247551
13302,4.7473748089480425
13303,7.142162585879554
13304,6.0836760150073905
13305,4.305444211324504
13306,5.844882179651629
13307,6.861788782421715
13308,4.449419400636987
13309,2.8468432236064984
13310,3.1129087687183965
13311,5.508732222574713
13312,1.094166919084923
13313,5.408788054901039
13314,7.618529725355176
13315,9.093324483808251
13316,4.7489599861824
13317,3.3325306056992665
13318,5.277796231680695
13319,5.655309845884792
13320,4.662984329887852
13321,6.026304679142951
13322,7.165555850478341
13323,7.711779282536349
13324,6.799541883426676
13325,3.406500751270642
13326,7.9206841056391415
13327,7.142973652315522
13328,6.547621389732953
13329,7.277804045187154
13330,6.864613908003048
13331,5.763069552525877
13332,2.066985483138024
13333,5.2824950643490665
13334,2.5508071182640384
13335,9.985285712741236
13336,1.8792550396517387
13337,7.031651032257507
13338,8.436229408323472
13339,8.751247171293413
13340,7.759143234572356
13341,9.196528183763107
13342,5.590603497235628
13343,6.170160871671574
13344,2.8191311407917636
13345,3.5857809392170537
13346,3.6417687760540822
13347,8.873949889431751
13348,4.025372673196248
13349,2.8151008167662415
13350,3.2158232486264233
13351,2.5681749191863834
13352,5.5503234718818275
13353,8.10409038884772
13354,8.047785316351547
13355,3.0141915372489456
13356,7.166173353115885
13357,3.958026197944508
13358,8.136366278790707
13359,5.508306881845198
13360,8.196109028811762
13361,6.511040393339597
13362,4.181706240567163
13363,6.84773388715528
13364,5.1024379715791515
13365,8.47083221879359
13366,8.397182082948653
13367,4.992589122773723
13368,5.449650797057828
13369,6.7118826623946415
13370,4.338917026420384
13371,3.3679127307215477
13372,3.872648840947791
13373,8.092041577130217
13374,6.77247865579129
13375,4.147510657697431
13376,4.914892265168655
13377,6.50856940242778
13378,8.749693100908736
13379,5.1551407200009125
13380,2.378085538763096
13381,8.630915289446422
13382,3.9625287977505144
13383,7.418626119365878
13384,3.565360163018198
13385,7.6546311011442105
13386,3.0632271703877527
13387,2.800608701892377
13388,6.236014024241631
13389,6.418196898229061
13390,8.679715251721467
13391,6.5788087643421695
13392,8.232521526520207
13393,5.130965169321984
13394,4.774878567077403
13395,8.92062179962615
13396,8.782670195107915
13397,8.11794074922569
13398,4.749825954943122
13399,6.965523123511706
13400,7.740832045906835
13401,6.141595723450224
13402,3.940383171475079
13403,8.523029924315502
13404,5.955834738483229
13405,10.0
13406,4.056131068798649
13407,3.0030204145538155
13408,3.5113874627196555
13409,7.507440183380891
13410,9.295612292880799
13411,5.367280356979983
13412,6.08118172586579
13413,8.603219447105475
13414,5.467048179846813
13415,7.057092347946909
13416,8.419983479826024
13417,5.931729532261758
13418,6.728605553865068
13419,7.107052066783063
13420,6.905678858403798
13421,4.8300960323472255
13422,4.969533808595045
13423,6.494737702685081
13424,8.40103054137829
13425,6.6406536989430665
13426,5.701883656952286
13427,6.538118588386886
13428,5.349898704064135
13429,4.100116329483307
13430,3.9250670603674394
13431,7.803954852150408
13432,7.603007901281695
13433,5.391864218780496
13434,5.773594875619143
13435,6.226307224116939
13436,8.719224580682068
13437,1.7481523226724542
13438,3.003626277682489
13439,9.970152014871658
13440,8.157271161378077
13441,4.318839319275921
13442,6.718601691681
13443,5.657685029047578
13444,6.133285152640452
13445,6.741582268320531
13446,9.008781880149288
13447,2.349412893271468
13448,2.7811922310515063
13449,5.607103539397461
13450,7.673376140146084
13451,5.603232642699725
13452,7.582950642814143
13453,5.019004121685051
13454,8.430160531686283
13455,5.047714097436401
13456,2.698874949318342
13457,8.014452823208815
13458,8.076604690982354
13459,7.1241575383327564
13460,6.355906697081156
13461,4.382643832340057
13462,4.7383646416476495
13463,3.00977086714592
13464,4.145122477674832
13465,1.4064336606848364
13466,7.817373749127762
13467,4.0916756513502754
13468,7.169294252017889
13469,5.053551648141218
13470,6.312568225876566
13471,5.2013776859777625
13472,3.745556789442958
13473,7.3841655960560075
13474,4.869083286678161
13475,7.462259371126312
13476,6.6006807346751915
13477,3.9367148798903284
13478,3.257765169767257
13479,5.203001973608611
13480,6.3856476837677985
13481,4.66403147126065
13482,7.397498513383903
13483,7.505215622073725
13484,6.0269748643044645
13485,7.073061360941169
13486,5.677161638277109
13487,5.023859620201673
13488,3.1539645763403383
13489,2.6066731104609326
13490,4.25872892706559
13491,6.013754284114941
13492,6.374975559857456
13493,7.493464325064782
13494,4.083053475305699
13495,4.675148517125785
13496,4.890911524746333
13497,5.99304423056844
13498,6.3578209099469465
13499,7.60422297511575
13500,4.632401714025734
13501,6.724019256383255
13502,4.8391768733768625
13503,7.061307155328932
13504,8.385599854700653
13505,4.568059554122777
13506,9.204235530387356
13507,3.5832396743521717
13508,3.5030991503272864
13509,8.405852478550035
13510,7.887162064167591
13511,3.9963719501134234
13512,6.948717910051262
13513,2.486565135470004
13514,8.37123197685577
13515,7.589780597090266
13516,4.3792418347638975
13517,6.15089413220262
13518,8.798717047995028
13519,8.434759308170158
13520,5.888474693376281
13521,5.475314661803214
13522,4.434192839501012
13523,3.751716294448169
13524,6.27552900207662
13525,5.928202136499615
13526,3.112839062730911
13527,4.196646939450352
13528,9.289099395551375
13529,7.31228017746173
13530,2.3241528295605915
13531,6.393486975541104
13532,6.937933126043691
13533,2.7526287975995336
13534,6.106745700228954
13535,2.9756883178647766
13536,5.053476588879662
13537,4.760479036942519
13538,6.235737207746706
13539,3.926800393797016
13540,4.80635857744841
13541,8.554222043376194
13542,3.385732253697753
13543,5.238130286396169
13544,5.342177753530907
13545,7.643460516359792
13546,7.602476366017379
13547,8.27571530743024
13548,4.268591964729018
13549,2.7464516364746103
13550,4.88576825327378
13551,7.511228362779332
13552,6.578733025550534
13553,6.761820717436189
13554,4.281259142251522
13555,6.825525437643765
13556,6.37010626921817
13557,9.92432504361469
13558,6.9140811472643
13559,9.084690462585026
13560,5.683104022470325
13561,4.400630436700801
13562,5.142503731594334
13563,6.774543377903145
13564,6.700107059890894
13565,6.266904139170208
13566,4.53539231229319
13567,5.516339746388613
13568,5.418411791793867
13569,2.4993825063027875
13570,5.104251620174007
13571,6.39812572964888
13572,7.109262663031447
13573,7.3071145713083245
13574,9.117457729152221
13575,7.640686772458914
13576,6.12874864656884
13577,8.959892577099556
13578,2.523464860443147
13579,4.367152148097946
13580,3.7988839273889967
13581,6.014859400424232
13582,4.599022050159268
13583,7.745724060451984
13584,7.159142193111803
13585,8.243433975050841
13586,3.2260712299013496
13587,8.19779924025155
13588,1.3404505355682503
13589,8.458885320334096
13590,5.484651766541155
13591,6.046252842310944
13592,8.83848482702929
13593,6.138041489411627
13594,5.532849727365356
13595,5.513817591040608
13596,8.514776390646881
13597,5.001027548581399
13598,6.475755334620246
13599,1.658600930832869
13600,8.42569784198014
13601,4.716953177561862
13602,9.359760770467114
13603,3.4392669519840573
13604,7.6684838354364135
13605,8.158369670791583
13606,5.849297178824656
13607,4.670089792031566
13608,1.342988598345796
13609,3.597670670284367
13610,6.275614464285602
13611,5.4389185313706
13612,9.64004052677939
13613,2.0863264141486866
13614,4.981244183746315
13615,4.607251218742908
13616,4.360718994867123
13617,7.095841552131116
13618,7.835356075031487
13619,5.872658215487914
13620,3.400659946147858
13621,1.8530474691173542
13622,6.043639161261448
13623,6.418124949791857
13624,9.985713736060328
13625,5.233669395710354
13626,6.361922587382275
13627,9.424693169345224
13628,4.897978863309745
13629,3.751485554744331
13630,3.9531954012571138
13631,8.357277320003192
13632,5.092684121721035
13633,4.7615154451738135
13634,6.848331819083987
13635,3.8632549670456857
13636,6.33555859373135
13637,7.377196608647452
13638,4.631251714361725
13639,5.10194216220026
13640,5.566756975781995
13641,7.485458550805635
13642,7.28837127191975
13643,7.002961766176724
13644,3.3694785471600075
13645,3.916427943278183
13646,9.300648220408195
13647,3.8807807283823297
13648,9.028027240690273
13649,4.928205745246862
13650,5.431796995713069
13651,7.4000428349136325
13652,6.620347450681982
13653,6.60043275516337
13654,5.685842251445344
13655,6.3239487712539795
13656,4.550577107113052
13657,4.1244987490715435
13658,2.9519894573205807
13659,4.8417001811536515
13660,7.679006173036684
13661,7.597912705811718
13662,4.6854102100283574
13663,5.0000511523452325
13664,7.207075467943795
13665,7.176833692422617
13666,6.759233532014898
13667,6.923355073784467
13668,7.096533920748291
13669,2.9742859136127144
13670,8.139816192985702
13671,6.442651518144876
13672,8.640748784693303
13673,7.058530478229051
13674,5.341917130170602
13675,5.979422981758786
13676,7.370041712401615
13677,8.579702559576704
13678,6.629556856039379
13679,3.4749725183801923
13680,5.167014468443275
13681,5.485423524432942
13682,5.168551822520736
13683,7.583092020011307
13684,5.6346624737073245
13685,6.600209195937806
13686,5.802374165609463
13687,7.291391785677388
13688,6.7822461839575325
13689,7.297266070108199
13690,7.480883691146995
13691,8.725561250071383
13692,4.392003226284677
13693,7.160375945627936
13694,5.039478265215242
13695,6.230560801871466
13696,7.789376107231757
13697,8.085088118734527
13698,5.321690079200214
13699,6.137216715791958
13700,5.170856825856947
13701,3.756045603025075
13702,4.581024618490512
13703,5.859746657045727
13704,3.400906194769508
13705,4.522844383022652
13706,8.331106724924867
13707,5.7400929680238955
13708,7.560080729380589
13709,8.54515879814809
13710,5.665567481026212
13711,6.510460012482954
13712,5.063039766813158
13713,6.4711468740559805
13714,5.048216926299451
13715,6.546144282407805
13716,6.104383913037861
13717,2.3551160120821972
13718,4.198604227419315
13719,6.931817337483883
13720,8.027289461641729
13721,9.07144443995623
13722,5.001794245957928
13723,3.4276782849110745
13724,6.888879818606348
13725,6.350420942413269
13726,1.8690919990734594
13727,6.5939393594837705
13728,4.159174357057049
13729,7.038700121768718
13730,7.9803800359426
13731,6.623428729278671
13732,4.060255836354189
13733,8.688045462324054
13734,2.403296797146142
13735,5.226660378827466
13736,8.280673020763132
13737,3.374856610145461
13738,5.298185702127942
13739,4.826779786075948
13740,9.522218212443757
13741,5.585574044003188
13742,6.737056344513648
13743,7.733522243811065
13744,5.830513416297219
13745,8.338997426782985
13746,6.9771750243774315
13747,9.201987549740503
13748,5.860094738411401
13749,5.278554226792151
13750,6.219162524780231
13751,7.661020181237518
13752,5.298759018935154
13753,8.58124861620728
13754,5.3522087000092
13755,5.855355882272149
13756,5.280152406054408
13757,6.902069970488053
13758,5.236209131274524
13759,7.041707071185206
13760,8.516244565024161
13761,9.245320333392979
13762,4.773401870877815
13763,6.808245483348111
13764,5.901860914468676
13765,4.183745636434764
13766,7.815415129313538
13767,4.132775152134379
13768,5.350572769905154
13769,4.321931637054197
13770,6.479162323117321
13771,1.2669484694076472
13772,7.011544938501569
13773,8.284148207782952
13774,9.23295466121627
13775,4.811352180725894
13776,3.352348786483992
13777,6.852582803686398
13778,7.6323984267000755
13779,7.436643180380918
13780,7.439715500494701
13781,5.9026276616196585
13782,7.6439172334527345
13783,6.50530257020545
13784,9.39852967804491
13785,3.615008327518428
13786,7.1745029306899255
13787,6.922892110770913
13788,5.814649927783141
13789,6.139902061294671
13790,5.312653435392677
13791,4.8255540969165915
13792,7.047542832030666
13793,5.428883132004788
13794,4.870319433581107
13795,4.987169891020091
13796,5.181958106872699
13797,4.513219285669863
13798,6.3003299427428106
13799,7.31969000136667
13800,4.829164465528061
13801,3.6867648536635995
13802,5.530460852982233
13803,2.323950988106024
13804,4.148970137440246
13805,2.982390245390848
13806,8.169665148593596
13807,4.085159644582513
13808,5.4424594402716
13809,4.332500106519334
13810,6.716858934877495
13811,5.705634785755028
13812,7.168713762925256
13813,8.052125010059571
13814,8.435469837506492
13815,4.3046316808697105
13816,8.408553763705829
13817,3.638846195937937
13818,6.363881886362718
13819,4.850728353027402
13820,8.253747151223788
13821,9.101152893059487
13822,7.053215720526126
13823,6.604923877779728
13824,6.149757793733196
13825,6.651831523872557
13826,5.315352025291007
13827,4.882546225813654
13828,6.018165005625552
13829,7.727085469277625
13830,3.6780162102548672
13831,7.681011261239978
13832,7.681283183423995
13833,8.185951313743843
13834,6.1837480175955895
13835,2.7965812394010543
13836,4.6057993502825605
13837,5.725695791087682
13838,8.557255057559937
13839,5.774791876843739
13840,5.39636305284646
13841,7.930609302131886
13842,8.070286034141159
13843,8.453589684696416
13844,8.882776883773126
13845,9.645408735415034
13846,2.1616697800798375
13847,6.548153083562222
13848,6.426337062560383
13849,4.884892233761555
13850,4.737284242511713
13851,2.3486719993131535
13852,4.810906555225014
13853,9.746079009240349
13854,5.249379203387584
13855,7.109079476862992
13856,3.461271499244088
13857,7.331211049630118
13858,5.512412541439058
13859,7.520804893641468
13860,8.935070961737235
13861,5.543992774830403
13862,4.7780220315510356
13863,8.850716153490414
13864,6.9952252769856536
13865,5.786132212601494
13866,6.683708216537279
13867,4.131376767585101
13868,5.142461784097163
13869,8.186915807147548
13870,8.748532571946457
13871,8.939551703747508
13872,5.807658515054913
13873,9.535887797167232
13874,7.432669287924513
13875,9.08059893875394
13876,7.046927819365368
13877,6.242859089888026
13878,6.2265032840020105
13879,5.551862258761429
13880,7.8765112696255235
13881,5.817490606793608
13882,5.561398754073674
13883,7.779001654564556
13884,5.984241742249158
13885,3.4915123544777473
13886,6.0729701905975
13887,7.34662455948693
13888,8.275129309529932
13889,8.092733008987013
13890,3.0959915353799166
13891,7.2935365487915504
13892,6.227465003516696
13893,9.336417403097537
13894,7.072066491889106
13895,6.505960867748911
13896,5.830769810539571
13897,6.7946891342162505
13898,4.9704210241233735
13899,7.293111934241799
13900,7.081023326662419
13901,6.558340921093249
13902,2.4386703399724827
13903,7.129410974155537
13904,3.1020589068580082
13905,5.687661841301074
13906,5.85212277974715
13907,5.4870086671012706
13908,7.166530244847891
13909,7.676219139926632
13910,6.549448619204092
13911,8.05867675507259
13912,2.6533295190893256
13913,7.292516533461867
13914,0.7756167295444988
13915,5.795173258349704
13916,7.410625806295261
13917,7.97275679726196
13918,8.011519452424636
13919,7.39385463049741
13920,6.306292067779625
13921,2.653736739904211
13922,5.220532957564258
13923,8.520148099030758
13924,7.14244499463959
13925,5.428499875342425
13926,7.552921217882464
13927,8.401841125342091
13928,6.805557095739931
13929,6.539079207289957
13930,6.330364274710493
13931,6.9368284416095465
13932,6.8255567153236285
13933,6.312583736571467
13934,7.229679420889623
13935,3.128049987239973
13936,7.400645604733364
13937,4.193588328899916
13938,2.5127677801014974
13939,7.190822091814573
13940,6.669727532585975
13941,4.419917573609259
13942,3.8051793990377156
13943,5.326776160114482
13944,6.803953410388952
13945,6.549175601433495
13946,6.434995651203396
13947,4.500067190009358
13948,8.36577859763634
13949,1.798053423250719
13950,7.485507122006379
13951,6.98565063516843
13952,4.546983466981374
13953,5.088757936919742
13954,8.158659596395077
13955,4.187213475116515
13956,1.8941340933628625
13957,1.843134056469836
13958,8.201569420807788
13959,6.229426449402291
13960,5.405923708251424
13961,7.0689123933474
13962,5.813658085078799
13963,8.244593758567705
13964,5.310127041852958
13965,4.717177217187023
13966,5.3717741462253885
13967,4.517922592461946
13968,6.020654725926021
13969,5.533391684315461
13970,9.310265368093663
13971,6.06588458201633
13972,8.836674382242316
13973,5.676328012495907
13974,1.552638030301683
13975,6.625187266950626
13976,7.487239906619856
13977,6.337409316900375
13978,7.213416592943566
13979,6.677143169155187
13980,8.5267937119536
13981,6.687604640718112
13982,4.97765892282863
13983,4.737479313793142
13984,3.097712956417043
13985,7.464014890138986
13986,7.681386593440617
13987,7.3369027962769
13988,5.674286857861649
13989,6.54028833385165
13990,1.978837973853007
13991,5.257199402700761
13992,6.845727732393905
13993,6.82244665072967
13994,3.21062858551204
13995,8.18598407168597
13996,5.936499376331727
13997,6.757785040906783
13998,7.497541291295652
13999,4.383112623295847
14000,7.6273477985161815
14001,9.169223700688955
14002,5.287836839714722
14003,8.871604259070516
14004,7.665271520979587
14005,7.113553522213514
14006,2.7810116864753525
14007,7.885802587328721
14008,6.723508161570023
14009,3.4960039017726543
14010,8.383246259009203
14011,3.2424091741903727
14012,3.321614889451573
14013,6.663522622390835
14014,4.2161724712138
14015,3.185141554244224
14016,5.4096523085910535
14017,6.14066855133276
14018,5.887903763616105
14019,8.454755039014296
14020,9.006708778677853
14021,8.377476762432389
14022,7.0342656882822645
14023,7.10828476437218
14024,5.092654202905692
14025,1.426121709487054
14026,5.907820323497476
14027,8.479657268255362
14028,6.122217265834966
14029,5.938195658126128
14030,4.734564623541766
14031,2.0290357133341947
14032,4.594650733326815
14033,5.447953019682792
14034,8.075069299461695
14035,4.197046429463785
14036,8.470229954552096
14037,7.673003915947616
14038,6.055599864924707
14039,7.671893116078579
14040,8.258784573306881
14041,5.020729765504862
14042,5.2842727203970234
14043,6.0996599894656685
14044,2.9926853279921057
14045,4.097281407429018
14046,5.165225165471559
14047,4.3292300757598925
14048,8.418056119477285
14049,6.337613105480085
14050,5.052369809107652
14051,7.551581237592114
14052,6.050725910586997
14053,3.451706676979562
14054,9.170008018343434
14055,7.2692376144388025
14056,6.8811357659216235
14057,5.333709567069468
14058,4.952815554163473
14059,4.4768856773610555
14060,1.2522474581312977
14061,4.09153157601635
14062,4.556090384151639
14063,4.366877568295902
14064,2.474707715895555
14065,1.436600547780541
14066,9.103593671318714
14067,2.0309623644298846
14068,4.549920905133072
14069,6.321723724652852
14070,6.793765121301033
14071,4.9507910898706715
14072,4.8542702031412075
14073,8.233418555099378
14074,5.474672610121574
14075,5.00417055058436
14076,6.984627100531557
14077,3.686688637504744
14078,7.361004489865697
14079,6.20364670122731
14080,4.093614163997784
14081,7.433466641490913
14082,5.8867351748294245
14083,5.121919325483326
14084,2.6911415683848574
14085,5.785029312052961
14086,5.685675605990466
14087,8.191762325101466
14088,6.298175263214152
14089,6.171864683857275
14090,2.1072285996069695
14091,7.063923743080677
14092,5.6966269250707695
14093,2.7835968431886786
14094,4.3248129117710805
14095,7.280993863749696
14096,7.570863177148442
14097,6.0630483929197485
14098,7.242728448881842
14099,7.685910143693413
14100,7.3127218080055485
14101,4.642802360165147
14102,4.42680362199257
14103,7.729831721588875
14104,6.321191315967831
14105,5.337705105550641
14106,5.670190405121011
14107,5.730959665003241
14108,5.167654494819494
14109,7.36554563248618
14110,4.361316658942098
14111,2.227866040964503
14112,5.758105075853788
14113,5.021294968885921
14114,9.970664093566498
14115,6.237904986046461
14116,6.254664633467854
14117,8.420685273488623
14118,6.822603985242475
14119,6.200450292296115
14120,6.31492716693034
14121,3.6530816945360094
14122,3.946309991383806
14123,4.8493224838772155
14124,5.315422039872135
14125,7.946959740468225
14126,6.969743679353226
14127,8.210236630407143
14128,4.778124748667822
14129,3.3485508194590423
14130,4.058027893253299
14131,5.941125283938241
14132,7.362811277740179
14133,9.944737821568133
14134,6.5465682045500815
14135,6.165898551554722
14136,6.585672143106394
14137,6.4874403880865
14138,4.283626579344462
14139,7.693579468385635
14140,8.771078046428313
14141,7.313498607073099
14142,6.41906786745709
14143,6.109956506020661
14144,6.221078625936391
14145,7.973258179494321
14146,4.364831781650491
14147,4.8534166465983395
14148,7.925681202253947
14149,9.639781718325592
14150,3.0879847113066305
14151,5.529741740684288
14152,3.0882601858673824
14153,9.606846015271174
14154,6.2042146520564065
14155,7.38657644925084
14156,7.828574841637576
14157,5.9462251606649765
14158,7.24490594847223
14159,5.315748494384034
14160,3.949456456183212
14161,6.989456663696526
14162,4.396960883164323
14163,5.144451427269104
14164,7.919318440518709
14165,6.312421886436812
14166,6.762346854341837
14167,8.859192053379054
14168,7.034001906183192
14169,9.452131717161668
14170,6.230169331562529
14171,2.2274716798358503
14172,4.1797417517346735
14173,6.540479452822612
14174,6.478388937496709
14175,5.028055241185895
14176,7.763937683462426
14177,8.381821495564063
14178,8.051891019224866
14179,7.008759899512218
14180,4.823928721865062
14181,8.836475565956704
14182,5.421990874959862
14183,7.492082259569546
14184,8.444330527209123
14185,5.606348354422776
14186,6.4669698152215735
14187,6.0984738591442165
14188,6.91955281983403
14189,7.036932885243763
14190,6.11035473392421
14191,8.2973777643266
14192,7.373983458060691
14193,7.354294058213558
14194,6.86168951019761
14195,4.7981884468708795
14196,6.941238929070166
14197,5.858191722395464
14198,5.506799883963114
14199,5.3715704122948384
14200,7.685244145491477
14201,3.9907060529020253
14202,4.360080043552866
14203,5.936526256337243
14204,2.880204308097009
14205,8.504606153854503
14206,4.7724086441147895
14207,4.431204975065009
14208,6.316163651374544
14209,8.95467615569432
14210,9.164668790106512
14211,6.317494733662594
14212,6.636846463165464
14213,8.384550681067891
14214,7.704529893059591
14215,2.456486351578668
14216,6.662748247719942
14217,8.960899129797555
14218,9.137872526636505
14219,5.389324702374632
14220,8.460651822249963
14221,2.8047004767777253
14222,4.742890793422779
14223,5.234166777682277
14224,5.868632751080077
14225,7.430692087537194
14226,2.2545936928549235
14227,6.16121610182825
14228,6.621099397998337
14229,6.084193897857785
14230,3.8404368837814786
14231,5.003987868718281
14232,7.264587331367201
14233,5.080748054848297
14234,5.858846068455853
14235,3.8479038490470825
14236,3.6353968603915385
14237,3.8310094562166372
14238,7.247077426499008
14239,9.15119543284072
14240,4.414876512425331
14241,8.324421995953937
14242,5.1581102096590215
14243,3.720243629718606
14244,5.344228179656582
14245,5.627275918067756
14246,7.318649952401967
14247,5.191391246735209
14248,6.606585767878927
14249,5.146998472143247
14250,8.970169740103618
14251,3.299853783925204
14252,3.410214455083977
14253,9.945553872715164
14254,6.842433238746841
14255,8.170426163064734
14256,5.404690101862803
14257,4.5658902808268484
14258,7.871488092989977
14259,6.1637428054591314
14260,1.8259219230406498
14261,7.545135304216957
14262,5.4201753389682965
14263,1.8390482397421515
14264,9.565910904842019
14265,5.494152243909406
14266,5.627269814696145
14267,5.408615907781903
14268,4.511338541008096
14269,7.236785035732324
14270,2.6984002191733
14271,1.8066940356276442
14272,7.42891577606236
14273,7.118615579725553
14274,6.625607827644155
14275,1.9529653746155475
14276,7.677124354056482
14277,8.263524931690176
14278,7.74271628398321
14279,7.22507368452204
14280,6.092047614531526
14281,5.017774448564284
14282,1.949679868979692
14283,4.788171851707666
14284,6.749537571041456
14285,3.8390406835060493
14286,4.711281649821294
14287,9.024075337463612
14288,5.099540765033736
14289,7.752429446250151
14290,6.7920407358475385
14291,5.9152952225768844
14292,5.980983941802528
14293,7.628026437889051
14294,6.336941750018859
14295,6.3828159695563444
14296,5.983709210167474
14297,5.08445801088782
14298,4.605581930457905
14299,6.298595617337142
14300,8.322464441958038
14301,5.224806141675711
14302,6.460820915361861
14303,6.803811297898647
14304,2.1727414861560117
14305,7.07515521790519
14306,3.2569185875477435
14307,8.270122287932118
14308,3.3234885940381274
14309,6.109388250850167
14310,3.735813046116372
14311,7.808051923816896
14312,4.3451364598363345
14313,7.572676939595253
14314,3.4005123438557825
14315,4.3419736589576
14316,2.8019074262297043
14317,7.648065841885866
14318,6.464325131517688
14319,5.815762804707727
14320,6.419134910942792
14321,6.983325992068968
14322,6.042966177363717
14323,4.607723279153116
14324,3.928342251415154
14325,5.461598162308605
14326,9.615080984243939
14327,5.102728477208467
14328,5.521304471597734
14329,4.55454284470955
14330,6.949307736049192
14331,7.882432183496529
14332,8.468491931698898
14333,9.119620107756358
14334,9.504724836844007
14335,6.338052602294795
14336,5.59577517972021
14337,4.32348663030431
14338,6.50044721573491
14339,7.676854722510412
14340,8.86334261835162
14341,7.054223693490291
14342,9.320954485744908
14343,7.2285693571320415
14344,6.185886942821275
14345,9.604787259575543
14346,5.666072821976131
14347,5.400486572941716
14348,6.602875609249797
14349,4.2539072890599945
14350,6.822513015384828
14351,4.225242519059745
14352,8.267928595212632
14353,4.523367895258307
14354,8.438942529065033
14355,6.536733016440194
14356,7.6498498559701655
14357,8.384670248800907
14358,2.838494403157001
14359,7.009131811303661
14360,7.6662701661139065
14361,8.319946781824884
14362,6.4020867589150745
14363,4.8004632283078275
14364,8.519962638836821
14365,2.9491500900462735
14366,5.6692866561174124
14367,6.706301581953985
14368,5.193729570504302
14369,5.033814943758729
14370,7.540767290977486
14371,4.257030607941477
14372,7.42232116983998
14373,7.509842359650028
14374,6.7042359184596565
14375,5.737737858642528
14376,2.1985404126773704
14377,6.026257703145653
14378,7.202128780409365
14379,3.8593343766160246
14380,6.619343891958872
14381,8.766521465249166
14382,9.258553301817706
14383,7.5497689161833685
14384,7.136657398080189
14385,9.614948908529895
14386,8.84554695677179
14387,7.187804870591445
14388,6.912747830868499
14389,3.588149243838374
14390,6.13390573735468
14391,7.489469795221245
14392,7.293668768671326
14393,2.4840225779585343
14394,7.8778538084488545
14395,8.651664257913138
14396,5.335941469847414
14397,6.954868929521076
14398,5.185555081896089
14399,5.473559442877231
14400,1.097066208832367
14401,5.534394239334138
14402,5.9523582664945796
14403,7.943313989592319
14404,5.752461693778704
14405,9.160598116843506
14406,6.5157224107232
14407,8.080878173626239
14408,7.662753465521713
14409,6.410684881352386
14410,7.79342534934071
14411,7.648802662387639
14412,6.501594382945008
14413,3.02310156478564
14414,7.445114172503031
14415,6.981536722040962
14416,5.834729043622608
14417,5.757698836647204
14418,3.6292255117925216
14419,6.202675999482336
14420,5.148644586168411
14421,8.174660370620254
14422,1.070714275151256
14423,4.488360236462168
14424,3.1904439459349456
14425,7.096035650904109
14426,8.178053412412066
14427,5.480111754957066
14428,6.4927661808309205
14429,5.706141232768337
14430,7.438223415979577
14431,3.6537544628938967
14432,3.2085425177220395
14433,7.104243000174902
14434,5.393836297542147
14435,8.705368577096715
14436,7.809799626862095
14437,7.41961105289506
14438,6.7695983154454575
14439,5.123328891920403
14440,5.845963564390459
14441,3.745219328299172
14442,2.829594285205264
14443,7.830624606944143
14444,5.622930436233549
14445,3.5513813210392136
14446,1.5443535843309166
14447,8.192194615281487
14448,8.173850495559984
14449,3.241039300000834
14450,2.908318995399391
14451,6.420993540962581
14452,3.1221993648238016
14453,5.184893621523211
14454,8.178441786881763
14455,4.036423412748962
14456,7.699936175808036
14457,6.883560435294233
14458,7.115603584998105
14459,3.648673314368679
14460,4.112090983955211
14461,8.830615745000465
14462,4.127713746947146
14463,9.696518815260456
14464,5.323520125237706
14465,6.97165573120288
14466,2.235547418652432
14467,3.64904239361882
14468,5.409920629377556
14469,6.636559862279514
14470,8.836585958775375
14471,5.080673914183598
14472,8.770289946512387
14473,4.690116742523058
14474,5.2002894096982715
14475,8.922578520843249
14476,4.136816122418772
14477,4.575024369476666
14478,6.085236969303751
14479,8.048292591170442
14480,4.920266913244451
14481,4.635367979813228
14482,0.6577276718263277
14483,3.789023266867067
14484,4.916096459846988
14485,9.15798588202894
14486,4.96433385052565
14487,9.259813553818356
14488,7.349249238652975
14489,3.938765058479129
14490,2.9991051451924027
14491,5.676102791910155
14492,5.77370686684478
14493,6.353869213737464
14494,3.131352203402302
14495,1.877775802389313
14496,1.9674891191619097
14497,3.8626910736394535
14498,3.891577259361414
14499,9.468095559343643
14500,8.039162002679939
14501,6.298291998703164
14502,6.164234023085821
14503,1.6787455031585856
14504,4.751930743070012
14505,7.404371788972265
14506,5.0741396560221395
14507,7.495102095806274
14508,6.696333392072839
14509,7.766883081506562
14510,4.644752649043015
14511,4.661455257398599
14512,6.086511304919543
14513,9.395047147852752
14514,6.043057574632593
14515,4.452641640209872
14516,6.735809298671436
14517,4.228490923184448
14518,3.340726163568975
14519,6.098587687714173
14520,6.219283531165744
14521,8.235991219007346
14522,7.26144037652253
14523,2.510415626842035
14524,2.40536264465326
14525,3.2145530182086484
14526,4.419396101956769
14527,6.83460337520518
14528,3.542806296508609
14529,5.546225287377879
14530,6.969036150504645
14531,9.314967240456335
14532,6.4935256445474865
14533,8.24360687267579
14534,8.845058093079452
14535,3.4268592310157575
14536,5.1138730510467925
14537,8.051014740293962
14538,8.172094918744321
14539,6.9523143164828145
14540,3.8838333994816496
14541,8.150266658031596
14542,7.572509390548609
14543,7.263182836818974
14544,8.243021431696317
14545,6.402487277595027
14546,3.7527409384634915
14547,4.345471527720373
14548,4.903665789503762
14549,7.386790766588067
14550,5.314125142276188
14551,6.069105318562106
14552,2.3284673326866985
14553,7.268275128884879
14554,8.033009069869681
14555,7.412781617853805
14556,7.11945133211995
14557,3.721576467323254
14558,5.99042496887527
14559,5.944383191752425
14560,8.294627604711373
14561,6.6476111835526
14562,1.95888137014847
14563,8.753345902869642
14564,5.987015972828536
14565,5.52594878285621
14566,6.704837792088042
14567,3.372384532610632
14568,3.2733104503541552
14569,6.268246097033604
14570,7.499052766230577
14571,4.116097248508348
14572,5.992308582646634
14573,8.234168944464363
14574,9.038128862208767
14575,5.483618396422506
14576,1.633205974775687
14577,4.37900891966363
14578,5.957310800132154
14579,4.389856840695269
14580,7.447551405524837
14581,0.8854422405536463
14582,3.4485303641516976
14583,4.852377121439276
14584,4.773959627020128
14585,6.714242123827196
14586,5.091927343778903
14587,7.34870148713775
14588,4.074199946398118
14589,5.765934679480281
14590,8.639522250098523
14591,4.455674047182061
14592,5.444750261134978
14593,3.857470936136965
14594,8.706923200608825
14595,2.1458968923701263
14596,2.545340048852436
14597,8.131065427330041
14598,3.591811793783704
14599,8.946925985911495
14600,4.4557404768516315
14601,5.83006805096362
14602,7.003234286496215
14603,6.819217549208279
14604,6.100933833607282
14605,6.366588771256929
14606,8.769301245506188
14607,8.238900740218844
14608,5.642294406988471
14609,7.513140780379157
14610,4.464487936249373
14611,8.234907560907295
14612,7.616075237401623
14613,6.517699926212615
14614,4.41818055744999
14615,7.526545219344255
14616,4.121585603759189
14617,6.283027449377926
14618,6.655623474659828
14619,4.276659135631497
14620,4.50023940935673
14621,4.939383331875078
14622,7.44547896367043
14623,9.47567920471023
14624,6.213637743952168
14625,8.425775414737247
14626,2.0123689056977208
14627,7.603321100240539
14628,7.437453986929086
14629,6.400490079181871
14630,5.797940581445867
14631,7.956107324051702
14632,3.5451109420606293
14633,4.631752264085666
14634,4.803553200583019
14635,5.515423446235911
14636,5.745085100619068
14637,3.1574563756949017
14638,6.007196794794724
14639,6.547730971268056
14640,4.965329989354973
14641,5.644535713528828
14642,4.740940446969001
14643,5.540521778556445
14644,7.697068788416242
14645,1.0766491912356557
14646,5.531680013570268
14647,3.831488713372758
14648,7.659857019729229
14649,1.6866546659456227
14650,7.514213563835553
14651,6.201313783542621
14652,5.87737797925651
14653,2.5009161437219487
14654,4.135932194223436
14655,4.632882995090575
14656,6.376033728487852
14657,6.1678389905365325
14658,5.45481418498442
14659,8.325547272986118
14660,9.251126409117639
14661,4.38569831247974
14662,3.54909495779045
14663,6.713640401042733
14664,8.799469155986358
14665,7.6437729965996235
14666,7.8542700761476745
14667,2.717090410530249
14668,8.470466986201236
14669,7.867475179624017
14670,4.789236708879174
14671,8.390458505489137
14672,8.83952111561021
14673,6.726127436618942
14674,5.966807021026685
14675,6.957346803005535
14676,4.410906976193853
14677,7.4463018726195935
14678,1.2525934581667295
14679,6.869959448635518
14680,6.644008803292783
14681,6.079602704275505
14682,4.832392493929125
14683,5.2708387456076
14684,3.583502491814246
14685,6.252005582008787
14686,5.436384677326216
14687,8.28674496338279
14688,9.732970507868544
14689,4.820526024709625
14690,4.560386713887231
14691,4.291880818004833
14692,6.104410511145013
14693,5.352441558848722
14694,4.840433968749345
14695,8.29160656371891
14696,3.990468052624711
14697,2.8450211906834038
14698,8.571632855571778
14699,4.213802770810586
14700,5.1840435632798725
14701,5.91474840890892
14702,6.900374047792717
14703,3.7915213236583747
14704,4.704414163462522
14705,2.2530521107211317
14706,3.1886515712838412
14707,2.3141439771361245
14708,6.0503349851662325
14709,3.7378260295047667
14710,4.586822772066506
14711,8.039778393779548
14712,5.259450467027595
14713,5.897060543614299
14714,6.2805542301001775
14715,5.066823945125296
14716,7.166391784726056
14717,4.4602975144335995
14718,3.2977272924722967
14719,5.82802866063408
14720,7.102554990316041
14721,6.437567722232221
14722,7.877385706797452
14723,4.365072059990405
14724,9.275974297963472
14725,5.98752549461296
14726,7.942962179514736
14727,8.501823010985083
14728,6.730325044468687
14729,2.6582781486276215
14730,4.721299724569853
14731,5.642659340996017
14732,3.348908560963133
14733,5.166584304419038
14734,3.646777095006398
14735,2.000299200063961
14736,7.47515536278413
14737,8.004264170427788
14738,4.0695519213938685
14739,6.195879527448957
14740,3.1629488885420107
14741,6.633831924915712
14742,8.22723819985362
14743,0.8715167286851471
14744,6.039933687579429
14745,7.038880990242547
14746,5.331235729552105
14747,9.113310155689964
14748,7.0962837902457565
14749,5.937633909926553
14750,8.552682606087583
14751,4.1619460571250295
14752,8.550298765918148
14753,4.721611573082735
14754,7.0769787408437494
14755,5.077096663666582
14756,4.878315965856341
14757,5.560647383756704
14758,8.146551108425856
14759,4.364925949214886
14760,7.047700551929154
14761,7.028083000598233
14762,3.147965250955865
14763,7.882724782107786
14764,7.422351085748754
14765,2.96022225691451
14766,1.8430714432518707
14767,5.195949985508608
14768,5.631360088063512
14769,3.7361682042518654
14770,7.512002354970962
14771,3.4061812394834257
14772,5.187036536506106
14773,5.770797689650077
14774,4.980922600275406
14775,6.011207351720157
14776,8.954354725262927
14777,5.797053681687426
14778,4.484326719236032
14779,7.41211618116184
14780,4.7210961340623046
14781,6.634707374381805
14782,7.548163306093445
14783,6.883135697796082
14784,6.344059008726947
14785,7.655131043376539
14786,8.060572852236698
14787,6.32108269532101
14788,3.8980051250510894
14789,6.202245013319185
14790,7.268729245271212
14791,7.429447259654459
14792,6.172756751458086
14793,2.0414802514191908
14794,2.4042509194235424
14795,8.559076188215212
14796,8.039362577178181
14797,7.685644333172682
14798,5.339565642522253
14799,4.841667856524527
14800,8.464073365598603
14801,3.105170362760831
14802,2.0842611901913033
14803,8.724032676321084
14804,5.256530681528047
14805,8.373352023328065
14806,7.107427556490513
14807,4.001432029136573
14808,8.421955154548808
14809,5.948142845434411
14810,6.853105144026459
14811,7.166671553987358
14812,7.823363067591158
14813,2.3471491548284744
14814,4.817345184909102
14815,6.496356535567731
14816,5.122171450311901
14817,2.264611180723741
14818,4.421586500059949
14819,5.023300512938088
14820,7.804465864505645
14821,4.523163240344417
14822,8.01173028668946
14823,5.426638811611175
14824,5.057767646387528
14825,5.0238493587842346
14826,4.3159140552692365
14827,5.792095956587561
14828,5.258874154311228
14829,7.577033292053961
14830,4.623196101872561
14831,7.740912225242914
14832,5.867210650338361
14833,8.181880493968995
14834,4.0799653813714
14835,7.523322039835006
14836,6.257511596169478
14837,5.994547130750982
14838,5.115452099045185
14839,4.5522695926376535
14840,4.546015640229385
14841,4.395986423933966
14842,7.906778670640565
14843,6.4873405750831115
14844,2.18019048806337
14845,7.05266870676458
14846,8.370646194135052
14847,5.759881181078888
14848,5.624568531586925
14849,5.413036574827408
14850,5.999244986638169
14851,8.741063169588383
14852,2.15133447560027
14853,7.039509749154145
14854,8.07556262939758
14855,2.810938178067964
14856,5.7096872463213595
14857,4.173699527050317
14858,4.976692601116641
14859,3.7838825720586198
14860,2.352937609220936
14861,6.586743604708956
14862,1.267168302783972
14863,7.666249335925107
14864,6.380547644695173
14865,7.244512076921192
14866,6.996086302029361
14867,4.289087076941121
14868,6.061668536061618
14869,3.325939257613274
14870,3.9171593878529603
14871,6.911837144144832
14872,5.293674128623221
14873,6.756510658472295
14874,6.8749573787568385
14875,2.5352814659376195
14876,3.699194859137576
14877,6.013367754771187
14878,6.738208687327356
14879,8.63479316499455
14880,2.1352950838448916
14881,6.547602073278257
14882,5.123034592038326
14883,7.168324200286482
14884,4.162110264869203
14885,4.7293003547445664
14886,6.361931594201762
14887,4.972770127929857
14888,7.363936504717018
14889,8.06458008818148
14890,3.0342540120959427
14891,7.176220276802503
14892,4.82044288990343
14893,5.266507961584867
14894,4.948506844376883
14895,7.838895455226909
14896,3.2680712390792865
14897,5.623106550191141
14898,4.595093129313006
14899,4.3839350977979885
14900,4.0060726259871275
14901,9.543162751611058
14902,7.054614998519933
14903,6.73429220331391
14904,6.845461922385813
14905,5.0222195169789305
14906,8.417814726071537
14907,4.660700488700573
14908,6.05977422792823
14909,6.72110237140015
14910,5.166452541110464
14911,7.178416160664506
14912,4.804573769647435
14913,8.70918512447578
14914,5.959500284283573
14915,7.555702756682993
14916,5.607295596356982
14917,6.763926444470465
14918,1.919062622843948
14919,4.828200353671086
14920,4.77886556073706
14921,1.3384811542855197
14922,6.093614006233552
14923,6.117628012192634
14924,6.298177578636993
14925,6.880304977763174
14926,3.195372351534793
14927,4.272367769281931
14928,6.520742387814483
14929,7.450174483568342
14930,4.420537887981928
14931,7.23480654810862
14932,5.611588227585699
14933,9.481521747143507
14934,8.334583633695356
14935,4.637468275247459
14936,7.794147488505935
14937,5.665157473489081
14938,4.88966416399399
14939,8.38214691635703
14940,8.117866551592744
14941,7.2936404694636
14942,7.642688759924612
14943,8.423635874069898
14944,2.889885790278691
14945,9.409158172594028
14946,8.144209681395438
14947,5.650013274306752
14948,5.507001821599135
14949,4.987963361362664
14950,9.51480705521784
14951,6.658505385905248
14952,7.179967047583601
14953,5.99146711928015
14954,4.4163725491540875
14955,3.9552739167606936
14956,7.157480137997958
14957,7.379836751397331
14958,7.565034603354889
14959,5.875541306005949
14960,3.483348944594685
14961,6.294144757588772
14962,5.109751194596526
14963,6.879667314655688
14964,6.385853399123669
14965,2.908693106988847
14966,5.705239731727377
14967,6.060549884206559
14968,3.7651755767291295
14969,8.572597157379212
14970,5.685243373361792
14971,9.554367321377962
14972,7.356448116328769
14973,4.757231368991657
14974,5.89503147276986
14975,9.528207672508037
14976,5.536926355738788
14977,6.123459295318705
14978,5.774063025451724
14979,7.949091234960001
14980,3.8976366969568303
14981,4.033015328361957
14982,6.5325442578903195
14983,7.001843132540383
14984,6.967093706404425
14985,5.49720062158773
14986,4.762197252091278
14987,6.712720831590923
14988,2.1738030484476516
14989,9.248303498460062
14990,4.305977416575198
14991,8.49296378250803
14992,4.431786940558044
14993,5.228988715517471
14994,3.6578901851711256
14995,7.731589759416356
14996,9.158754554466396
14997,6.469100122925862
14998,7.232394537204546
14999,6.090553542797755
15000,5.226290598904111
15001,4.557577220312885
15002,6.88647495955394
15003,4.610600589643772
15004,8.933514779766393
15005,7.842339084754959
15006,7.341562728227007
15007,3.3170000582738104
15008,6.0876205874870895
15009,5.164288221054514
15010,0.07869687220187474
15011,7.006806334908347
15012,6.026200482205069
15013,5.10596839836113
15014,8.604490276279273
15015,8.17555985380438
15016,6.33762174152015
15017,2.50364243486244
15018,6.734221757321033
15019,3.4853202230009277
15020,3.5037619535122673
15021,8.654769133824452
15022,7.163318275412292
15023,4.446709445363003
15024,7.5706217607859845
15025,6.738780441635581
15026,5.82545866452686
15027,7.59113215671219
15028,8.026471194285978
15029,5.448320165438912
15030,8.878793438456423
15031,6.940632444397159
15032,7.457333676381472
15033,4.818067498376628
15034,5.611998213999866
15035,5.222220871109653
15036,5.928118186984276
15037,4.404016375031816
15038,8.83436056278488
15039,5.289765323907985
15040,7.215127835572865
15041,5.6584404319645865
15042,7.329812416129167
15043,8.144458270300785
15044,5.014595324652286
15045,6.888521506683464
15046,5.0698874513454
15047,5.677856144743616
15048,2.824221289828483
15049,0.9483075327531053
15050,8.609131434395703
15051,4.809174296224464
15052,6.344303533081265
15053,5.303385635751253
15054,9.385414054256266
15055,9.186303870783536
15056,5.889879376709084
15057,5.409648005875407
15058,6.913260559626946
15059,5.729222469954875
15060,8.039378344122051
15061,3.959857998961653
15062,6.374952906842253
15063,8.486883622398429
15064,5.5707772955873285
15065,7.63468616726095
15066,5.739310435703024
15067,8.593690958534134
15068,6.561917465404133
15069,6.36178311985383
15070,7.555188550188255
15071,6.1655215673007575
15072,6.879631374902452
15073,6.853743335619454
15074,4.9143112276475165
15075,6.234971486676504
15076,7.713043100777505
15077,7.335635765338465
15078,7.140232235148606
15079,7.7722611558146815
15080,5.914618883665864
15081,6.742695393508704
15082,7.502965035939249
15083,6.235492591862689
15084,2.278335847203421
15085,4.01672547008468
15086,5.604109330380628
15087,4.979220422306453
15088,7.977479559792698
15089,6.660876787645169
15090,7.446764154842871
15091,3.2902986394714184
15092,6.455674387257525
15093,3.0171759183722475
15094,3.9925809377050254
15095,5.43050944097705
15096,7.347376806633587
15097,5.914195876250012
15098,6.997282624284217
15099,5.9685840206886605
15100,6.118098314766445
15101,7.010399138799945
15102,8.059003067624195
15103,6.372359143145546
15104,4.980818373411808
15105,2.3507852696733886
15106,3.9543930428787224
15107,6.567848943595119
15108,7.56829739955424
15109,4.485882728325101
15110,4.541435058941729
15111,6.596662857078089
15112,3.3541116780045024
15113,5.577865757263429
15114,6.134004317454373
15115,3.9429700967262
15116,4.785134693236856
15117,6.191214580184496
15118,4.3795067836658
15119,8.728708819545865
15120,7.732354951246337
15121,5.643762715080533
15122,8.91370389005474
15123,4.270999717159632
15124,6.358661150225205
15125,9.579574826445322
15126,8.41670029973933
15127,6.947435495308003
15128,6.952764240903553
15129,8.084385804001899
15130,7.205159354899987
15131,9.935974622976543
15132,4.89008693480123
15133,4.216696503506692
15134,7.36436000277894
15135,6.519051132362703
15136,6.00712118238211
15137,6.964825052300355
15138,6.38772399707129
15139,4.6880750589987095
15140,1.2673693245076552
15141,8.714243036415871
15142,6.4106031509301085
15143,4.99253655319978
15144,7.0270695351356
15145,3.2810486893375366
15146,3.348774186940658
15147,7.466571990591754
15148,8.034889715523102
15149,4.434514811806338
15150,4.016131426970137
15151,6.426884315705927
15152,6.48125489139797
15153,3.8947199917377504
15154,6.338785358757478
15155,7.922851617452572
15156,5.347261364721588
15157,5.077535625476878
15158,6.376042585230362
15159,5.944907893994246
15160,4.0022484722824085
15161,3.2260601434260847
15162,8.548542427870606
15163,2.279706164081944
15164,3.2566458471230044
15165,5.2334119324907284
15166,4.12056698724962
15167,4.565628071208827
15168,8.383031704710111
15169,4.713433493596513
15170,3.7646679865098793
15171,5.691133733182408
15172,8.992685714480928
15173,5.687011416031637
15174,8.33920043529819
15175,6.926297036810315
15176,4.780918939031578
15177,4.9238636844382855
15178,8.481934584016903
15179,3.8502264741138865
15180,8.550904633580956
15181,6.153324338850941
15182,4.400970121554236
15183,8.958154858831731
15184,2.8634411334961545
15185,7.250038480130847
15186,4.46206423623565
15187,5.323970072739115
15188,5.24917957209654
15189,6.0064592652922055
15190,7.956034330889972
15191,8.857515247109957
15192,3.396903107578942
15193,4.9548112351019
15194,5.510771861004696
15195,6.951608740731372
15196,2.6385071980905965
15197,7.042119842594554
15198,5.510180042710243
15199,6.695950021235587
15200,9.530555925003664
15201,6.0478572218404585
15202,2.310577595805584
15203,3.7965881922862774
15204,4.784334865450895
15205,5.916267802432084
15206,4.645668955127417
15207,7.440400313625856
15208,2.643579301074806
15209,6.486660692906053
15210,4.017287934011627
15211,4.358530103904496
15212,7.070682412199555
15213,7.025279911328067
15214,8.476495829887142
15215,7.653094750625104
15216,4.1234751182306955
15217,3.861422342070923
15218,4.601004416892673
15219,3.748615558864443
15220,5.85053154638688
15221,8.557378464436303
15222,6.8490214713597615
15223,5.3586445777489375
15224,6.1301736337665504
15225,3.5705831571247653
15226,4.402302776272726
15227,7.695899179113213
15228,4.96499068213293
15229,9.10269638780681
15230,2.8796958107721364
15231,9.20499148588222
15232,3.5475787941056924
15233,2.261190711687809
15234,5.548086318682436
15235,6.904980349986661
15236,7.262012065473072
15237,7.292273915741538
15238,3.7554222564837314
15239,7.116645543063057
15240,8.321818381730113
15241,3.098432322642226
15242,3.8987046573768307
15243,3.2546968120158715
15244,5.002463199307812
15245,7.226630110272863
15246,7.939780230050709
15247,5.361376597481905
15248,5.035389352762365
15249,5.753550556975602
15250,8.835148251793573
15251,8.685204097422293
15252,6.217911924692009
15253,8.737081627058927
15254,6.113763821632415
15255,3.460182580470164
15256,3.1304457424097256
15257,3.2573934592747316
15258,5.3691672301340265
15259,6.588871587970641
15260,6.527244495055131
15261,5.754523315649118
15262,6.1810711430803025
15263,6.013875328302345
15264,6.888354788736275
15265,2.838523655490594
15266,5.49355434082289
15267,3.109329489853598
15268,5.88235195903916
15269,7.297627938519356
15270,6.930631702899487
15271,2.8886046969104986
15272,7.6907351593707265
15273,5.6853728072036
15274,2.0228105650534167
15275,9.06043474563177
15276,4.069201663554657
15277,6.706110366270921
15278,6.164444463760528
15279,4.072157928802521
15280,6.610668640922032
15281,8.10431926399598
15282,8.067368141241001
15283,5.478386312693545
15284,7.257238431307677
15285,6.5469883975227985
15286,4.372145923726393
15287,5.337435300776649
15288,7.955260834067352
15289,6.32082326749805
15290,5.390632559235318
15291,4.11696122284462
15292,3.863294381764922
15293,1.7816629571285874
15294,6.732525248621922
15295,6.520041289267319
15296,4.9749336890837395
15297,8.095150061115996
15298,2.1344252289333574
15299,6.752039407993651
15300,6.135894682219513
15301,9.545249576240044
15302,5.820681627867115
15303,7.516230070756045
15304,6.803445584086164
15305,7.583529998947283
15306,6.924923838149073
15307,9.471513444941236
15308,5.870837268098833
15309,3.071367258447568
15310,6.781411246601163
15311,4.853118266875025
15312,7.2219644174943625
15313,7.977785971468673
15314,6.944616377431118
15315,5.147631479598732
15316,7.102547858659496
15317,4.921194778853377
15318,3.6741722206380834
15319,5.468277911726747
15320,5.926306035875903
15321,7.403130361043471
15322,4.824281749499664
15323,7.177750791699899
15324,9.170947563814082
15325,1.264596082812785
15326,7.536034106355396
15327,6.644815337216187
15328,6.199157138451763
15329,8.396348579055466
15330,4.434660027501626
15331,8.963422019124481
15332,5.062506139955551
15333,5.1118292535267535
15334,4.687601349951199
15335,6.323312003696684
15336,6.6360647287092895
15337,6.575115750889055
15338,5.968413271419955
15339,5.933788498142855
15340,3.264163027601449
15341,5.374433823348084
15342,4.619616522246849
15343,4.142870978594726
15344,5.282591790757729
15345,5.489806475659456
15346,6.5659664799
15347,5.093245342130758
15348,5.189552651985261
15349,7.214677573395862
15350,7.148524603354717
15351,6.632680357563152
15352,3.4287518600035143
15353,5.156365378267293
15354,2.268846210792932
15355,8.46518963580356
15356,5.169378060827091
15357,6.183582353662357
15358,8.04260685889632
15359,7.201268343934226
15360,6.377499629282457
15361,5.829417051858353
15362,4.796249074659539
15363,1.2798954725692024
15364,5.652519815187981
15365,6.240686901361765
15366,4.719235036036782
15367,7.870732325187585
15368,5.215845103366726
15369,4.995708289061783
15370,2.266410131104106
15371,4.297035752107927
15372,4.2028829004349
15373,3.1747591798515242
15374,1.7394738100977976
15375,8.282747000887795
15376,8.0941495579134
15377,5.663002074177032
15378,4.692723293331758
15379,5.627136864537587
15380,7.995413497134657
15381,7.073207945547323
15382,7.3982895187690065
15383,4.013666817737094
15384,3.5373741685500626
15385,5.812990930396444
15386,8.771902219583389
15387,0.36005181772898287
15388,6.619924773012223
15389,9.257150602799136
15390,4.3765672844746835
15391,6.277241529966047
15392,2.8545220467592056
15393,4.732816155165419
15394,5.248361075696321
15395,6.612113632417396
15396,5.1601245669852105
15397,6.7010139699337685
15398,2.659507314154497
15399,3.0712697606447272
15400,6.375031750040246
15401,3.0618132025003435
15402,6.396795199276787
15403,7.150700088654471
15404,7.812795672613143
15405,9.37899072331474
15406,6.411448312074098
15407,6.124928637246189
15408,3.8439907864378426
15409,4.71752756474448
15410,5.408790927939072
15411,7.499238222796752
15412,6.2673675093913985
15413,7.695807993752067
15414,3.4169460894577974
15415,4.037126110830311
15416,5.714897965538179
15417,8.817005844831714
15418,5.6728341732917125
15419,6.430068238065852
15420,5.219961926124042
15421,9.76154568548148
15422,2.2162447508742487
15423,4.0436053630294335
15424,8.166701621578172
15425,1.1929004569675286
15426,7.106169162081592
15427,7.543759834488997
15428,7.436513151230974
15429,7.571539467712539
15430,6.279509900891709
15431,3.767549074982846
15432,6.730401218315242
15433,5.342057850547569
15434,5.933308279899268
15435,3.6454226890516934
15436,5.70938874540083
15437,4.625583694877832
15438,7.637249443586171
15439,7.56763786924842
15440,4.78376632400255
15441,7.787077144498075
15442,6.883578951811957
15443,7.028791315872028
15444,7.015502296703956
15445,5.826727946967995
15446,3.6302537025211716
15447,5.416534756051725
15448,3.4258355948255637
15449,7.91623110383508
15450,4.427863694024831
15451,1.4229245127321208
15452,5.283791576520252
15453,6.015774141036867
15454,4.182763375855156
15455,7.653680538082972
15456,6.353700530219508
15457,9.335713400263574
15458,4.566907765290753
15459,6.5094463241461735
15460,5.282029554719183
15461,9.009557092119325
15462,1.259844469828833
15463,7.2668623199082045
15464,6.132713306946153
15465,8.4246799025552
15466,6.118215447562716
15467,9.164989406036643
15468,5.63692263006685
15469,5.493577036361598
15470,3.926834800012984
15471,3.6037630135483503
15472,8.428894360286732
15473,6.742984950716748
15474,8.16908144747636
15475,3.950442981468031
15476,5.869528812132419
15477,4.508225363590755
15478,6.632906098890988
15479,4.9505164143402745
15480,7.950771326956557
15481,7.696284376132447
15482,6.443506815814571
15483,1.5583065521645039
15484,9.704253052478984
15485,5.779130002028007
15486,6.640965950755844
15487,5.152801098611389
15488,9.391325497256533
15489,8.415707612101874
15490,2.594265195485276
15491,4.413386978695886
15492,4.412192251812667
15493,4.465401684316171
15494,4.180137239346415
15495,5.0598999273885825
15496,8.699600352502681
15497,4.21349903110931
15498,4.004135753727404
15499,6.693767422891776
15500,7.1407121581719375
15501,5.047417839247225
15502,7.955819037539854
15503,6.896655093323122
15504,6.865763183700387
15505,5.137115075579122
15506,8.317128908286149
15507,4.012033997841081
15508,7.66525809705243
15509,4.385678562649788
15510,6.2289099782261586
15511,5.6527615384840475
15512,3.086452268528278
15513,5.221266841197855
15514,7.006103278801072
15515,8.244865675253248
15516,4.184805261242661
15517,5.454208379504925
15518,6.893251609833151
15519,8.029954470212651
15520,2.707239395297194
15521,3.7795778050586897
15522,4.2955658237467595
15523,2.3680489459958176
15524,3.9793017693290493
15525,8.070938485219612
15526,4.485959374838992
15527,7.016372541994457
15528,1.9821311246368667
15529,5.951752049695269
15530,3.1742698993962457
15531,4.757254069634034
15532,2.5498336406853883
15533,7.905346013019906
15534,8.341352421289592
15535,6.4174413493502
15536,4.816196812643418
15537,5.966309164814073
15538,6.216215755210579
15539,5.209175072772097
15540,8.805367567048727
15541,7.0073418599506585
15542,5.470478943598752
15543,6.8872646097364605
15544,3.6045621137787482
15545,4.266191235253488
15546,4.090984007973304
15547,5.137946602425402
15548,7.345948053748255
15549,3.9911942273366035
15550,7.414922389100453
15551,8.08118595794024
15552,5.3430418366475845
15553,4.3912203232728135
15554,8.514189511570232
15555,5.845845011983465
15556,4.258844181553977
15557,3.8649305775503326
15558,2.061295434901859
15559,6.107063375744395
15560,9.434273933691966
15561,8.12734821964274
15562,7.327288178959714
15563,6.158358897488385
15564,7.779692788588645
15565,5.263382411705625
15566,6.196867611649587
15567,9.160098633359265
15568,6.102668938505151
15569,3.998676475586097
15570,8.842847689066323
15571,5.732706514687744
15572,3.830798632782723
15573,6.549187391455701
15574,5.998613738928161
15575,3.150186072732123
15576,3.296641602243143
15577,8.709915034571377
15578,6.255598024370682
15579,5.851378039787041
15580,3.229343219399418
15581,5.584544300240234
15582,3.518414229045875
15583,3.751395768367453
15584,2.786928554274059
15585,2.1315057103677693
15586,6.732161593913218
15587,4.079466632192029
15588,8.033946610036983
15589,7.03553423523703
15590,7.298470672797686
15591,2.1879062343797506
15592,5.818067346819613
15593,3.5421942443067356
15594,7.329079689405709
15595,7.507630825154573
15596,7.364510545178938
15597,7.911844723952303
15598,8.495306972159963
15599,7.444671942529915
15600,5.778819454622354
15601,5.650472399907328
15602,4.744185670791721
15603,7.317690838864744
15604,7.350817799550242
15605,3.720074199463327
15606,7.293032399687633
15607,0.8711007871531636
15608,8.329870305786423
15609,8.426516310319386
15610,5.509617284244991
15611,3.174803354498619
15612,5.6050990445018805
15613,5.005614715288303
15614,5.047772147239735
15615,7.6973673071064015
15616,5.721934570420865
15617,3.9524949630738044
15618,5.066167789306728
15619,4.413648937962239
15620,5.300280559119605
15621,4.673382465647986
15622,8.185984886016636
15623,2.537829173696857
15624,5.182129876622882
15625,6.287824333726938
15626,2.461975764528878
15627,4.694525414817608
15628,8.729252213809385
15629,5.6243384378471095
15630,4.520189454307486
15631,4.414979491918716
15632,3.010395774802512
15633,2.778254487252019
15634,7.5974913325066735
15635,4.158382984078873
15636,4.472758535046742
15637,1.5341921788712527
15638,5.454094369149104
15639,6.481982413261749
15640,6.550430544458308
15641,7.708211270229917
15642,6.5923737084565275
15643,5.642714424733756
15644,6.9713895405069595
15645,5.475897306680401
15646,3.087986825244057
15647,4.688335721381658
15648,4.055310846670208
15649,4.756812000501842
15650,7.791869754200531
15651,5.781188337446511
15652,4.676713712590851
15653,8.064524143360112
15654,3.1304071230088604
15655,7.508644005707482
15656,4.282431314700921
15657,6.29300751888314
15658,4.134059524722401
15659,7.08618235642665
15660,6.153739904905475
15661,7.875643307949945
15662,4.030444632167983
15663,5.37045131872861
15664,8.667375304547178
15665,8.496131834465885
15666,2.8321437759831545
15667,6.6566753490665675
15668,6.3189659573152515
15669,7.145118505044203
15670,1.98753024949953
15671,6.513348392683716
15672,6.506661613126883
15673,6.635785552382657
15674,5.836720069395567
15675,8.4476269045689
15676,8.539518068148348
15677,4.5887851557255965
15678,7.67424663544096
15679,4.951749351799189
15680,6.388234269107481
15681,6.238800655141645
15682,4.233598678788077
15683,8.870520103428396
15684,4.572550567559824
15685,3.1603865211235265
15686,8.06693576512503
15687,1.3346753734460013
15688,9.303964184005924
15689,6.6916121873663315
15690,6.083582944384491
15691,5.838369438656212
15692,7.47932587921504
15693,7.096076062076081
15694,4.888570383399007
15695,4.386312804733656
15696,4.158324898208275
15697,8.506384915668349
15698,3.6158500439988956
15699,6.538584420977169
15700,4.202339945503962
15701,6.111145244075491
15702,9.189224164174927
15703,5.855437056479385
15704,4.027050460322248
15705,4.226763764704813
15706,4.501118502082677
15707,5.891627108220086
15708,1.9307319655767372
15709,6.0105834688840165
15710,6.01268576372805
15711,6.572243719699503
15712,5.3452280253147535
15713,6.517624174427615
15714,4.022015782299941
15715,2.3790115202341675
15716,6.271997911845053
15717,8.84066545466129
15718,4.22949065462829
15719,4.773271740895356
15720,6.591997467775459
15721,6.398887849664842
15722,6.883850704965559
15723,8.830089217181737
15724,2.741693060729891
15725,4.971303300687674
15726,6.145782596163844
15727,4.642744716392641
15728,6.3229294624279735
15729,9.72127846280744
15730,6.66894177800731
15731,6.038426898097509
15732,4.481283085496978
15733,5.1386410405436544
15734,2.1003339364612774
15735,2.88598995482781
15736,5.441505420846435
15737,4.83692139848591
15738,4.392770083800868
15739,5.39155655665383
15740,3.3529216767134726
15741,1.3708756092985919
15742,8.258758052719553
15743,4.494288386977421
15744,6.4500143434580295
15745,5.3737549403082925
15746,2.310292681822231
15747,6.997950458712449
15748,5.007713062208614
15749,6.975361211109638
15750,6.591233675651888
15751,3.6808600618215053
15752,6.16353469423886
15753,7.915698585513511
15754,5.133199477032267
15755,4.738162103404763
15756,3.349350169959434
15757,4.251890821419983
15758,4.786776483687316
15759,8.29681607994145
15760,4.0521618201034135
15761,7.043974541559532
15762,3.3207413421823113
15763,2.8605835790820238
15764,3.6792855274784424
15765,4.707331154114368
15766,5.158489622174913
15767,3.7598594025482086
15768,9.152174438873365
15769,4.6453201833447535
15770,5.112594189641432
15771,4.8457494170444955
15772,5.2008766724996285
15773,8.289377822311122
15774,3.6109337128808896
15775,4.115856006158693
15776,7.735926062106345
15777,5.9652513710328
15778,6.81791404205928
15779,3.3574326987198253
15780,6.486188876992614
15781,8.720562738835092
15782,3.8000852519633623
15783,7.61944873493133
15784,4.169234987015654
15785,8.44174461356732
15786,4.153676880403599
15787,5.7208831394793
15788,7.154846124753572
15789,8.20913076344521
15790,3.7879889542058462
15791,5.292777185686094
15792,4.365703698282941
15793,6.654490431802726
15794,6.446853553456507
15795,5.705541420364286
15796,5.613758265606396
15797,9.862035580738805
15798,7.060172173540417
15799,6.049290414995358
15800,6.9874297561230305
15801,5.087117347177048
15802,6.863719329516764
15803,2.7836549128827603
15804,7.5509727235745
15805,3.6127247818011834
15806,5.057098698609116
15807,7.540982809935507
15808,5.950074404048321
15809,8.349569862044785
15810,1.4474832666956998
15811,2.6497729755767634
15812,6.055375719295564
15813,7.7486079201715645
15814,4.775353220490114
15815,4.740499135742626
15816,4.512208139582099
15817,6.430201113499561
15818,5.72422207587938
15819,5.245511168779869
15820,8.964886394972696
15821,5.435298012125939
15822,5.724530489189806
15823,4.8715834242870155
15824,6.576609048547061
15825,7.7104045483787536
15826,5.928592403865358
15827,5.327182617317346
15828,5.33656898278638
15829,7.086132025433877
15830,5.859399364947156
15831,8.750679745165904
15832,3.548124814331806
15833,5.621741885194767
15834,8.06638200503099
15835,6.509633419588135
15836,6.828361146334419
15837,5.341290301140916
15838,4.3845662770036995
15839,7.013003111378674
15840,7.1700258556502545
15841,4.264333012226353
15842,5.578976454611022
15843,3.865697165688749
15844,6.216061452651305
15845,6.673276341051432
15846,1.452034202093635
15847,1.5926061965287557
15848,2.281287508143606
15849,7.669766885134955
15850,9.550158725203847
15851,4.477446728400655
15852,6.6049679830799635
15853,6.509060062318081
15854,6.463519873246309
15855,6.503005927602001
15856,7.771722482786694
15857,8.403226887893835
15858,8.913702561630275
15859,3.1961459186905015
15860,4.60892037504478
15861,6.267724044698321
15862,8.316460742610216
15863,8.353183319964621
15864,8.793051375321575
15865,7.48974725884217
15866,7.899670750018875
15867,7.1516296708219596
15868,5.692402980440405
15869,4.5131071734563895
15870,3.9906950573005218
15871,8.489485704171924
15872,4.7225067645718966
15873,4.621324455104954
15874,1.4043222419670587
15875,7.348186219124153
15876,9.673428962532629
15877,3.2422456922755636
15878,6.590554552168031
15879,7.155565757259889
15880,7.061048972224386
15881,6.494166370484314
15882,7.018461101433553
15883,7.682551766823454
15884,6.730504195915829
15885,5.451485512765045
15886,5.977022026804519
15887,9.518217716427671
15888,5.2962838834774795
15889,3.4245826791870124
15890,5.78676493300213
15891,5.6291678030377446
15892,7.636166944906181
15893,5.861011489930866
15894,3.6542334792405233
15895,9.435291937086115
15896,4.66414036982191
15897,3.3981880013493373
15898,5.719994266586222
15899,8.521389128831874
15900,3.099067147133954
15901,7.285141987457827
15902,6.325905782808608
15903,7.0380079435713565
15904,4.853422131764484
15905,5.076341233143094
15906,9.207940161389994
15907,7.663673248801059
15908,6.124019314865727
15909,9.125074217769663
15910,4.503293590224051
15911,7.440806103259375
15912,5.674705284767629
15913,2.9953547566278864
15914,5.110566759969821
15915,5.505278406590843
15916,8.068137486343442
15917,7.531765070579382
15918,6.743848579704019
15919,7.4561842395522255
15920,5.852424599805587
15921,6.494042676315152
15922,6.409978100743248
15923,3.4755257933489023
15924,2.6611376406153253
15925,7.136175983438702
15926,4.396566379227059
15927,7.2712758923772745
15928,3.479851170095528
15929,3.3539061693436754
15930,6.938139514335684
15931,8.255494730078437
15932,3.6413806823472483
15933,6.805306183159775
15934,5.306166980943102
15935,5.656640234414185
15936,5.143815923429305
15937,6.0488079647707185
15938,5.338860455948394
15939,8.747808271830639
15940,6.2781647779662935
15941,7.348631160632031
15942,5.2933407662319985
15943,4.30816492210949
15944,3.320098924872482
15945,8.738051346856746
15946,3.67647870112523
15947,4.957943927876571
15948,7.306157234824063
15949,5.8132090832458285
15950,6.760345817158838
15951,6.073907470872188
15952,3.613547659395653
15953,8.90370757907829
15954,7.503229458190693
15955,2.0454318975263863
15956,4.348925502574278
15957,7.766848992982818
15958,4.295968562007799
15959,2.7503706367284493
15960,8.139745434009974
15961,6.6147277987307325
15962,6.104446056361832
15963,5.292849047602714
15964,6.401338375018798
15965,3.727394641149709
15966,1.895430105356249
15967,3.261336433651809
15968,6.291713029342369
15969,4.051333354894602
15970,8.358721386892661
15971,5.072983308135402
15972,8.846220336508802
15973,4.437159498170506
15974,9.20679062516373
15975,4.563923277208977
15976,3.3545143883514847
15977,8.249055012146872
15978,4.938086068320286
15979,4.851313319513198
15980,6.251523166040205
15981,0.6457885410935138
15982,6.273003895207152
15983,4.134192788803205
15984,8.303027428037804
15985,5.798892842712948
15986,6.9452057919359085
15987,4.7119263362549635
15988,8.435945577965128
15989,5.483837022479069
15990,3.629659481111237
15991,8.596316095520438
15992,6.10699007060226
15993,5.178697229801954
15994,7.019966158960699
15995,3.479591300231472
15996,7.281226497734846
15997,2.755182000717032
15998,2.9254663009246595
15999,8.473451646028199
16000,5.5929936429384
16001,6.261912922418164
16002,5.170172672260125
16003,5.393851830168571
16004,6.265653823462123
16005,7.839137308573559
16006,5.687123416649545
16007,3.0811340590426104
16008,3.651364134759017
16009,6.380141776397607
16010,7.462756190895178
16011,4.479158276601997
16012,7.15680093712041
16013,8.779341536246566
16014,2.791129994608304
16015,8.054364990621025
16016,6.593097755767162
16017,8.00384682883695
16018,5.585497755272215
16019,5.847204307817719
16020,4.798530106914528
16021,6.146561107678194
16022,3.8051722931046705
16023,6.052647209168762
16024,1.2431788199318008
16025,6.677795949173997
16026,5.691323401631708
16027,3.204040260673932
16028,8.634341758632951
16029,6.357935793858342
16030,8.745131438128507
16031,4.079924683993837
16032,9.580335666984054
16033,7.578127119315235
16034,6.814213413017668
16035,4.9797874325847
16036,7.253871226228444
16037,6.005007010071433
16038,5.602730954464009
16039,6.636506234073693
16040,3.853863860432001
16041,5.7069894001739
16042,1.7171130216806862
16043,5.312447935992461
16044,2.927490297075961
16045,5.6844111009362654
16046,6.866475829138519
16047,7.9014683341849565
16048,6.672755028940165
16049,7.5082024777532395
16050,3.9494875475326556
16051,8.122922061312387
16052,5.482673736552461
16053,7.413816816781928
16054,7.735693269420695
16055,6.5696240068309235
16056,9.348737636801106
16057,4.498857004290606
16058,4.70629287574377
16059,5.631110799915974
16060,2.2216290109213674
16061,5.875272066384739
16062,5.846612674632157
16063,5.185021109181156
16064,5.244198008435354
16065,7.2294504734511875
16066,6.509628994105617
16067,6.458731488286896
16068,4.589876147071749
16069,8.056191294033955
16070,4.76532167074568
16071,5.385013392835563
16072,5.617419798166692
16073,1.8044612196503076
16074,7.371782865086379
16075,5.880582407497822
16076,8.769090348752407
16077,5.150855616012181
16078,4.1853749906588895
16079,8.495686818551519
16080,4.733826540727318
16081,2.6135625924532286
16082,7.055938284496612
16083,5.292279262316047
16084,7.98250854701584
16085,5.537509542959781
16086,6.551661620745566
16087,7.55796395854813
16088,6.903831137758345
16089,6.939640658630356
16090,7.841578871730449
16091,6.193734684902617
16092,6.123756398358372
16093,2.04009437462083
16094,3.6824494730288486
16095,6.6711916162561105
16096,5.860106061494884
16097,7.463863321914734
16098,7.496395727925889
16099,6.025231879071356
16100,7.270580637903263
16101,4.604589878367151
16102,6.468711197774184
16103,3.444373985313442
16104,4.992334218313664
16105,6.032010298096544
16106,4.832223085512604
16107,5.614915467204425
16108,4.806491406967307
16109,6.373328632310485
16110,6.15435062293831
16111,4.544396258128895
16112,3.442246801978258
16113,5.7519165077565155
16114,3.7828259206452013
16115,9.786335916373451
16116,5.078460111961679
16117,7.612731294816436
16118,5.409769894007355
16119,4.697661974701622
16120,5.253836599282023
16121,3.401419211057584
16122,8.696184979070097
16123,7.095888688479445
16124,6.283106543122988
16125,5.459468426072777
16126,4.4673301736792395
16127,5.752823889204223
16128,7.832912517626969
16129,6.398111012708705
16130,5.7920938510762285
16131,4.493711192717719
16132,6.213007344176796
16133,5.632095930121641
16134,6.773004133624107
16135,7.824200393245115
16136,9.43295468597745
16137,7.25774252651813
16138,4.3680945795725785
16139,5.222956571955154
16140,2.83326060483553
16141,7.658892913835743
16142,6.843176867399102
16143,7.520829852107941
16144,5.630021476037744
16145,5.4477838489434856
16146,8.16572083981581
16147,5.860383214375708
16148,3.8039503911852592
16149,6.586570480272038
16150,6.148676631097011
16151,5.382961431884177
16152,3.0708745281884595
16153,5.207851519596982
16154,6.800265282949545
16155,3.5942135975960134
16156,4.479959457243533
16157,6.559140468285175
16158,4.611359014997406
16159,9.434865667270477
16160,8.555677472759742
16161,3.347026973429905
16162,7.177821303663077
16163,4.548221473345934
16164,7.823897619420881
16165,2.1055856603252554
16166,7.574822728650795
16167,8.175299715510958
16168,6.297708166286451
16169,5.947724991745104
16170,5.2066085806877895
16171,7.482023226232882
16172,8.854621129010255
16173,2.8395234027224348
16174,8.75418621371898
16175,4.992609460594502
16176,8.12063915371494
16177,4.153814774053241
16178,7.720892818643683
16179,6.065148731584562
16180,6.99231019227274
16181,5.014701675302088
16182,1.9936955828008958
16183,8.703694877177174
16184,6.065172366160123
16185,2.718134966075077
16186,4.004992318654399
16187,7.218550201876283
16188,4.063105858032781
16189,5.217361313254196
16190,3.920516505863219
16191,4.5148262280295475
16192,8.994632847981435
16193,5.589673122959695
16194,6.76501825584368
16195,9.171959842309107
16196,4.470076308286621
16197,4.316504364085321
16198,7.374991730928221
16199,2.7902504680160787
16200,7.482772533425655
16201,6.663255098922058
16202,9.002435632981884
16203,7.454465813777425
16204,7.962931495312286
16205,5.1369923913552835
16206,9.347588479156506
16207,4.278714906464309
16208,7.012254855926886
16209,3.542219577377075
16210,6.229852192944658
16211,5.509235628005617
16212,4.226164596849068
16213,4.520951002007393
16214,6.7654828698385625
16215,6.797709284044142
16216,8.11791901072514
16217,2.420489406491864
16218,5.534476444788315
16219,5.7694755355017735
16220,7.064568291184271
16221,7.907294230978758
16222,4.253465410548029
16223,8.731091816238994
16224,5.235180937354286
16225,8.986160431561206
16226,6.543774985497156
16227,3.691645641232589
16228,8.47270455123841
16229,7.590156108492412
16230,5.835979815607352
16231,6.192373860723436
16232,5.218833307051508
16233,5.703233751754026
16234,5.778751081253222
16235,2.7552187817237623
16236,6.455433428237504
16237,7.606730098805691
16238,2.3189181912240024
16239,6.69547579023491
16240,8.473593526910214
16241,9.361605784761176
16242,4.796199670123317
16243,7.203350039768999
16244,5.259246936990045
16245,7.629571923915712
16246,5.921746167614376
16247,3.8548191729823698
16248,8.258897013429765
16249,7.725952681842471
16250,7.512808046840114
16251,6.587340682558815
16252,5.990904148656953
16253,6.913398139671464
16254,3.550301168089023
16255,9.511916913703281
16256,4.949635629526143
16257,5.068227664700359
16258,2.475147635719372
16259,4.949501882824697
16260,5.61281959405583
16261,4.814605885220971
16262,6.346014271287229
16263,6.052043675467755
16264,5.1769771641644216
16265,7.2507094383528115
16266,4.277155782214726
16267,6.90040103639803
16268,6.294105113373034
16269,6.197342543072713
16270,9.262909571749045
16271,4.202885456227528
16272,6.700637319321351
16273,5.54706155387351
16274,2.342450969404381
16275,6.178603886328432
16276,7.527168175974347
16277,8.890803707616485
16278,5.449815832839157
16279,7.359223487775823
16280,7.923823288858395
16281,8.730554666105064
16282,2.12453511702462
16283,7.345036891827314
16284,6.610394006826288
16285,6.447436104022521
16286,6.814851403907404
16287,5.049958758059272
16288,4.916201730204258
16289,2.930170555906004
16290,6.544005596536011
16291,3.034193004699812
16292,6.474629305418081
16293,7.422564541566968
16294,7.512354706056203
16295,6.907044040593773
16296,3.538629865111698
16297,4.547051771994964
16298,4.896145000435234
16299,4.387511089011177
16300,5.787847137137156
16301,5.111002022036262
16302,5.797855776667306
16303,6.82125376786344
16304,5.838333809915194
16305,5.512428413188322
16306,9.21876076664348
16307,4.406997947487771
16308,6.524896669072918
16309,5.953947349682137
16310,5.280291474230089
16311,4.7019489778826005
16312,7.406335952255529
16313,4.838435780159086
16314,2.901632011508295
16315,1.1827220682756645
16316,6.207632284234466
16317,5.052652385547397
16318,7.635411604168311
16319,9.44976625702667
16320,7.6557442817355295
16321,6.1037678451577815
16322,0.6045444954338083
16323,7.863259070836928
16324,9.45132549969737
16325,7.085046758266579
16326,6.792301700513515
16327,8.365696766222266
16328,4.582707155787098
16329,7.683527940825671
16330,5.960636241545238
16331,5.319140587497031
16332,7.9137030437634435
16333,8.285987413423914
16334,6.027096493047246
16335,3.427579404977067
16336,3.0854379902396785
16337,4.596832237679748
16338,6.977393126223004
16339,8.14190680970842
16340,4.071903762697529
16341,6.612468679987274
16342,7.859125609770311
16343,7.970888657390607
16344,7.326054159807301
16345,7.285739568575562
16346,4.438871550291101
16347,6.680682283287469
16348,6.055430808641329
16349,4.3540572183725885
16350,7.606710533116612
16351,5.226978871322166
16352,5.174238140664003
16353,3.69179052812425
16354,0.5543021719565399
16355,6.764210376804284
16356,6.50955907534378
16357,8.514613102685143
16358,7.640706165386529
16359,5.3487618770084815
16360,4.011186132863409
16361,5.147192051508147
16362,7.149200607779925
16363,4.954814759595423
16364,8.283686545049672
16365,6.987696054032044
16366,4.342920607693928
16367,4.7560475917228215
16368,4.02147852942979
16369,6.267034735930293
16370,7.5879490213980825
16371,7.006036328394053
16372,1.921314325613935
16373,7.369459216595953
16374,6.20040243072171
16375,1.8981091292030343
16376,4.3999154676723435
16377,4.847235318866113
16378,4.608225008636098
16379,7.644357749772878
16380,4.607126689910863
16381,6.669854332406727
16382,4.637595634456594
16383,2.264300924714205
16384,5.885830606518644
16385,8.25460145056855
16386,3.287849222645287
16387,8.195837613890545
16388,4.921348545899688
16389,2.0105984465343587
16390,6.301906253267646
16391,5.3003031988674385
16392,8.398470937991517
16393,2.6773377695148186
16394,4.359030434737888
16395,4.647068775692823
16396,6.567577617653679
16397,6.469394625117039
16398,6.928591079258721
16399,7.710663626699429
16400,8.141279727664173
16401,8.377037726268602
16402,8.683494583184036
16403,5.401579729089099
16404,8.205085444729253
16405,4.20853207929529
16406,5.800428250033593
16407,2.996124094775858
16408,0.6343508591846473
16409,3.6734347813660335
16410,3.694410869083385
16411,2.7516408822839598
16412,6.050206223923361
16413,8.923782311600771
16414,4.4336716503344995
16415,4.51268704286204
16416,4.588201025500132
16417,7.33905658488554
16418,6.573039218249748
16419,8.220783016095853
16420,6.67966480299971
16421,7.593429006847062
16422,1.9514808030739603
16423,3.4762467891043336
16424,7.416535018802618
16425,6.630227963647753
16426,5.988235540932424
16427,7.121984304776944
16428,5.346347599670475
16429,6.730355767496321
16430,6.211864121246395
16431,4.747207405868127
16432,8.04246385934914
16433,4.438580816657593
16434,6.798784391424228
16435,5.205453935861346
16436,6.551299840625897
16437,9.382735013374127
16438,7.46450777612186
16439,5.461657799393948
16440,7.1509572829476085
16441,6.122059669686094
16442,7.585759736049418
16443,2.3458764849081417
16444,7.755693981117495
16445,3.277643356280688
16446,2.688828183302469
16447,6.259339614413913
16448,6.178341379452968
16449,7.854125117678892
16450,8.043274474267994
16451,4.687746855431755
16452,8.523298126366724
16453,8.926636320972417
16454,5.4761123074876075
16455,5.177400443436704
16456,2.2113030435492913
16457,9.999709866339542
16458,2.0669635595825806
16459,7.440480049022194
16460,1.8419128133428693
16461,2.9717055818451916
16462,2.784013719135155
16463,5.7838379410803
16464,8.854758417719548
16465,3.7994390648500356
16466,8.493832972301801
16467,2.5343030808718288
16468,6.7838873243600215
16469,7.664388082292521
16470,7.011358125017676
16471,4.53519359239829
16472,3.313334920892584
16473,4.890548192255818
16474,7.192361437034174
16475,3.785252501019771
16476,4.715959523849636
16477,5.9137194462993135
16478,4.727517544557599
16479,5.292684451632008
16480,2.9327940478127545
16481,2.582815551738481
16482,5.048296597236427
16483,3.144932320064502
16484,5.886265598920381
16485,7.109552066916829
16486,7.951874596744712
16487,6.3546750527916895
16488,3.185322755672166
16489,7.767049317295102
16490,5.061273834559913
16491,7.569746935127617
16492,9.110284685720279
16493,4.346703222015921
16494,7.46402197021335
16495,4.291642283712562
16496,7.081652004331854
16497,8.61058672487686
16498,3.9854906902062983
16499,8.645050810732284
16500,9.659397480602914
16501,5.9699583287602165
16502,9.043833764481743
16503,8.933179839935082
16504,7.4749513728210895
16505,3.03177484876689
16506,5.991559280587879
16507,5.5385455667710595
16508,7.846152377242224
16509,9.257453629826436
16510,9.55134253157803
16511,5.556451664681194
16512,4.889796346672825
16513,9.18772039457168
16514,6.7117684898466115
16515,5.661552447206585
16516,8.12434671103392
16517,9.305497080516083
16518,5.408699517579841
16519,4.127834763840742
16520,5.767710485147062
16521,7.658114175692156
16522,5.06928039763141
16523,3.040230777784041
16524,5.00173194402583
16525,7.296076302380616
16526,6.308092732817033
16527,3.8516426296404394
16528,9.117962277546743
16529,5.194757477295795
16530,5.060645086058662
16531,8.635099116369648
16532,5.255841567242484
16533,4.335801686960775
16534,6.687683626434769
16535,4.493612292823395
16536,5.927268928420137
16537,7.815877882099803
16538,6.7433451479068705
16539,9.107174149849923
16540,5.907687641826378
16541,4.385123441924524
16542,3.644341928155159
16543,8.934022453295013
16544,5.496293779182688
16545,4.237294365406508
16546,6.722494145398082
16547,6.812669333084593
16548,6.143715494157123
16549,6.329850545848508
16550,6.413586362614769
16551,4.038261240319995
16552,5.690118740755809
16553,3.6943793315818767
16554,7.238773264222423
16555,7.362343510156879
16556,5.406187706539843
16557,4.674803351737539
16558,8.545130308858043
16559,6.701515331722196
16560,9.142624011361336
16561,3.5483315054037514
16562,9.153389617726987
16563,7.367600724059194
16564,1.68554246498316
16565,6.372271662149297
16566,5.290824144796087
16567,7.915674612428961
16568,4.428779268065771
16569,8.149186435340102
16570,3.7127522089738214
16571,6.407101344423727
16572,7.363915221745931
16573,7.35717561780777
16574,9.09484704228649
16575,4.16898196331433
16576,8.384058977703745
16577,7.377133257699913
16578,7.729381717989681
16579,7.572441765887029
16580,5.705224631736975
16581,7.187215705047471
16582,7.14465667540459
16583,5.84044225540146
16584,7.35487076607757
16585,2.651731725035364
16586,7.037622434325735
16587,6.545718861450048
16588,4.976208451657681
16589,8.330175917149173
16590,7.923589194352966
16591,7.863618618418323
16592,8.360467668569093
16593,8.461957275195081
16594,6.846180059565525
16595,6.810847033433254
16596,7.267643822544976
16597,4.752861544741264
16598,3.405450210808587
16599,3.5073806618416725
16600,6.305089887658794
16601,8.094508381218828
16602,6.134384422716934
16603,1.7865566420374042
16604,6.525861762425177
16605,2.175362780368099
16606,6.096326685010147
16607,4.984744025121534
16608,5.006676087196724
16609,5.448455808718724
16610,9.512460511176718
16611,6.283750335876141
16612,5.083160445913794
16613,5.339527374437437
16614,3.6086380327722622
16615,7.801594528088963
16616,6.388819100713722
16617,9.155440859447102
16618,6.598177424339231
16619,5.506844095520149
16620,3.8446655923314235
16621,6.718154967444884
16622,6.637593452021401
16623,2.530511800948715
16624,5.28818203352691
16625,7.425821043148353
16626,4.636105391786991
16627,3.911118793786053
16628,8.975828222173654
16629,6.687315480722492
16630,5.771445769321209
16631,5.17252103692614
16632,4.079984506792582
16633,8.135358054403074
16634,8.29290047840676
16635,6.337063304320128
16636,5.868003937449218
16637,5.799372445946588
16638,4.1005017312858065
16639,5.742601976190978
16640,8.293249076301505
16641,5.438706397798353
16642,6.483199979443598
16643,6.093881278439947
16644,4.845116743412159
16645,7.497177527914017
16646,7.5539929174408975
16647,7.614865244463411
16648,8.590439604620528
16649,7.884949319568156
16650,8.875707779270776
16651,8.083781084929523
16652,2.4153117292243027
16653,6.746926281751698
16654,7.70816750946109
16655,5.209579145558769
16656,6.320575339139203
16657,4.6901287931362425
16658,6.8722441562845935
16659,4.030219673996657
16660,6.8292950930134415
16661,9.79764070407913
16662,7.4226795721661665
16663,7.119282000832261
16664,5.916585787139086
16665,2.142389003181715
16666,6.136977146087641
16667,6.120762433806155
16668,6.355158495096843
16669,7.015827963761818
16670,7.9216324446998
16671,8.504715537932142
16672,3.032194779894596
16673,6.245606332444817
16674,6.6742738309454746
16675,7.547929931615873
16676,9.7522290528949
16677,9.273233809932284
16678,4.95493911544365
16679,5.893137159158342
16680,9.296806046327756
16681,3.6811356090618794
16682,6.89655549169995
16683,6.700879585725611
16684,5.755175849912581
16685,8.337729637288795
16686,6.751432652261832
16687,6.248916357563265
16688,4.67378649313733
16689,5.836092707911794
16690,6.52599861734593
16691,6.171851613400927
16692,6.465969985062024
16693,5.237693782064603
16694,7.169264113177826
16695,7.141520000672224
16696,5.719514711025756
16697,2.8342569968393767
16698,5.356253148133458
16699,6.688696816668286
16700,4.787512203393073
16701,3.644910897740483
16702,6.848491590787976
16703,7.046041408875603
16704,6.196975175309792
16705,7.166452186569979
16706,7.174888320226923
16707,6.4463224423440995
16708,7.244671450414476
16709,2.7638709879373007
16710,5.5580844238190386
16711,6.761723224161029
16712,6.510916925716193
16713,8.765350857007347
16714,7.527220358705332
16715,5.11306984767972
16716,7.520147912410301
16717,7.553059443253426
16718,6.357042758441153
16719,8.65469659206923
16720,4.635455574349911
16721,1.7830442104573658
16722,8.042698876461222
16723,3.082634098964405
16724,4.848780479196389
16725,4.637102316761146
16726,4.53184970798864
16727,8.157512010740366
16728,2.0786480125675473
16729,5.727429777699886
16730,5.126698828360228
16731,7.2886754752451965
16732,8.489841668715753
16733,6.158947903245911
16734,5.127604587002202
16735,2.0297768988958107
16736,7.568320820994115
16737,3.8329554927205427
16738,5.48513181589823
16739,8.030598423835885
16740,7.943650047562445
16741,8.2588062334249
16742,7.592927634984976
16743,4.283750275786639
16744,6.800858966396732
16745,7.927091453538646
16746,8.55359000448866
16747,4.257127098703186
16748,6.2279166502490755
16749,6.866940696756606
16750,6.213735658237844
16751,6.34643868869431
16752,5.763842789767946
16753,7.3993247514817995
16754,7.277416433706675
16755,7.204770540138142
16756,6.978050580976373
16757,5.5074070905265975
16758,5.519489600929272
16759,6.616159366367198
16760,3.4013988049312496
16761,6.632304060446853
16762,4.869072827918261
16763,4.47127113478446
16764,1.8083456949696337
16765,6.352625268928405
16766,3.8289557217201007
16767,9.391298029221685
16768,4.726553285176017
16769,7.488460140936775
16770,2.872892127463546
16771,8.446734917196098
16772,4.26120463611211
16773,3.4444538328363605
16774,2.8219278281525697
16775,5.6091122516437215
16776,6.978228708928865
16777,3.59321965751493
16778,7.210635041538409
16779,6.128512547274948
16780,5.945973793290725
16781,4.014444110876507
16782,8.406005045217478
16783,5.2091783043192335
16784,7.685716502239998
16785,6.758945988078331
16786,7.705046864231395
16787,4.9088860132430785
16788,5.538774751224378
16789,8.338757566402517
16790,8.334942764556676
16791,7.695847259663446
16792,8.83954975808831
16793,5.732456760901362
16794,3.1913959522676967
16795,4.295797724603257
16796,2.353684439535254
16797,6.275232625987606
16798,5.163142226844751
16799,8.50137444932486
16800,8.708795204845579
16801,3.264814655421003
16802,6.097841183697999
16803,1.664784338566613
16804,7.150164275569194
16805,6.738845163091527
16806,7.19667203402289
16807,7.4277505871766625
16808,3.1093073569639937
16809,5.677518746184838
16810,5.797270219925415
16811,7.045487515839658
16812,5.812382504152281
16813,8.224797553122025
16814,7.046692866973485
16815,8.164909792862147
16816,8.424179360917185
16817,4.525767552113122
16818,4.189030923172403
16819,5.689804919378228
16820,4.998149112081118
16821,5.002572059346501
16822,5.556735830519064
16823,5.938710513277639
16824,6.202550047572602
16825,7.458278803521728
16826,4.457871129232586
16827,6.634757919594639
16828,5.830790562095097
16829,2.549628386000604
16830,3.823748920366549
16831,6.301206048078294
16832,7.121056606874295
16833,6.686338305510284
16834,3.055122194045744
16835,8.105807770834128
16836,5.91121582660192
16837,5.107601250533939
16838,2.9107332110352004
16839,8.717652268496787
16840,5.424773847739642
16841,2.242900930474032
16842,5.849912049233654
16843,4.716605261858856
16844,7.199920095227348
16845,4.918731827192868
16846,7.934107854695337
16847,7.073025623542947
16848,6.138036349730245
16849,8.485684982905141
16850,5.695250193691927
16851,4.076323963063851
16852,5.358482289180193
16853,3.7810099416233136
16854,9.468133295614221
16855,7.467731544709736
16856,8.050206273434673
16857,9.992119072177614
16858,4.95172946035003
16859,7.025531145140473
16860,9.481132519199381
16861,8.94315432082643
16862,5.287848518146353
16863,4.830024009165354
16864,6.290135491557673
16865,9.762060735680786
16866,2.708619428602635
16867,8.449706589706269
16868,6.145639355092135
16869,7.123730846423484
16870,6.6297698791348365
16871,6.198769082844641
16872,5.337267781758424
16873,8.20427511947654
16874,4.8161790947365555
16875,5.283904995598918
16876,1.3923967691684143
16877,4.343838629844543
16878,5.878195381282311
16879,5.00585415752754
16880,6.668181265420259
16881,7.7853163095323605
16882,9.159864635268981
16883,9.375468197892818
16884,6.458815199006642
16885,7.538393525747868
16886,1.8813348027490715
16887,5.467377945867027
16888,1.727139173560666
16889,6.336643804696193
16890,7.145559918004696
16891,3.661276181598735
16892,7.330487991764796
16893,8.792408636469304
16894,4.314093193700973
16895,4.290963267903623
16896,7.004607226030458
16897,6.707739472354959
16898,4.879979915436582
16899,9.186224243247311
16900,6.89871899707487
16901,6.444949895631463
16902,5.311840843857255
16903,8.555433348650476
16904,8.338729790103304
16905,7.661623521185314
16906,3.29171566223558
16907,9.322641480616868
16908,7.1679347210977085
16909,3.408100340860599
16910,5.851901817049615
16911,6.462488814381016
16912,3.090990355172441
16913,2.290955693865631
16914,8.765540846828332
16915,8.11324609777206
16916,4.2001650825281365
16917,7.19535806116541
16918,6.486122991855171
16919,3.9709386162440476
16920,6.999348411341903
16921,3.249426581901319
16922,7.675752816933723
16923,7.131690575353141
16924,7.560072946336456
16925,9.212935936289618
16926,4.3028985787177225
16927,1.9055639500508184
16928,3.888133633128869
16929,5.618509979600307
16930,6.384067213969171
16931,2.889731015104009
16932,4.270977451036092
16933,4.628438232832149
16934,9.2223518770797
16935,2.9781043907274056
16936,6.571553925642784
16937,6.5024966428261335
16938,8.06706278244764
16939,3.613964796397442
16940,4.055376174698151
16941,7.254741799748647
16942,4.981207383615355
16943,5.241996193563445
16944,6.725656076318344
16945,6.7481154399816665
16946,5.461493441438613
16947,3.9910941835372475
16948,5.619370813445724
16949,3.576750185136859
16950,7.550720149256354
16951,7.002902520250509
16952,7.866488772657224
16953,5.468172324699447
16954,7.606273242567163
16955,4.797163987602398
16956,6.673364818859449
16957,4.819495675171723
16958,0.7579356789816178
16959,3.49805923619469
16960,4.037510674327013
16961,7.985694671038779
16962,4.182013327212627
16963,5.829516939252108
16964,8.238656015432488
16965,2.8650662682536345
16966,3.0462800508067414
16967,5.92790775288893
16968,7.0116797369066495
16969,9.951014808282082
16970,3.5101179939134695
16971,7.439769831730224
16972,2.4343647341206007
16973,1.1056771037229673
16974,4.215638286243613
16975,9.458180609005954
16976,8.401598839292117
16977,8.679845600335355
16978,6.959577542193863
16979,5.107060674611162
16980,7.1206036913631605
16981,3.401099905482649
16982,5.463360955980535
16983,6.853927735602478
16984,7.101141057755444
16985,5.12051308769766
16986,7.309533828193638
16987,3.7126965413289863
16988,6.537921656429786
16989,4.00445026750478
16990,5.652313448326113
16991,7.548895827632
16992,7.019710955536457
16993,5.073235988555961
16994,6.990128754257826
16995,4.6798327943037155
16996,8.712878813793544
16997,3.9288118293018033
16998,5.221540138197364
16999,3.676466606194974
17000,7.3836663021842694
17001,4.2951940324724935
17002,6.7379735130636345
17003,8.355266497686204
17004,8.941968737260316
17005,8.850787540253206
17006,4.360132782906592
17007,3.6248317269400494
17008,5.135920277256921
17009,5.4040335857578565
17010,4.160622782186245
17011,6.747174669896044
17012,6.104431410828424
17013,7.314354351977443
17014,5.232793414231056
17015,3.2195985207979287
17016,6.938757957460746
17017,7.05234704551115
17018,5.323738825551263
17019,7.316816839319244
17020,7.288943841315445
17021,5.25234578356583
17022,6.176855502269103
17023,6.859672448989985
17024,3.4920143343021373
17025,5.699956660053292
17026,5.172407925123078
17027,9.410777399661526
17028,1.3043974051804224
17029,4.238051075297075
17030,6.464305108809604
17031,9.18760847015255
17032,3.628974748210378
17033,6.252436652794838
17034,3.72570396927672
17035,6.727231575269191
17036,8.997504232386937
17037,2.9802138437987593
17038,3.484841373432644
17039,8.701933802568503
17040,6.548098886855337
17041,6.916905008143489
17042,4.104393330756429
17043,5.329604819897594
17044,5.658425194365241
17045,7.080900397347357
17046,5.298374132465218
17047,9.039372042415964
17048,4.582757913001253
17049,9.9911233011346
17050,6.74495998772203
17051,8.007339072164292
17052,6.547210997835937
17053,6.54129063358401
17054,3.836689603057076
17055,7.7154875805488
17056,3.667054659564236
17057,5.4580862383037125
17058,6.674139336332423
17059,7.16648277762428
17060,6.000085980669043
17061,5.653812727348461
17062,3.129844350412095
17063,7.110027692797233
17064,6.963708900790531
17065,6.839718609537395
17066,4.373937886640263
17067,4.880777368572732
17068,7.308669845781385
17069,8.348452848896132
17070,6.4717533306662505
17071,6.065735753621982
17072,5.689845782129476
17073,6.421815647256797
17074,4.198742276828665
17075,4.700793636843727
17076,6.245141910533015
17077,8.16720715831875
17078,4.955998288990125
17079,6.376730864107269
17080,4.132003348158771
17081,6.209889825702692
17082,8.150226721082827
17083,5.154060214229457
17084,7.9528538867744185
17085,3.7758208394642243
17086,0.9487902038273952
17087,2.4200851382105157
17088,6.824532948675538
17089,7.805999450959072
17090,6.39416599585633
17091,8.242534614058744
17092,6.7047048684813815
17093,8.438455802005501
17094,2.0823498178579465
17095,4.8420425995822995
17096,1.6849151721497984
17097,2.6197551666094205
17098,6.172213838933217
17099,2.2603211853062963
17100,8.11556105436074
17101,6.059254663467419
17102,7.694181181792575
17103,4.540821839188283
17104,6.8848151029994975
17105,7.373564596619565
17106,5.873895500600819
17107,1.572046662110492
17108,4.14109911049893
17109,8.440441029079524
17110,5.630089185558359
17111,4.811814177905621
17112,4.764466949625673
17113,6.5094246139791565
17114,7.411030113239208
17115,6.734097232999045
17116,5.045116257918732
17117,4.569532358687435
17118,8.384358288850477
17119,3.4556200457513535
17120,5.612874271383952
17121,5.613977491844129
17122,8.493523263016776
17123,5.256768822702483
17124,7.715774849081387
17125,5.594397389022982
17126,5.053971721053946
17127,5.681168083657079
17128,7.900304807314978
17129,1.7841121351497198
17130,9.83531036909745
17131,8.510533495689733
17132,5.675398194399236
17133,5.903127887823756
17134,5.193110965936038
17135,6.301377361918378
17136,3.737699715310697
17137,7.922812292141226
17138,6.611226240898337
17139,9.763162986014597
17140,4.927467027897638
17141,6.098844405555109
17142,4.2733358571548745
17143,4.413364404067768
17144,5.071749972898416
17145,2.81304392219288
17146,2.6941835929027653
17147,7.59747617139477
17148,4.185591046255245
17149,6.67737718982982
17150,1.3282404821357872
17151,6.172501059304318
17152,3.144188458459017
17153,3.969730445787962
17154,3.462387039290668
17155,3.332439702919559
17156,4.465931452010459
17157,7.433771722537079
17158,7.214132906659268
17159,8.180163010122696
17160,4.3866167940424
17161,6.552829981255125
17162,5.7514421634914425
17163,8.1284908332483
17164,8.280278460993237
17165,6.044401602895426
17166,8.875319503947749
17167,6.210898214221511
17168,6.842733428142448
17169,6.104159588490583
17170,6.881767946922876
17171,4.940305879223753
17172,6.90118173734919
17173,8.505619580834704
17174,4.802533249520177
17175,7.1731173085340325
17176,6.351754472727174
17177,9.303506520079269
17178,6.2988193289977135
17179,5.443631875366731
17180,8.037074975398253
17181,6.971296505191449
17182,4.041731428704823
17183,6.704583594126734
17184,2.9550658981182343
17185,8.28722722514683
17186,5.11741268633835
17187,3.3788199164607713
17188,6.403968889690374
17189,3.0656058783244577
17190,4.562682188182224
17191,6.229709494735262
17192,4.121760698763954
17193,8.003891018261829
17194,2.8642848599866984
17195,4.131167055005982
17196,8.602237278783619
17197,7.673375191964377
17198,7.668433816334377
17199,6.984577698013379
17200,4.916290472321618
17201,6.303505964817503
17202,6.792250006364038
17203,4.622172739838074
17204,7.142040023817423
17205,5.904692929458199
17206,3.733155516577515
17207,4.1578916109386315
17208,7.949856441882024
17209,8.614277029262697
17210,7.225540813441402
17211,7.916480095240992
17212,3.139101170100758
17213,7.106307207754369
17214,9.233032644737408
17215,6.160720302409535
17216,9.733392461144792
17217,5.263210965162079
17218,7.1712831114694735
17219,8.398431005352142
17220,2.879901510326487
17221,5.979621366392591
17222,1.932860461233205
17223,7.252035179451688
17224,5.63652109340428
17225,2.269287933453582
17226,7.275494546116184
17227,5.885100715023747
17228,8.187036416303192
17229,5.301308421488654
17230,5.206391278928894
17231,4.173887055723955
17232,4.587819794038204
17233,4.857994327711077
17234,8.589536672662403
17235,8.504129150420063
17236,5.407055324663117
17237,7.392645268176507
17238,4.0123783527997565
17239,3.993111435498629
17240,4.079678049986726
17241,5.2832449968642825
17242,4.128037549895573
17243,1.868246351286706
17244,7.6135853748027795
17245,5.740499019427268
17246,3.737102407251352
17247,8.729362399498374
17248,4.8790517624471805
17249,5.576618592962117
17250,4.0841345026398495
17251,6.1960076215865225
17252,7.246463796524308
17253,8.610473292733209
17254,3.504111097013575
17255,4.649402866702675
17256,3.7500586051664637
17257,7.821816599616716
17258,8.501046958578168
17259,6.601084234628592
17260,1.9458162895117797
17261,8.39562938385784
17262,3.1918253775943786
17263,6.888350094105731
17264,4.870235240634448
17265,7.462855667967321
17266,5.497440908201044
17267,8.281150859653524
17268,2.857072939071014
17269,4.724087094138487
17270,7.290186455615612
17271,2.070066549569355
17272,7.194578545084683
17273,3.6339134082943696
17274,8.475452684342311
17275,7.0921136988152895
17276,3.047079473763982
17277,4.39324127014739
17278,4.374690791517443
17279,8.951597896324051
17280,6.270321618787415
17281,5.658870056213528
17282,7.349850263762416
17283,7.238446403955106
17284,3.3662427961559356
17285,6.355040901144674
17286,7.2043345786576864
17287,8.321436910807225
17288,1.593512251346589
17289,4.679806679445184
17290,5.310214987257219
17291,4.38658989760391
17292,8.507891360624813
17293,3.8209813708162588
17294,5.500205416300531
17295,2.9373815457712493
17296,6.672060401729143
17297,4.989898304360776
17298,6.936245548436961
17299,6.518003382985548
17300,5.494513628460021
17301,3.8015825586882372
17302,8.689829013282484
17303,6.309071362828574
17304,5.209287893300106
17305,5.89231987684761
17306,3.320389013058258
17307,7.566348949486961
17308,7.274237895224098
17309,2.1938145380790353
17310,5.782819587713642
17311,7.003640498376465
17312,5.777531682768288
17313,7.964739287137911
17314,8.428099902463838
17315,7.622760858968994
17316,9.15690494105197
17317,6.804028839860025
17318,7.979467415678909
17319,3.0730984899929576
17320,7.02794606834975
17321,4.586807205085239
17322,3.8615395198239035
17323,7.876844208529697
17324,4.741066883107724
17325,6.341209738971195
17326,6.369110553609872
17327,5.9942586994326845
17328,4.852732286120551
17329,6.49596795199078
17330,4.7432968097858845
17331,8.217035879787922
17332,5.767570263345873
17333,8.577282400566753
17334,4.8290044879821865
17335,7.342861844830927
17336,4.502640880430336
17337,3.447106379928099
17338,9.078242566618286
17339,2.397198749244104
17340,7.010133504729354
17341,5.524848143241876
17342,3.9029861690192162
17343,5.778664906732546
17344,5.554951245623764
17345,8.569291177972568
17346,4.520288426061469
17347,6.509754649309727
17348,2.8897448011732925
17349,4.556824649610551
17350,6.464417641790233
17351,6.773865044802772
17352,6.253197264821764
17353,5.942009186549978
17354,6.900687382631638
17355,5.831597242204827
17356,6.957645039248371
17357,4.182122079504857
17358,6.5225999581168725
17359,2.5160350964891784
17360,2.166001450625844
17361,5.684719399783211
17362,8.593461977378379
17363,5.3291605144333545
17364,7.590327049044972
17365,4.717165031149283
17366,6.941887385407683
17367,8.24923423558445
17368,8.522311284074345
17369,5.058975760654559
17370,5.367592545792772
17371,8.011920863774916
17372,7.058563374711973
17373,7.462585614418764
17374,4.423795460200734
17375,6.134056792284342
17376,8.123617701777794
17377,8.165804463804806
17378,7.341192574311508
17379,5.610152051570253
17380,8.53696643749457
17381,4.162059886366359
17382,7.130698208370882
17383,3.968108344272113
17384,8.132456747096226
17385,6.581629803971678
17386,8.62078438046681
17387,8.88383379148551
17388,7.665315169929466
17389,7.5642384653127275
17390,3.1357539626216435
17391,3.947982209020334
17392,5.424725972528957
17393,5.522505221227369
17394,7.38125351653527
17395,5.3700152698279595
17396,6.829973488408239
17397,7.334726235638718
17398,3.6210129616638196
17399,7.542061631228646
17400,6.2815093947004454
17401,1.572541576916224
17402,4.224326102529022
17403,7.067167868099338
17404,6.075017476261648
17405,4.341426874812206
17406,4.083946161074941
17407,4.31288589438908
17408,6.178960649680498
17409,5.406035309140802
17410,8.464184351892108
17411,5.318904051713715
17412,2.3063028907654197
17413,3.630583504843089
17414,5.557268028859724
17415,5.963567978411798
17416,6.790730468432589
17417,5.372506996954962
17418,4.568668132741862
17419,6.395433075666398
17420,5.060350884210413
17421,7.44784544294296
17422,5.741538396847283
17423,6.5523956778772465
17424,5.353074820518315
17425,6.778266623419077
17426,7.2346116386547
17427,4.649852837160092
17428,6.685240255988131
17429,6.29631536183857
17430,7.858836956088498
17431,4.025320760490372
17432,6.704673548429049
17433,7.85304809681619
17434,4.933088623881459
17435,5.296674117268112
17436,6.977260536874391
17437,5.685571239707308
17438,6.699601231973987
17439,7.376350998438469
17440,6.312730540374559
17441,3.6049743619109953
17442,7.958131583634939
17443,4.875320007982639
17444,9.085589411282397
17445,5.590715821693073
17446,6.5200788848092746
17447,5.528743105808108
17448,5.758441383299243
17449,4.207978635187774
17450,8.903914331938106
17451,7.618954478200943
17452,8.55900940141294
17453,6.272952827255495
17454,6.907382663606459
17455,3.33581952174035
17456,1.65469065780911
17457,8.28675043289507
17458,5.187710736277227
17459,4.604934100374108
17460,6.935873883771179
17461,4.04378493282065
17462,5.3084724930820615
17463,7.482180682382215
17464,1.4329548688538236
17465,9.552156339237055
17466,3.3973870528827566
17467,5.7555558109813365
17468,6.735784379935262
17469,3.7058126740716757
17470,4.208004786573994
17471,9.880018975880029
17472,7.963576841380106
17473,4.225618472527648
17474,4.052313494795779
17475,6.707207328727469
17476,7.147419302086029
17477,8.41121135798946
17478,7.195271260491334
17479,6.890971841523179
17480,4.6523662704969775
17481,5.00696873359357
17482,1.7278264405176276
17483,5.507410587636833
17484,6.136086641881696
17485,4.812282615462905
17486,5.138504409789601
17487,9.103775590884096
17488,6.651730066763252
17489,5.379459196694571
17490,3.724698625366472
17491,6.903926771079003
17492,5.867947791963089
17493,8.011402364008408
17494,6.112707303164804
17495,2.6241084440825606
17496,8.328601740897371
17497,2.7033843231731653
17498,6.837130713971929
17499,8.543494195939964
17500,7.625850178501727
17501,3.534487427499176
17502,5.795804288682461
17503,7.221763655374957
17504,2.7731545166844636
17505,2.2800784901350406
17506,7.505944588480263
17507,6.157231964281264
17508,7.441958725497092
17509,3.8057555770981484
17510,5.635231032288033
17511,6.8603922281915235
17512,3.3201673270292895
17513,4.7585026576328495
17514,1.8404845247365127
17515,6.4723480201797905
17516,5.485993721864639
17517,9.321820408295974
17518,2.121104936426514
17519,5.814343871577574
17520,7.500658047218139
17521,3.8912882898924437
17522,5.040368125553362
17523,7.54000541068603
17524,8.720557554774272
17525,4.909004899024592
17526,8.743019138476408
17527,5.450171799175484
17528,4.230003158124604
17529,5.0722818857426555
17530,2.465718483339631
17531,3.6226429827898636
17532,6.498146944221996
17533,7.943279478572612
17534,3.125384169350934
17535,8.388803682178954
17536,3.9031246085622078
17537,5.423210800479765
17538,6.457624599483121
17539,1.3001851622934446
17540,7.406641574300502
17541,9.397922193295354
17542,4.689860871207649
17543,6.401768047417281
17544,5.168398608672909
17545,3.618590869114455
17546,1.4545189256075144
17547,7.4300474759817945
17548,5.147312864554491
17549,6.462409344838521
17550,7.731081115937173
17551,6.023381129768707
17552,8.0732789796114
17553,6.636988069652867
17554,3.820870560475829
17555,7.273833027176522
17556,4.356359792280062
17557,6.217612475820102
17558,3.056068706000712
17559,5.80887678693232
17560,6.166955678851597
17561,7.689028021217863
17562,8.34704550249786
17563,8.65228772851627
17564,5.9068885558353275
17565,3.3382730176623885
17566,6.305864168101299
17567,6.41180118967742
17568,7.2958917065639834
17569,6.541909920311778
17570,7.836021509239121
17571,8.288545880639656
17572,5.490035915111554
17573,2.765361999519957
17574,5.502478488704361
17575,5.5611096399009
17576,4.829611840472642
17577,5.9275841998168755
17578,5.429601544911425
17579,7.390858280041466
17580,8.30602176538882
17581,2.145346756855516
17582,6.569865834093096
17583,6.777912953665058
17584,5.648386031355497
17585,9.066511430268381
17586,5.433354091112697
17587,4.086366864316876
17588,5.586344725069127
17589,5.2157434093133315
17590,4.4603537168704275
17591,5.636455961071382
17592,4.392722370664605
17593,6.595140810517685
17594,7.263692664251713
17595,7.6066685401589735
17596,9.814531463696774
17597,5.1177083642653045
17598,6.780044544541479
17599,3.9059504096033293
17600,9.491718842573324
17601,9.112189566839145
17602,5.053944122221347
17603,7.2999906325653345
17604,2.9183982463745206
17605,3.8230218608447606
17606,8.364314716609538
17607,4.927086876810448
17608,6.876189181405382
17609,5.52532958742511
17610,3.902849688001545
17611,2.165320567708445
17612,7.4622132821764735
17613,3.6481781813150373
17614,8.624628755276877
17615,7.56287118678689
17616,7.806863158141262
17617,6.726413461491719
17618,6.777934198718974
17619,6.168724049027111
17620,8.538558876104437
17621,6.123243365324095
17622,4.25704991452829
17623,7.971449907159656
17624,6.916820870524126
17625,3.9066700185913197
17626,5.1622244106283475
17627,6.680130578533373
17628,3.506448940299255
17629,4.792830674808355
17630,7.349213519937485
17631,4.954577163985701
17632,5.947617470843349
17633,6.075894572735118
17634,3.8158249369127883
17635,6.251139189623615
17636,7.528896318283774
17637,3.5672264278421886
17638,6.280230455334862
17639,6.311544445568513
17640,8.428717901496672
17641,8.126008730736054
17642,4.794860252131203
17643,6.060561639696726
17644,7.801662029446228
17645,5.443438218622376
17646,6.458199379245421
17647,6.100431059828494
17648,5.9678887735574
17649,4.471757447354161
17650,5.719848074253088
17651,6.934666469769825
17652,6.294422611318421
17653,4.800355814750926
17654,1.6071830714188589
17655,8.149265797315625
17656,4.182345914935534
17657,6.4714177080434
17658,3.640948289493391
17659,5.550280692271571
17660,5.948006105086889
17661,3.2151231483172076
17662,2.165745177643285
17663,7.275114856213017
17664,6.574352137457853
17665,9.752635378522644
17666,4.379028767623974
17667,5.937488727207912
17668,8.677966403010704
17669,7.861492727131817
17670,2.6188524948487903
17671,6.08205200190587
17672,7.183198878411846
17673,9.064649506338194
17674,2.449901208382952
17675,3.0913314185630894
17676,2.8427857523381546
17677,7.2725148835413815
17678,5.198883217063919
17679,4.681198720461327
17680,8.956846706395732
17681,4.842163092302508
17682,6.868311351730745
17683,5.41511548414545
17684,7.7505496610611395
17685,3.847152364438048
17686,5.897771782353475
17687,6.640029163798116
17688,4.226518764582306
17689,6.212915598839397
17690,9.56403571377789
17691,6.471425075766389
17692,5.8065084727846425
17693,7.060999949177143
17694,4.910670137081115
17695,5.390046175690254
17696,7.632790065711962
17697,7.718824344381993
17698,8.065754559960327
17699,1.557669546271494
17700,6.588295167235087
17701,6.552461625981148
17702,7.421523145135637
17703,8.104932058576399
17704,4.114475709766368
17705,6.843415533967072
17706,5.211026438356645
17707,4.222829933810691
17708,4.379240587957334
17709,8.894982506834086
17710,3.7754875271705504
17711,7.6666741312834
17712,7.558110108447934
17713,4.171294151358289
17714,6.6234701120693025
17715,8.882785660399858
17716,6.083831865349599
17717,4.124163349652256
17718,5.745457131430384
17719,4.800315726877261
17720,6.541417597905415
17721,6.253156317463709
17722,6.2640325609583165
17723,6.025273519365035
17724,9.240280818955878
17725,6.217297301541166
17726,5.913191894703394
17727,7.979962787753078
17728,2.0806275165310746
17729,3.947342468078072
17730,8.418295981904121
17731,9.811448768057108
17732,6.622537236120724
17733,7.360148632528652
17734,7.904962116248618
17735,8.052702344660759
17736,4.47893972729061
17737,9.17430680159913
17738,5.554332946395442
17739,4.076259730195802
17740,7.97420458174968
17741,7.14524817462752
17742,9.310362697209271
17743,6.1533034446417005
17744,7.24789348943645
17745,8.397005168304078
17746,8.419600738913537
17747,4.408307250175416
17748,8.010401040310654
17749,6.169635153315915
17750,4.878752930553302
17751,4.1235953862748564
17752,5.670401538910579
17753,7.115403271349806
17754,9.963970639946583
17755,4.923856513787141
17756,4.30696574346551
17757,5.7535544687916875
17758,4.536681229046226
17759,0.030950100773278234
17760,6.514565306627949
17761,6.112050818171755
17762,6.92505956325455
17763,8.783873163152494
17764,7.261689115884072
17765,3.520368585402377
17766,7.206474941665758
17767,4.638941827884511
17768,7.097275423774539
17769,7.101417024431458
17770,7.567987721856225
17771,2.647472010696603
17772,5.996467360706056
17773,7.919569583306354
17774,8.042680628431743
17775,6.030742240203172
17776,6.311534430731436
17777,4.878424321483894
17778,9.34231151784507
17779,9.145690090043201
17780,5.282875851734148
17781,4.446345717053515
17782,4.71053746410155
17783,3.965986211330111
17784,3.537263851190615
17785,9.520378906181676
17786,8.127360285926272
17787,6.21653936883489
17788,7.708380202037086
17789,5.49030994267114
17790,8.050076401611085
17791,5.544857066104015
17792,4.042666950052449
17793,6.270220799464954
17794,5.637307193007899
17795,4.740868017004729
17796,3.819160070900766
17797,7.276858764146021
17798,5.6833836859868665
17799,6.4058445392855266
17800,5.224551775165148
17801,6.164029967837613
17802,8.26046180992812
17803,5.707749877797372
17804,1.5834308200653315
17805,7.453078211686553
17806,7.048127385547799
17807,7.085686784985518
17808,5.941579566008888
17809,7.344430353592173
17810,4.991733237923469
17811,3.703009670620971
17812,5.067636650626205
17813,7.777241857027136
17814,5.416719041002243
17815,1.8624085053807435
17816,6.354498305423961
17817,5.147283331044217
17818,5.545333444612745
17819,7.136543241634229
17820,6.944775987076485
17821,3.9105555378679004
17822,7.543504482763379
17823,8.558661551121212
17824,5.8559450261864905
17825,3.2923276208584245
17826,6.815479037346664
17827,4.7953650963292045
17828,4.561311735591562
17829,5.846473793481978
17830,3.6189134849377385
17831,4.259569108586739
17832,7.95752835925674
17833,7.598789767356842
17834,6.184422511387772
17835,6.127264071167323
17836,6.730526936671048
17837,6.9839502769978195
17838,5.246833821172523
17839,6.396920184064192
17840,8.20581386378006
17841,3.9522796818441286
17842,5.314645561553836
17843,7.57536664392368
17844,6.413135229256859
17845,7.657364277268152
17846,4.547034162986297
17847,5.206848271041863
17848,1.446059127626176
17849,6.2730044854598725
17850,5.3639114835115445
17851,5.242738976453202
17852,5.20895244572218
17853,2.894882523197316
17854,3.856793741825185
17855,8.964768039768543
17856,6.495231546557366
17857,8.352010925751852
17858,6.085023912653621
17859,8.454999523472404
17860,6.855570200472777
17861,4.48468307151839
17862,3.4170789826499033
17863,6.8166154298721295
17864,4.936377997992638
17865,6.7480805820153265
17866,5.9803568120558
17867,8.480468379511912
17868,9.038029770682861
17869,4.734691626289159
17870,7.313783257414522
17871,7.706894369221526
17872,8.433250217588315
17873,3.9616032866427084
17874,9.437214675866873
17875,4.95124020908109
17876,7.493930018052795
17877,7.972287965485988
17878,6.2083365881608055
17879,5.124606089360953
17880,6.411533698377626
17881,5.522986672463131
17882,8.057667993942532
17883,6.0797254732720845
17884,1.433392072705272
17885,2.7968794200149167
17886,6.0523853879844784
17887,1.640080218439353
17888,2.6070636575640216
17889,8.135635310817605
17890,8.896544792197814
17891,7.0659802562759815
17892,2.8455425950972453
17893,7.265265532133242
17894,5.208065167522344
17895,5.455242299258547
17896,4.1811081644281725
17897,3.579062176254812
17898,5.89656176287132
17899,5.272694235835773
17900,5.698068345832145
17901,5.967841523920464
17902,7.835829398815507
17903,5.86321364330089
17904,4.804985464194482
17905,6.598381697208976
17906,5.725945576376476
17907,8.66695315434817
17908,4.922140571515957
17909,7.511986035272799
17910,7.517221351836235
17911,5.51953211571924
17912,6.990824652930742
17913,7.854630204016974
17914,7.149772769853578
17915,6.008472585212808
17916,5.83232715889457
17917,7.647565256896652
17918,4.880555454726375
17919,3.5797618326918585
17920,6.9564082015863
17921,3.8123562674795552
17922,9.008716113940793
17923,6.512909661343754
17924,2.6196021959081897
17925,4.640816444229014
17926,4.843686979424007
17927,4.197824234377148
17928,8.727736969996357
17929,8.677760783324045
17930,5.916024529961804
17931,4.1928508384201875
17932,1.3635830546498935
17933,7.000228371533124
17934,6.312250350103537
17935,6.6793351270664125
17936,6.816372332302076
17937,6.504755313237494
17938,4.610801677316079
17939,9.45169966989541
17940,8.731382839860412
17941,4.658821049133073
17942,5.110700734179689
17943,7.186203394956076
17944,5.4662824498195315
17945,9.154028364364844
17946,6.574581337219637
17947,9.145598152211544
17948,2.5140693105932908
17949,4.138579433393987
17950,5.420767224950379
17951,7.836350636917537
17952,7.170918697788455
17953,8.669160586548564
17954,4.0089765486784215
17955,9.620605104247204
17956,9.627847551086315
17957,7.523774951045619
17958,7.543198575734126
17959,7.115783340469046
17960,4.214206502527588
17961,5.883480359221632
17962,6.360283220707101
17963,6.390968429538354
17964,5.029982611128189
17965,7.942860470814468
17966,9.02470189429802
17967,6.264389691584312
17968,7.522588936768794
17969,5.874032169912938
17970,7.274530993746999
17971,4.011470481310188
17972,7.485624688518888
17973,5.398824809214293
17974,7.844675976062228
17975,6.29141796902296
17976,7.793625232497114
17977,3.7129086163625495
17978,3.984948528211454
17979,5.438087307100277
17980,6.390817040917818
17981,4.497119847216962
17982,7.282790950151823
17983,5.912428857002266
17984,4.162602073277786
17985,9.267105158767526
17986,8.539471849741778
17987,7.970017410464109
17988,5.634825083463254
17989,5.826296901477052
17990,4.584284504427951
17991,5.910544767448601
17992,8.610272532924697
17993,5.449562299273373
17994,4.28307907048198
17995,1.8144474407962246
17996,6.621547281140205
17997,7.031535319066179
17998,4.944920176052265
17999,4.982453489662036
18000,3.831513077791854
18001,4.58691452407205
18002,5.3410144923214675
18003,6.988376552388686
18004,4.608121751725237
18005,3.682776979404565
18006,4.990725643454388
18007,4.131729802484514
18008,7.572616815307845
18009,1.8232539468597426
18010,5.809332063478831
18011,6.970063956132921
18012,3.9526599404083913
18013,9.21168514113997
18014,5.462576706683539
18015,8.822363595604857
18016,8.90589567306155
18017,6.9235135010532805
18018,7.586707730571496
18019,5.900358897491529
18020,7.411507192199451
18021,8.216322806711206
18022,5.652825201623062
18023,2.9232576656665183
18024,4.1701934045672
18025,9.042285297667458
18026,5.398501340869899
18027,5.0161458246897626
18028,5.315688955700751
18029,8.598196629845237
18030,7.659893282172968
18031,7.36218774788345
18032,7.8716934363036435
18033,8.093465347287461
18034,4.478095453271991
18035,6.424994486463048
18036,4.385596464141622
18037,7.4244853176700945
18038,6.7355171508992
18039,7.366922886698532
18040,7.119415110082432
18041,2.562441522002387
18042,5.875589610279562
18043,6.532577394575259
18044,4.043194692764437
18045,6.393971397836285
18046,3.905235370585538
18047,3.369122085979718
18048,6.215844527103887
18049,7.0317144780953775
18050,8.658845936739965
18051,5.398839423718543
18052,5.166358811879735
18053,8.479596302455116
18054,6.0617973251411845
18055,6.335759568787683
18056,5.712745747241769
18057,7.188798652567593
18058,6.793539459185565
18059,5.4359321551799455
18060,5.578906063898603
18061,7.502076121024304
18062,7.549322030375217
18063,2.3984721425949713
18064,6.334317391053203
18065,7.564662441134736
18066,4.966011081539237
18067,9.091604205173033
18068,7.293772414220937
18069,7.37218298956275
18070,5.654285741944217
18071,7.065233870342978
18072,8.088956480219682
18073,6.528348122453705
18074,4.380598888452457
18075,5.180691876946887
18076,6.910233296522488
18077,7.164057141743633
18078,5.821281646378105
18079,9.068648731294305
18080,2.095453270631095
18081,8.70959035443625
18082,9.06897788509139
18083,7.46143462496078
18084,7.356255346171678
18085,1.17604656507196
18086,5.694988587684324
18087,5.091860331352306
18088,5.68446298152159
18089,6.7433111178782505
18090,6.961281068085035
18091,6.086251052255746
18092,3.415459924860924
18093,8.189449811864867
18094,6.035616460146794
18095,7.6138670879071055
18096,6.204444601046759
18097,7.445551015487846
18098,4.792161773388345
18099,5.894668922407393
18100,7.023544024923139
18101,3.989183797207488
18102,8.943177178762861
18103,4.3714909655000165
18104,2.8801465283704237
18105,6.068817052994639
18106,5.6321163880837375
18107,3.9006958912899172
18108,7.1948788980573255
18109,4.883629216789203
18110,6.766380291114054
18111,5.0923618055526525
18112,9.095890485252596
18113,8.754980216688807
18114,6.688205572013475
18115,3.0872423757950966
18116,2.9568447609215447
18117,4.690268159325506
18118,7.518088855223213
18119,4.8167748145936855
18120,3.1633710969474476
18121,4.893055097735708
18122,5.149690956186364
18123,3.8817282920305445
18124,5.017231741309709
18125,9.016107703992288
18126,2.732808979653472
18127,3.8485864624688535
18128,7.287079452405304
18129,1.9903711160187727
18130,2.279848214317993
18131,2.7310140479279363
18132,6.713263982320632
18133,7.132678946994275
18134,7.446426303963097
18135,6.389383696446143
18136,8.600689820755974
18137,4.540906597767421
18138,6.459028309892362
18139,7.14121267259584
18140,4.868341505631227
18141,3.365155508954678
18142,9.178484125139914
18143,5.398001724946269
18144,5.2511107950843785
18145,6.150433311790592
18146,4.99712400793359
18147,6.742796970451796
18148,7.946285805948057
18149,8.375345114621929
18150,8.902340204333052
18151,7.532318744357273
18152,5.82117344036154
18153,4.991011894449636
18154,7.563701153142507
18155,7.2469245220883804
18156,5.082300297073662
18157,9.777015290772358
18158,6.436242163216393
18159,2.752977842557538
18160,9.049821464211188
18161,4.228943059037859
18162,5.194534860137075
18163,4.622996072199896
18164,8.966378609926842
18165,3.3069396061685965
18166,8.447679098549651
18167,3.215429206158473
18168,9.108869117756123
18169,8.255641422524457
18170,4.882849888055919
18171,6.457000924293068
18172,4.981408190806786
18173,6.00307652482496
18174,5.282970431816458
18175,8.156311045534036
18176,6.76969199671702
18177,7.69474721101661
18178,0.8958139860831847
18179,6.520318104825175
18180,5.3731699238645945
18181,9.40285314579852
18182,4.2934987594823255
18183,5.510831907720656
18184,6.56380496429072
18185,6.672506301441179
18186,6.688718784635335
18187,4.0316510295423305
18188,7.025317724075313
18189,8.197898597381428
18190,8.54139248993698
18191,5.503215149570231
18192,5.868898354671424
18193,5.064641267666051
18194,3.6326098032792453
18195,6.503149186775447
18196,6.683674475240604
18197,8.265494068794085
18198,8.600342554772412
18199,4.475513194561479
18200,8.0323159675216
18201,5.847105545492491
18202,5.64202384368636
18203,8.918906338853045
18204,6.8033387449969975
18205,6.95445041641287
18206,5.914097958763609
18207,9.533830136910778
18208,7.126283071746955
18209,2.909521558086454
18210,8.27191803335023
18211,8.559594018569742
18212,4.27815531055287
18213,8.821054423705405
18214,5.724193143458075
18215,6.947084779159923
18216,4.326390233076236
18217,5.330564969666314
18218,4.170351855378959
18219,5.0815433230405445
18220,7.8221460567639305
18221,1.5659162302177898
18222,4.452869667740048
18223,4.772854833274959
18224,4.920483879993061
18225,5.5089256515706
18226,6.810234470127307
18227,4.905489251066632
18228,4.889345869603604
18229,6.556279123161294
18230,1.1955851627607
18231,5.94989639691125
18232,3.495318235403111
18233,7.413235578998524
18234,7.228069961665165
18235,9.704192989417681
18236,5.6321086664798985
18237,8.973299920123202
18238,5.272401843661028
18239,6.346802357080691
18240,7.936512303591187
18241,8.535123852618536
18242,6.715872852665805
18243,6.79566371081736
18244,5.744349839108244
18245,7.675646950931826
18246,3.106146697555579
18247,5.078460264784071
18248,4.297773253809273
18249,6.847927520339016
18250,7.301123597740505
18251,6.135052940571272
18252,3.5084341363331366
18253,8.04713834372796
18254,0.757548874230694
18255,7.6506091651958625
18256,4.18118425696159
18257,8.255621905569255
18258,5.291562304443021
18259,6.379974934049144
18260,8.97783746547625
18261,3.5175160507886467
18262,7.15255468964746
18263,4.962019322768249
18264,7.612207033316791
18265,4.016798500490869
18266,7.938724623545846
18267,5.212064834688876
18268,5.784281550002537
18269,8.726619895158896
18270,6.576841186572116
18271,5.9180408539076135
18272,5.659264341027099
18273,5.696692532417896
18274,3.090433368270958
18275,2.3981862478720335
18276,4.2640807679127635
18277,5.717219046552374
18278,3.6806254409508736
18279,8.158317802370483
18280,6.0931656672347945
18281,7.526908125274454
18282,6.218176135354765
18283,2.8507255600353347
18284,3.4235070138719523
18285,4.845689320311037
18286,4.117978353045195
18287,6.342870601615057
18288,7.146106222844663
18289,5.124630066686222
18290,6.059969517042267
18291,8.93212864359771
18292,4.554912758590297
18293,7.711797570979008
18294,6.560046153488541
18295,6.813393816786427
18296,7.9617435357199815
18297,8.973731149706907
18298,0.6126268094690696
18299,2.0198550084387534
18300,6.305102600494073
18301,5.322240794268912
18302,5.97295285835431
18303,4.988664985267697
18304,6.817372751936662
18305,5.009604372517852
18306,6.581386954605048
18307,4.232683736103053
18308,5.745166688396865
18309,4.597928003906869
18310,7.221056125663762
18311,4.626830663479645
18312,7.478316305602428
18313,5.026475343412777
18314,6.27922991385854
18315,4.512975641439623
18316,9.979288744200298
18317,5.638512488953948
18318,5.613530800120936
18319,4.1769462233254355
18320,4.321784413987453
18321,2.9586410486840853
18322,3.6324661087416543
18323,4.4930854392279045
18324,4.989495399827292
18325,7.041222691965303
18326,4.266388159906699
18327,5.368128084682464
18328,4.249544321580331
18329,2.9308586780668957
18330,5.625763399133872
18331,6.983367397233245
18332,5.976404794962979
18333,4.590049361605578
18334,6.24943832496753
18335,6.73561348264906
18336,4.974789169661197
18337,5.777133213721189
18338,7.599844315805493
18339,7.480547530097381
18340,3.721620630750333
18341,9.415413396133568
18342,3.535515330509834
18343,3.742655939413632
18344,5.467229170547463
18345,5.364110803865151
18346,3.691112461441863
18347,4.25939948424344
18348,7.004399836900987
18349,5.064630580140197
18350,5.700704287425263
18351,4.869133422586458
18352,2.087149538474917
18353,5.806703348632667
18354,3.992363466437611
18355,3.9851050771612218
18356,4.6367327036485
18357,3.7485222189488034
18358,8.336224367820128
18359,5.05903726041399
18360,8.512069662908525
18361,7.40217903413464
18362,7.856306793704092
18363,5.251781597601255
18364,8.2791442385125
18365,6.75150088741512
18366,7.177858564579804
18367,6.7913202063621565
18368,8.118623331322853
18369,4.3161835433008315
18370,3.0936600999510993
18371,8.230088548881666
18372,7.210127876799866
18373,7.1157478946050245
18374,5.876938808592306
18375,7.697640044554742
18376,4.048577382390692
18377,3.330055972325578
18378,6.055350464062181
18379,5.533159369687012
18380,5.7445320919385345
18381,4.128300572462574
18382,7.079236628904803
18383,3.7896971244231534
18384,6.921737517691478
18385,5.994018316211264
18386,5.958003078259505
18387,5.961007318552548
18388,7.932947217357767
18389,3.006231626083526
18390,7.825016910615287
18391,2.94508688820644
18392,3.968986257178253
18393,8.167087871577648
18394,8.069759420129714
18395,7.036092244355898
18396,6.639231780824993
18397,2.4918622385032902
18398,7.053808092111829
18399,7.8348315741417975
18400,6.691916592934766
18401,6.510823215658552
18402,4.4893590545985145
18403,4.178617983850009
18404,3.820438025964175
18405,6.769883593248794
18406,8.07901148272638
18407,6.149449873951124
18408,6.172347870284547
18409,4.795159326514707
18410,9.611902732069078
18411,4.444080374432436
18412,4.982247786493373
18413,5.848346572067712
18414,3.3051228276457465
18415,5.247556191654382
18416,6.844865167646633
18417,6.296737035203902
18418,6.442936905485566
18419,6.222557728170021
18420,4.819851030366248
18421,8.004330920133368
18422,5.1494592563819
18423,5.164275733601524
18424,8.303863540782595
18425,3.931110865239791
18426,6.4696467673795075
18427,7.629969705685306
18428,5.279079499445551
18429,7.749006946790533
18430,7.395048786451797
18431,2.3454917796792274
18432,4.733570915251013
18433,6.590648606101472
18434,6.375576523858589
18435,4.98424489666214
18436,4.074714292331366
18437,4.963923127051038
18438,4.346487054518284
18439,9.020491211337669
18440,6.923034326022423
18441,7.28823418899187
18442,0.7208118905833116
18443,5.000455207051844
18444,4.758391868300268
18445,5.185031902797592
18446,7.995544151184923
18447,5.332376391873324
18448,5.760750261723321
18449,1.8895010582879708
18450,4.300962819739439
18451,4.812700809646524
18452,6.9682517277118174
18453,2.4708349484042897
18454,7.998282764976855
18455,8.006208450034041
18456,4.901392374895529
18457,5.9668030660498905
18458,6.8042046451854175
18459,3.239540987599349
18460,5.129822667149509
18461,4.014458438312842
18462,7.446222146185724
18463,4.55630857303598
18464,6.239495139350948
18465,7.506158611068207
18466,6.202918571788048
18467,3.922998705363529
18468,7.661625706580095
18469,5.29093145496414
18470,6.518059278688289
18471,7.730381702144293
18472,7.896721596070072
18473,4.440833198316628
18474,2.0541874584498823
18475,4.704999176524943
18476,6.436580879173029
18477,7.1407269663557065
18478,7.86677961773635
18479,4.980865125302029
18480,6.972645125144853
18481,2.144682422068987
18482,5.015680047015557
18483,6.333219208437568
18484,9.253786860768592
18485,4.4775962708690455
18486,5.358733884328025
18487,5.420370513740227
18488,5.678322282308432
18489,2.229534288019094
18490,5.509052633689969
18491,5.057539836148701
18492,4.281655795749683
18493,3.8774414674269284
18494,3.8194312780642132
18495,5.613176760293834
18496,7.380630112344998
18497,6.331266209981606
18498,7.652535709330636
18499,5.363339895212137
18500,4.200381135294264
18501,2.1726217139610293
18502,4.620111000807632
18503,8.095422333743793
18504,2.549137222780256
18505,5.4703826569054845
18506,3.150919009788947
18507,5.176460230900304
18508,2.0566693609932605
18509,5.180303290101891
18510,6.474096940245726
18511,5.3154426794913805
18512,6.670918329399649
18513,5.69975601981859
18514,3.785841486054356
18515,4.7026211206274136
18516,7.73528277844047
18517,6.104141456096682
18518,5.085676638747773
18519,6.328376167469688
18520,7.212389585948296
18521,8.484836310940887
18522,6.547616990421229
18523,6.846584013461213
18524,0.043675666671787926
18525,5.551906418906124
18526,5.576453238579209
18527,5.028859371145214
18528,8.657834010658588
18529,8.433259828925426
18530,4.761429654847335
18531,2.882481744083283
18532,5.78550572886316
18533,4.99939220768692
18534,8.106851732468375
18535,8.123788765422375
18536,8.199806748058345
18537,3.536001013541335
18538,6.2410071326668435
18539,4.5786701586105485
18540,8.172082528585227
18541,3.9946383504403165
18542,5.399104736919892
18543,9.26399392584214
18544,5.939997221899911
18545,3.735684123595105
18546,4.595412216588881
18547,7.883287985595324
18548,3.639721354144303
18549,5.803036895642067
18550,1.2349377823767038
18551,8.034939082180323
18552,3.6007236561642784
18553,6.290643852463828
18554,4.278327299603347
18555,8.484438812509561
18556,4.798567310781366
18557,7.4304705600049195
18558,5.323709733595191
18559,2.0633879395935613
18560,4.965523822575848
18561,4.974472121838772
18562,6.9393065081386425
18563,7.204704547772324
18564,6.863757157001396
18565,3.5348184477753257
18566,9.228560642284835
18567,6.763716299261842
18568,2.2430056446465376
18569,9.604830697321185
18570,3.19407951350556
18571,7.607493615206251
18572,5.818926050223896
18573,5.293040311810077
18574,8.345278683617718
18575,5.812082769390927
18576,7.2411486691851135
18577,6.435458218265009
18578,6.601003457623803
18579,7.782107931134453
18580,4.473088302907212
18581,6.459491895709656
18582,6.190604539496761
18583,6.5423148592466
18584,5.8194127390627886
18585,8.109196780599044
18586,8.094317285982617
18587,4.444118157588041
18588,8.038534764649565
18589,7.432825386412063
18590,7.6407969882559845
18591,3.5434095513423647
18592,7.283378323238602
18593,7.978262305185156
18594,7.784727649092294
18595,3.64469108992914
18596,5.545987457284309
18597,3.668605517106042
18598,4.486434679742344
18599,4.126175731528889
18600,7.256669797989519
18601,8.478392521622101
18602,4.845717046711064
18603,4.883513923723222
18604,5.0255967018714385
18605,5.937333903924061
18606,2.6305746334490068
18607,5.314166723641792
18608,8.733578559783911
18609,4.773653269258793
18610,8.072835197712092
18611,6.738752854126508
18612,4.889063750336084
18613,7.248362927392887
18614,4.4137218190621805
18615,6.43814435231805
18616,2.522192084103777
18617,3.0231356323219796
18618,7.565400056553953
18619,7.174945524560204
18620,5.8851630390836
18621,4.013475386691724
18622,6.387330355521269
18623,4.526514763193202
18624,6.87726197284732
18625,7.540340137209565
18626,3.754714502935847
18627,8.322955558906003
18628,7.990656855801154
18629,6.731188180478015
18630,5.2646103451145505
18631,6.921897952948804
18632,3.0896600677827073
18633,9.373098570951083
18634,2.496716615421676
18635,5.535079824680635
18636,6.718741239176426
18637,5.9383051188164595
18638,8.892579006033321
18639,6.009164001263744
18640,7.746367952796847
18641,1.0679578312100404
18642,3.4888467611385754
18643,4.932166443173485
18644,6.791006184738937
18645,7.357204912460493
18646,3.2798612489178405
18647,4.115996495300582
18648,5.929584979124903
18649,3.5908813841577296
18650,5.766740180260093
18651,6.087379356207518
18652,4.707136566676027
18653,3.8324501771138464
18654,5.1799216509353805
18655,3.0947683619947526
18656,9.464458175154787
18657,4.7551875805284975
18658,5.362048747465291
18659,5.166727074377822
18660,8.095322091005272
18661,7.3071634359109074
18662,4.68055501812427
18663,8.129772694202254
18664,4.481557524284876
18665,8.878421801601622
18666,5.283532396481573
18667,8.82210573914967
18668,6.455627734146878
18669,7.048490206484104
18670,6.862894080897698
18671,6.74785348590604
18672,5.633947153443419
18673,7.407831185686691
18674,4.792822251132022
18675,5.175218969712312
18676,6.289531410214683
18677,4.951253642205013
18678,7.897775584248764
18679,6.5178873011079075
18680,5.015787317148152
18681,6.533417394394971
18682,7.266434918342227
18683,6.690706795653012
18684,3.2789363673318874
18685,4.2874425214632135
18686,4.721481397714565
18687,6.2492594838134625
18688,9.203041385612162
18689,7.369770923212082
18690,2.874566325122423
18691,6.220688628535272
18692,8.869357270159416
18693,7.940077747367392
18694,7.109991957666873
18695,3.2876133674108865
18696,8.87319696733049
18697,3.013558464088942
18698,3.641308133094829
18699,4.4356902073757185
18700,7.764371293740988
18701,7.603902378028772
18702,7.752548190271975
18703,6.8358498571172515
18704,3.9685118007512306
18705,4.015658770920309
18706,4.740601295339621
18707,8.332973452649714
18708,8.973693061370406
18709,5.636511297706693
18710,5.42547924300608
18711,7.633883847620337
18712,6.84718788657371
18713,5.416863135078072
18714,7.652267664985137
18715,4.868007785058081
18716,6.800229753280305
18717,5.292194423962862
18718,4.2912826423947745
18719,5.54909493258538
18720,4.165979961793957
18721,4.987290523981125
18722,6.190211814119448
18723,8.988840272450467
18724,7.597183388867235
18725,5.625250680169645
18726,9.210654763262813
18727,6.815601937758467
18728,5.898478960282106
18729,8.32405745058246
18730,3.631101447966602
18731,6.90550510097398
18732,8.067451913624184
18733,4.550414385118849
18734,7.288624948141533
18735,6.140547044059186
18736,6.100584020076193
18737,7.826697083000064
18738,2.599750868643794
18739,4.19644768079463
18740,6.396197125258051
18741,6.097968664800305
18742,7.314001560563219
18743,5.23725895895635
18744,4.367578044933304
18745,7.879586853279007
18746,4.028645904016735
18747,7.679014025965593
18748,8.431557734623857
18749,2.395068555745037
18750,5.138571542139495
18751,8.346598304295119
18752,5.939030707715062
18753,8.306573419976745
18754,4.586452802111232
18755,5.073058561582795
18756,4.608008093906346
18757,7.226602445720831
18758,5.308084342640392
18759,4.080446300587784
18760,6.465481811268308
18761,6.682078322971355
18762,7.66132711525822
18763,5.189334437686128
18764,5.274281065214579
18765,8.353163146648141
18766,7.275183577813416
18767,4.716399882087746
18768,6.366528503200194
18769,1.0391728264325062
18770,5.0599875982985605
18771,1.812904924085435
18772,4.3372002409381025
18773,8.363372252302417
18774,8.074838413927319
18775,7.360963317947691
18776,7.610577319052431
18777,2.0471028190473493
18778,5.647262493262142
18779,8.44403328556765
18780,5.745706656781885
18781,8.952158208428019
18782,2.18049789944966
18783,8.14332291819004
18784,6.899551624395476
18785,5.867334669332774
18786,8.454439669364351
18787,7.107143958901939
18788,7.575042249876859
18789,6.250923243926219
18790,10.0
18791,5.732752399359991
18792,8.999905029706495
18793,7.113454606490314
18794,4.0318408418040805
18795,8.399845737374893
18796,6.547857603030977
18797,6.128012222293316
18798,5.773174667033837
18799,5.26024183220309
18800,6.1757667229128685
18801,5.643876937256985
18802,7.133314653171037
18803,6.590908036354207
18804,6.87008878501724
18805,8.647862508224252
18806,5.272454745384045
18807,4.584259750913659
18808,5.170111658799473
18809,7.452815321684846
18810,5.8563575353082795
18811,5.079535968343869
18812,7.23059161881592
18813,7.698408837281325
18814,5.655738187590555
18815,5.650757672033256
18816,4.150225041678461
18817,6.278577841486907
18818,4.794141381039203
18819,5.359447525008549
18820,7.096268038013319
18821,5.068106835404496
18822,1.482263730189261
18823,5.82170763978833
18824,4.517946490595198
18825,2.735901882279952
18826,5.714498043160816
18827,3.5748489017484575
18828,3.2973729787393844
18829,7.271485422701345
18830,4.539418229314023
18831,9.342727426678081
18832,5.71557218319793
18833,8.353197772940538
18834,8.074931319817436
18835,7.39127880021608
18836,8.062789397046105
18837,5.143729024293314
18838,5.1154149922323535
18839,8.027587610741305
18840,6.6578750378906575
18841,6.326782201396348
18842,8.543655143972897
18843,8.678167844738264
18844,6.530586815811482
18845,6.676627517947859
18846,5.885686398257683
18847,7.927301786610741
18848,4.772610772315975
18849,2.808069291551436
18850,8.715810273926401
18851,5.85494984206079
18852,6.665007261531109
18853,4.918507673959546
18854,4.856775209111969
18855,9.000353410818777
18856,5.229861875957603
18857,5.9292342199739645
18858,8.598874333613573
18859,4.837472418363298
18860,5.560216879549995
18861,2.764371758669106
18862,7.077853934363136
18863,6.410877108710496
18864,8.018890089651686
18865,8.956429496438028
18866,8.010464328025257
18867,6.935246741932587
18868,9.154180587523797
18869,8.525934483814869
18870,4.672529846842526
18871,8.16210374670295
18872,6.127817537367133
18873,4.074033843910951
18874,5.717800397059487
18875,4.432801733590562
18876,1.7666719484931168
18877,5.822716574205595
18878,4.4151086408179765
18879,7.042723515359023
18880,3.2534900164414244
18881,7.278873829337564
18882,7.716646879008126
18883,9.352209764097395
18884,4.583225129202486
18885,6.3521640161247745
18886,7.86380156204171
18887,6.230394139983302
18888,4.44897620544504
18889,5.335771118387826
18890,3.4327724788996155
18891,8.967067003091769
18892,4.474913018297022
18893,9.64666380573943
18894,6.332746196823291
18895,7.866288212626077
18896,8.176507206292644
18897,5.811858042858783
18898,7.484984001973094
18899,5.085266916413445
18900,9.401881396162075
18901,4.551453195100895
18902,6.609673514247428
18903,6.280883133003382
18904,3.2837395908134948
18905,4.297026530288017
18906,6.62655615075397
18907,4.908214603726113
18908,7.660431127560736
18909,4.691005212447481
18910,5.223984218200742
18911,5.905250163185419
18912,5.972081324447254
18913,6.604660795495868
18914,3.6720466766978017
18915,4.2032046221297295
18916,8.518285750186223
18917,5.412847087163134
18918,6.871083423965189
18919,6.247838405903443
18920,6.80340866415961
18921,6.39671606881445
18922,7.3016719522376246
18923,6.24301843854676
18924,3.9477000191796368
18925,3.975288116578318
18926,4.642704172519218
18927,6.379784538870446
18928,6.724878461785667
18929,6.324864261612742
18930,2.2968530048440825
18931,7.098906243141889
18932,7.08861623604
18933,3.221175345315074
18934,7.54963185219094
18935,1.5164708639916165
18936,8.296397824624703
18937,7.663649848316461
18938,7.009989904820028
18939,9.962109904200858
18940,4.093017379307298
18941,8.052154880161455
18942,8.491991064808737
18943,8.50923062071144
18944,3.3589922191481674
18945,6.021837222002353
18946,7.462682277378287
18947,1.9545690097440105
18948,6.739820316605058
18949,6.296068258216018
18950,5.415292229494495
18951,7.938268803388367
18952,8.604825969883466
18953,7.590431436505025
18954,6.393253085667804
18955,5.0099327426585525
18956,6.146383457666189
18957,5.26003840266509
18958,7.313216205422865
18959,4.219277823633311
18960,8.001336968856732
18961,9.3379266624379
18962,6.905819081405675
18963,7.430223529331828
18964,4.606781013751439
18965,8.408072611203202
18966,4.933478301070296
18967,8.96186867622698
18968,6.28115487738689
18969,3.1525148947394057
18970,3.978127849291213
18971,6.131949621700886
18972,6.201219957896143
18973,5.212099313343651
18974,5.963205054193926
18975,4.81121399414318
18976,9.68829973933867
18977,7.086432983092714
18978,6.304313552684398
18979,4.923626598388237
18980,6.4045298665544745
18981,2.448515436265937
18982,5.3562948876878655
18983,6.665103158751184
18984,2.787920286245508
18985,6.005025747675987
18986,2.427774284956574
18987,4.103015471409325
18988,5.422795028936526
18989,6.9098580078261165
18990,5.836805090305697
18991,6.623476250846308
18992,6.449403172421037
18993,8.949344341585375
18994,6.836200212630564
18995,3.854960761873838
18996,7.825465377153223
18997,3.1297333723693175
18998,6.210128841273044
18999,3.791628671519437
19000,6.618899572214483
19001,3.0718370236733823
19002,5.0657356956678194
19003,3.970617343822132
19004,2.957191769475374
19005,5.409691566837237
19006,2.5203505817594936
19007,3.8034195150588936
19008,2.9516821856575572
19009,4.283367589500158
19010,7.2983354430071135
19011,5.586438274015762
19012,9.672032727364694
19013,6.498898999753777
19014,8.349109995941433
19015,2.7372328008280524
19016,2.240004503234708
19017,4.085496444935263
19018,7.406233028730842
19019,7.481512192035604
19020,6.908758702827066
19021,5.957612698638658
19022,5.779412695214314
19023,3.4309546840483165
19024,7.94092673149054
19025,6.930901779751984
19026,6.319008461136429
19027,5.498244768081418
19028,8.724514625863636
19029,2.1734556358097548
19030,6.073139171771942
19031,5.252298766005512
19032,3.914103948081589
19033,6.2556678460076975
19034,6.5347640375922085
19035,6.868272243104798
19036,7.479034587580376
19037,3.7500222028823424
19038,6.785122950639247
19039,6.4234845737837105
19040,4.940462154210657
19041,4.489585327726233
19042,6.976781123721853
19043,5.719447699882492
19044,4.897113213957258
19045,4.973799770450514
19046,5.514000239025371
19047,6.731904550636238
19048,7.373553451295036
19049,7.002014395537875
19050,4.594092473332037
19051,4.853292088574054
19052,6.108060461762584
19053,5.46887880544323
19054,6.699423602154567
19055,7.07287190242109
19056,8.316446403979873
19057,4.990272858525338
19058,5.9196315363855945
19059,7.488078941541102
19060,2.840364400582671
19061,7.153609121564899
19062,6.676107265335414
19063,7.359011267385238
19064,9.985742765998324
19065,1.1585659597279847
19066,3.788328168420057
19067,8.189879053029816
19068,7.9308589005903585
19069,6.736872129162522
19070,5.9267449811943935
19071,5.584928290515132
19072,9.71819805629023
19073,6.959848539336139
19074,7.500958069194294
19075,5.0533426582483045
19076,5.68019212227294
19077,5.541910894528241
19078,5.7232298836694655
19079,6.709840139853841
19080,6.106428261976482
19081,4.150945816060092
19082,4.424390353850639
19083,7.341813022703983
19084,5.890534189853035
19085,3.610367635681795
19086,8.551225086405891
19087,6.3733713149600915
19088,2.3696296844124882
19089,1.8791369103376823
19090,7.685235000366355
19091,8.227077890485473
19092,7.308456926382645
19093,2.260968124156449
19094,1.9346194997866244
19095,7.215363611192537
19096,3.8209599534990253
19097,5.474138314481685
19098,7.366034255534762
19099,2.8869475634428334
19100,2.981855528042401
19101,6.644442002283673
19102,5.564949472903582
19103,5.878371088125633
19104,8.950065873032013
19105,5.971785963473483
19106,3.9407976303757812
19107,6.953112894202236
19108,6.585507644452941
19109,5.577363767723195
19110,1.8612448541127906
19111,7.4025259194649005
19112,5.134755426243257
19113,2.9043370805946775
19114,7.015977424835603
19115,7.2889625716366035
19116,7.161664569178073
19117,8.29636881481374
19118,4.756757309956003
19119,9.156481854207348
19120,7.66658942848234
19121,9.000672665211265
19122,6.840342203997373
19123,5.034836073264389
19124,8.91186396994341
19125,4.823927454985094
19126,5.390155527473928
19127,6.738403780474011
19128,3.3109133671995847
19129,5.349644586797477
19130,7.387379185439728
19131,6.945663875255006
19132,6.03524209769787
19133,7.5893348490014825
19134,3.3088405048812772
19135,9.106679213534914
19136,3.847541879216572
19137,7.700769128988551
19138,8.00871507195527
19139,6.052913024057509
19140,5.741535710046646
19141,9.562184018239925
19142,5.115013381989261
19143,8.745038657244125
19144,2.902513517117581
19145,4.831589680965148
19146,2.7929671313772237
19147,7.004066801406483
19148,8.039389254931223
19149,4.5818538952609815
19150,6.756868898681706
19151,8.837139027041161
19152,6.761676379668996
19153,4.792998006141607
19154,7.5745502313197575
19155,3.7331605538486134
19156,5.522351288095258
19157,8.095044439883555
19158,6.939868305366766
19159,3.53891030939108
19160,8.615410021901521
19161,3.727899033660296
19162,9.491448888279393
19163,4.645306703520065
19164,5.326853708938356
19165,6.795328761309276
19166,3.8787703291763806
19167,6.371724016189888
19168,8.424304166706353
19169,8.004784890826247
19170,6.543365581584989
19171,6.357053715726885
19172,8.33206922560602
19173,3.9106097329717726
19174,7.804062705774292
19175,9.303833205770328
19176,6.48504503551524
19177,5.434312531168489
19178,4.763433712255173
19179,6.237606243821444
19180,7.1821062180475455
19181,4.96471505847747
19182,8.860728710800373
19183,8.773241682776229
19184,4.810369040837596
19185,1.9721602390527646
19186,7.900693754055679
19187,7.674122391722445
19188,3.826729813587298
19189,3.2341286569962433
19190,7.834628178863673
19191,6.001286458524764
19192,7.041175507445449
19193,7.928861036791065
19194,1.790175494894872
19195,3.9249697445066216
19196,5.285372559491719
19197,6.521904644266649
19198,9.039883299068741
19199,4.742349006423537
19200,4.27379344303455
19201,6.572175118171845
19202,3.2403905088453966
19203,5.008365111599687
19204,8.63218091799275
19205,6.883944220119151
19206,6.187773870829431
19207,6.8034415269148525
19208,3.6611504132430035
19209,6.126949767280479
19210,6.858187873636116
19211,6.053665553108038
19212,4.8307158190086605
19213,7.793565849883234
19214,6.405987068456028
19215,3.8040004256160924
19216,6.349596326104231
19217,7.841106598922002
19218,4.403477272905122
19219,9.479739008465309
19220,6.7856428936706905
19221,2.693694603393515
19222,8.18073335332304
19223,5.347975559473801
19224,5.1300760943682375
19225,7.081055499544514
19226,2.6966243163903956
19227,5.65467185055258
19228,3.0029411092187455
19229,3.8327845972545913
19230,4.1478858663755815
19231,7.262353088186458
19232,6.895897457920144
19233,6.840290503197628
19234,8.884000530672637
19235,7.306094573490042
19236,4.786699361559395
19237,3.1912837630781534
19238,5.0069552215018955
19239,3.9282395628590683
19240,6.481043562807829
19241,5.33922706553165
19242,2.836866035365704
19243,7.65098661539379
19244,8.07235749705335
19245,5.639788240919911
19246,6.413779823819635
19247,6.612168328700064
19248,7.256778194031116
19249,8.855834222912902
19250,5.6340265101481855
19251,6.607144395129126
19252,3.619294257897472
19253,6.156344914515726
19254,6.81877395107719
19255,6.257735472906236
19256,6.180314952767945
19257,7.802669840481042
19258,3.1652756729396225
19259,4.715371519343343
19260,6.755182140615869
19261,2.393577431966376
19262,7.346845418245894
19263,8.47938765346616
19264,2.7715845934284182
19265,2.2063302067152
19266,7.311656883061308
19267,8.07646329997329
19268,6.1172174187649
19269,4.474918140324929
19270,4.3526563138357925
19271,2.8950333462768376
19272,5.624562237682084
19273,8.125401899480995
19274,2.673690725220855
19275,6.000957618957826
19276,6.611279189747613
19277,7.544032277113852
19278,5.653585889802619
19279,5.54610431552265
19280,3.9579982707953247
19281,2.2051256916275226
19282,7.365798538149839
19283,5.634822065390438
19284,2.2164747209772475
19285,3.6531512191114626
19286,3.9093449146504677
19287,5.646398533023729
19288,6.661150074088791
19289,2.320515474143034
19290,5.467611709107831
19291,7.172481478003144
19292,5.836768378099313
19293,5.454988466636932
19294,8.503606599631336
19295,5.102871519518766
19296,5.022030115819935
19297,4.771179808325241
19298,6.512274690399806
19299,6.216292849971913
19300,6.072718826964026
19301,7.204300021883989
19302,5.090331086899829
19303,7.0576594154765
19304,3.156227278386573
19305,4.792237369702162
19306,2.211591187628424
19307,4.855300743824529
19308,7.8994228575624215
19309,1.7099575749095586
19310,6.644792039760262
19311,5.836524127729686
19312,3.7652928196314526
19313,7.205592695533823
19314,7.084996638693523
19315,3.204315359464629
19316,5.9252859203470765
19317,6.2573754203285
19318,2.6239359020372994
19319,4.2076575225389785
19320,4.349275754569546
19321,7.748135180422589
19322,3.171853214299875
19323,5.319156392052367
19324,6.536606443262525
19325,6.391065454119995
19326,5.502857802557591
19327,8.084918887047092
19328,4.90594822974129
19329,4.753497013689243
19330,7.320079064814685
19331,4.481165253532474
19332,7.3642492414709215
19333,7.63802589027215
19334,7.889116411821946
19335,6.968245651133389
19336,7.695924617336505
19337,6.744144631589107
19338,5.140704004602411
19339,8.0923457856465
19340,6.036793402109302
19341,4.129712043604122
19342,3.5691515754016154
19343,5.9523091222300435
19344,6.339340419810603
19345,2.92088585010683
19346,5.781972781856024
19347,4.646903897791607
19348,2.835733163736775
19349,6.711475411269318
19350,5.5686692228281665
19351,3.248457842213898
19352,9.002049439325948
19353,2.151993071599855
19354,6.416969405345839
19355,6.622192451331858
19356,7.868794009256177
19357,7.6823534298200675
19358,6.554969287864414
19359,6.776525533476075
19360,7.732654182224984
19361,6.59240507431603
19362,3.7290376988641434
19363,6.074098147594096
19364,6.176357513596881
19365,7.22887095094128
19366,4.714555943715979
19367,7.561640316228751
19368,7.942296310028306
19369,8.679500320874284
19370,5.124004775315377
19371,6.273074465814295
19372,5.919023882482931
19373,7.118093405917523
19374,8.173563457168575
19375,6.33063625007146
19376,4.930454591930289
19377,4.156872470657876
19378,6.964331247170791
19379,5.449334187073838
19380,6.49201216127836
19381,8.61613330880765
19382,7.74500938728881
19383,7.088420278826642
19384,5.914016953294639
19385,2.622019250146168
19386,5.825757107481667
19387,9.353592624144184
19388,5.964010767104815
19389,8.563771026341868
19390,5.248824552610263
19391,6.757211432635577
19392,3.8794272323555066
19393,4.201776874637254
19394,6.650256237051236
19395,4.66816676122979
19396,1.0797102875823763
19397,4.1703591398290625
19398,7.769851022558486
19399,4.531545786281576
19400,5.514614845175
19401,5.923503441778392
19402,8.584825122602679
19403,5.145791586355584
19404,8.264417286275236
19405,4.486848956958701
19406,4.543712204152279
19407,6.431766728985941
19408,2.532948395227558
19409,6.981739956138487
19410,5.839500747290186
19411,7.235003079404122
19412,6.3281907183116965
19413,7.784965021582444
19414,3.544593489505192
19415,7.502138825085269
19416,6.231178100600771
19417,5.194665406013393
19418,1.5028965600351585
19419,7.688825925162698
19420,6.161197148939528
19421,5.624750902482716
19422,4.6969278000277
19423,7.476757828745311
19424,8.274563037769889
19425,6.826712097197402
19426,6.9741417009861415
19427,6.020579485865225
19428,6.436504159701715
19429,6.647935947110914
19430,5.529671961560543
19431,5.8909704677436
19432,5.896419152876118
19433,4.691475929311264
19434,8.71828969412377
19435,5.195503936236924
19436,7.951837818041852
19437,5.359198242122604
19438,2.949290051276356
19439,4.4393417555385195
19440,5.605412495880564
19441,6.070615263326179
19442,8.147347678746302
19443,5.753897911512383
19444,6.962125296788172
19445,5.643071269098409
19446,8.666547302012948
19447,8.343726759126952
19448,6.638327505942635
19449,9.27454582475503
19450,7.639080447697272
19451,7.894627076101423
19452,5.567864079055043
19453,6.2860778630830785
19454,3.9833759601568737
19455,5.323942315038121
19456,4.674027437080561
19457,4.098562342127167
19458,4.091702601967718
19459,6.121065601738287
19460,5.885027593992713
19461,4.65113415329449
19462,5.800070356654672
19463,0.7934036708099863
19464,6.617132496057522
19465,6.878404729814175
19466,6.716152617559041
19467,4.008368133014298
19468,5.444480651102145
19469,2.2411949625715204
19470,4.853737832758823
19471,9.12500129434374
19472,3.837971025661393
19473,7.145650090539284
19474,8.707622563064797
19475,4.510030489940558
19476,5.967716787812624
19477,8.133616532048261
19478,3.535546668093192
19479,6.937233665843026
19480,5.852678243723024
19481,5.892135259281066
19482,6.515368226214495
19483,0.23427731275875402
19484,7.531969821861964
19485,8.162678384020985
19486,6.367122767681813
19487,5.699386627748847
19488,8.038033758242142
19489,5.922989302463047
19490,2.028414670238914
19491,8.074052988559943
19492,7.88004418304223
19493,7.70369834634062
19494,6.800617961326
19495,8.881325821403776
19496,7.0212514831197606
19497,5.39868703125814
19498,7.905859188883754
19499,5.928875725836188
19500,3.52512161474162
19501,6.1249647728238035
19502,8.931486098323102
19503,6.990968450298405
19504,5.510142087148413
19505,7.317452278221446
19506,6.086988029751353
19507,6.710036469338499
19508,6.111787579122662
19509,4.069371797592792
19510,8.592316138422374
19511,3.6531737503511357
19512,7.73132187925385
19513,8.489246230162443
19514,8.538208923960362
19515,5.894292414136478
19516,3.197063730320197
19517,8.505863729260351
19518,2.4195417527074294
19519,6.873347786256292
19520,6.690099645119845
19521,3.6324982550345086
19522,7.746095668173374
19523,4.012641143161666
19524,6.345715815127807
19525,5.67183248693122
19526,7.96283948791782
19527,8.460890016908364
19528,8.459290582298514
19529,6.160906517999071
19530,3.247695942499448
19531,5.285765871714121
19532,6.984096437659306
19533,6.93930874807909
19534,9.020207672110995
19535,7.444540806614709
19536,5.86079654615269
19537,8.402336067054822
19538,7.909176514213215
19539,7.01015715458767
19540,4.874676352321236
19541,7.063481333682543
19542,5.063144263458572
19543,2.055022828327376
19544,10.0
19545,8.995613573533497
19546,3.841415229116331
19547,6.6864762037653005
19548,5.553594660742175
19549,4.841663145828459
19550,8.571975268148037
19551,6.476683061983053
19552,6.263021802530463
19553,6.050334442651725
19554,6.179056147470786
19555,6.111155230221726
19556,5.174583251159496
19557,3.9489585339860818
19558,5.405485517443872
19559,9.545157113416627
19560,8.370975784328206
19561,8.277304989800385
19562,8.295004681031257
19563,8.01964451118814
19564,4.088999876298651
19565,7.267360336891004
19566,8.430806214263049
19567,8.07954507164262
19568,8.130891747070418
19569,3.561327453392556
19570,5.902469656829605
19571,6.112006067882173
19572,6.815257018311193
19573,7.084334357827439
19574,7.781653884949086
19575,4.753407153381491
19576,6.96926313722732
19577,3.626770711579608
19578,8.013589868763612
19579,8.130992752616681
19580,7.796651299772368
19581,6.480201898134524
19582,3.5343553894462016
19583,5.30263257105349
19584,3.296261286410344
19585,8.745828095138306
19586,4.297422483969659
19587,9.5372952261016
19588,9.578086954185652
19589,1.7859927874458736
19590,1.8107861341399303
19591,6.308465042598561
19592,3.7594017488728273
19593,4.235060264622585
19594,6.172149196052566
19595,7.720821459411713
19596,5.3339857570079845
19597,4.478787519996351
19598,8.144168368065579
19599,6.312012389203309
19600,4.804722159145021
19601,5.675122600609533
19602,3.7568557512902525
19603,1.8538087239492738
19604,7.345644127125355
19605,8.407839714406574
19606,10.0
19607,9.002005027685488
19608,7.746842469488508
19609,3.500893615440926
19610,7.268070729850523
19611,6.119556677323443
19612,6.8109625470016555
19613,4.203571603047553
19614,3.5972721628966453
19615,6.367081810227822
19616,5.502284534145174
19617,4.524681490215531
19618,5.970300634954516
19619,4.118588907461035
19620,6.834321098760393
19621,5.996273682951842
19622,4.5651981002414015
19623,7.950566505421182
19624,5.336714640438674
19625,5.917885140380289
19626,4.70467544740588
19627,4.636165287554868
19628,6.720798512929353
19629,5.048738186868316
19630,6.22480192918953
19631,6.124543651417494
19632,5.64077649515045
19633,3.855844117651517
19634,6.354758642573925
19635,4.0474992318987075
19636,6.242337897468799
19637,5.373239142652127
19638,4.8515578881808334
19639,6.022642844095052
19640,9.324092429919462
19641,5.6377340548123165
19642,6.9919249430623465
19643,4.461098953622558
19644,1.6373989223211627
19645,5.63659317321983
19646,7.217538498612028
19647,3.169994090840903
19648,6.341928182590565
19649,5.59265040670844
19650,7.145184421884117
19651,4.349515568117804
19652,4.30646819580656
19653,5.60873252248832
19654,5.725965799927406
19655,5.027031953745855
19656,8.764371030162604
19657,8.466270485184394
19658,4.204105320008995
19659,6.91458565835715
19660,2.9915344113916973
19661,5.368031999849119
19662,6.384063098946876
19663,4.870299637122193
19664,7.942283535938132
19665,6.818291899626605
19666,6.684346186745226
19667,5.530149300516096
19668,7.750653769689237
19669,3.7096202577039974
19670,3.909706168279845
19671,6.810626109642105
19672,6.506335074459878
19673,5.010212726331022
19674,7.875089669884797
19675,8.774871475023874
19676,8.016083765879836
19677,9.27049856281521
19678,4.695552054529203
19679,6.9066934583964645
19680,7.35500522068332
19681,9.379349216512361
19682,5.333917364633952
19683,2.6692855853602024
19684,4.483494784193434
19685,6.638802658424239
19686,5.4755938474384545
19687,7.099700363966223
19688,7.170285763357225
19689,8.68929646844119
19690,2.293805252915075
19691,4.715362066207099
19692,9.384057935374722
19693,8.398449125317445
19694,6.519159626860354
19695,1.4887382811332348
19696,6.687477269978583
19697,5.54439740409656
19698,5.5236154440556975
19699,3.1289370534148477
19700,7.54080390385198
19701,8.613562808172103
19702,5.5465612419624355
19703,8.481007855704817
19704,7.89396742095288
19705,6.621620704901282
19706,6.744020276312565
19707,4.639689704573567
19708,4.5424113297589095
19709,4.350845478510419
19710,9.549669072295044
19711,5.165490821744054
19712,9.090747400421058
19713,7.557241498351763
19714,4.675664954731029
19715,7.0405249822383515
19716,8.197754707472885
19717,6.791261764871245
19718,4.139596402852369
19719,3.733902428358541
19720,4.7067498805425725
19721,5.352482946501151
19722,7.90715765581822
19723,7.576293246847502
19724,4.972434341310836
19725,8.071847939734678
19726,4.627729219984836
19727,4.314382582619515
19728,0.5580994628900329
19729,5.5789861013077156
19730,7.949852083356707
19731,5.363598436985637
19732,5.233412535762638
19733,4.440044822255741
19734,7.215262271245118
19735,7.949920499900941
19736,3.639737900215713
19737,4.678814960274732
19738,3.139974827649901
19739,5.076043711857395
19740,7.0239277121287085
19741,5.717905263083152
19742,4.540465097188573
19743,5.984907479684803
19744,6.004099297208674
19745,1.0564993913662715
19746,3.1709999974087166
19747,8.393740442686909
19748,1.9801553731931976
19749,4.716594457304495
19750,2.0043319267652673
19751,7.989555984071112
19752,4.257895512757481
19753,7.493395807496112
19754,5.615857575849319
19755,5.8324255968878305
19756,7.496911659393636
19757,3.6635650710724366
19758,4.159047897038471
19759,6.275108646378968
19760,7.067226879327332
19761,6.332413399241453
19762,6.222743224921995
19763,5.872748022635855
19764,4.766930380892056
19765,6.984042159861926
19766,6.828200860987437
19767,7.6003261804208755
19768,6.296503011199681
19769,7.182250482633911
19770,5.704872791214299
19771,4.194950094433349
19772,3.3798198463761095
19773,5.440575003093927
19774,4.252467105425549
19775,3.199735450401856
19776,8.984562579380672
19777,4.914070429319908
19778,5.6690207113560085
19779,7.434405199446955
19780,3.8904116882911897
19781,5.477276409132045
19782,7.413835178339942
19783,4.1899301249166765
19784,7.800185389770307
19785,4.803481147741691
19786,5.577583348202487
19787,6.451347763107754
19788,6.630505552028942
19789,6.859245139898559
19790,7.140264048408593
19791,7.956273286063201
19792,5.818051620787032
19793,3.700758115558784
19794,7.460510884910472
19795,7.258275382984444
19796,2.769330249137307
19797,4.871290154296995
19798,7.3232845598869645
19799,3.264410527831
19800,4.551420448816268
19801,5.493286087171835
19802,7.904397751002131
19803,7.29783591493084
19804,5.614197137080017
19805,7.152312450535979
19806,9.376148780753459
19807,8.606574834465196
19808,7.8869017780283
19809,6.100545362108556
19810,3.8288444087156637
19811,4.495185354945385
19812,5.101700698217238
19813,6.483181598210972
19814,4.082935170319411
19815,7.692734077631837
19816,3.3169718724694395
19817,7.492002670476293
19818,8.442628220394067
19819,6.265967705568027
19820,5.205672822316577
19821,5.470506082330753
19822,6.294157586152098
19823,7.451111331784681
19824,9.153664828889585
19825,8.406760396487183
19826,8.41267242531269
19827,4.134735851605292
19828,8.451059581140747
19829,2.4572674250194435
19830,2.7173331516306565
19831,5.590830715765607
19832,3.9232352749344024
19833,5.622380822579991
19834,3.934311617465363
19835,8.60557792580562
19836,7.036038682230796
19837,3.177295060596999
19838,4.051431267409618
19839,8.940914693911122
19840,6.817177030784906
19841,4.0810670674783465
19842,7.648009567410652
19843,6.232863124218138
19844,5.833166293542677
19845,6.933115811913015
19846,8.304406390401644
19847,9.047536867461627
19848,7.660411791935915
19849,6.146119592598282
19850,4.2738265668793725
19851,6.120713985806287
19852,5.044201500486234
19853,8.261056039249736
19854,6.064253475807702
19855,8.347805599692107
19856,8.822590683094582
19857,3.138016173823033
19858,5.452540389176592
19859,3.3460651238129473
19860,7.805370009922989
19861,2.629294826880924
19862,5.736320498474894
19863,7.099234053127949
19864,6.278634603450721
19865,9.449747502733732
19866,7.793654083945002
19867,3.5777672666153975
19868,4.296214997451157
19869,6.491686614831801
19870,7.804224093445404
19871,5.740407029742995
19872,5.836593122225221
19873,4.326604594381882
19874,3.4468087072850975
19875,5.008975458718019
19876,4.936424092027512
19877,8.261884235185978
19878,8.591639288716038
19879,5.137402866850221
19880,7.2080292405903155
19881,7.361308767506724
19882,7.166560825867211
19883,6.256580105200894
19884,6.328277865756026
19885,6.150268857161586
19886,6.0101000535083475
19887,6.021925565272761
19888,6.36557568730298
19889,4.3414265997399815
19890,5.805816779626365
19891,4.036953632398633
19892,2.1219815534447415
19893,5.518001320753289
19894,7.827895678857188
19895,7.464358451610016
19896,5.175853668857648
19897,3.610266412667472
19898,5.257677392287789
19899,4.80552495668348
19900,6.615226947095445
19901,6.1846234635079185
19902,7.747729410696905
19903,8.32403799228514
19904,4.401046194306045
19905,10.0
19906,7.293097968683439
19907,9.047863127695452
19908,5.251916997319812
19909,6.170097335935042
19910,5.9473391685955646
19911,5.829406121194029
19912,6.3056658025186865
19913,8.004325079021301
19914,4.366160032504999
19915,6.505341560664607
19916,6.5527191811070296
19917,5.558091034939936
19918,4.488615757654777
19919,8.28244894474771
19920,7.974195653879199
19921,7.711538621949681
19922,6.694548553905313
19923,7.361889411155079
19924,7.183715919583793
19925,6.589953740483563
19926,4.180231028615623
19927,6.960927506358476
19928,6.975957919972176
19929,5.394588023705043
19930,7.908946676275749
19931,4.55421490070525
19932,6.6921196281583315
19933,8.39944309703041
19934,7.784117361627784
19935,4.889420788674656
19936,8.381477161027137
19937,8.026604817298505
19938,3.0418076632750894
19939,8.187412128241727
19940,7.631285499715501
19941,8.845098985070386
19942,4.891809997343946
19943,6.875203129209082
19944,5.7690986361878975
19945,3.6487619064075227
19946,4.275203642419072
19947,1.5268901432633402
19948,3.32466266099897
19949,5.451335115066516
19950,8.632751607046265
19951,3.820779761348018
19952,4.443437108154851
19953,5.472811820510165
19954,2.129398065409332
19955,5.937596135233004
19956,6.816575596656546
19957,8.410871046119029
19958,8.000688344939368
19959,8.566140237282218
19960,6.036669087827589
19961,4.248196374587703
19962,4.759652762367251
19963,6.398615318524635
19964,3.4776370265593344
19965,5.404223752443199
19966,2.410480254768675
19967,8.739934174239195
19968,4.620106386072268
19969,6.882190276071195
19970,7.49131917658829
19971,5.266299504212924
19972,6.316006288209299
19973,5.57537318109177
19974,5.365134895424515
19975,2.0982919658685573
19976,5.8877711250102305
19977,3.178949564684993
19978,3.8407471905788113
19979,6.903250686202218
19980,2.9164271707427134
19981,5.639675192894461
19982,7.27232176214132
19983,6.521042677599419
19984,4.04529895350063
19985,5.015046810780294
19986,7.681201466354158
19987,8.541274958434077
19988,4.953716780270797
19989,5.098059098193164
19990,8.657245793042302
19991,4.288172423203109
19992,6.596687003138676
19993,6.101122083308224
19994,6.048515215350659
19995,8.45280236989562
19996,6.597052786431047
19997,3.3937656764760655
19998,3.9608386195394347
19999,5.414834919075815
20000,6.677563230790936
20001,8.70745544014446
20002,6.175204267644365
20003,3.4457219671304267
20004,3.486405037743199
20005,6.032421468895468
20006,4.4476064334751735
20007,5.388258252675946
20008,8.382822180514001
20009,5.4460461515562235
20010,6.677259431180597
20011,5.665051269025071
20012,2.8624275704770192
20013,7.222612094510129
20014,1.6494019774082345
20015,7.766690411482603
20016,4.4282654507393024
20017,3.721919031202982
20018,10.0
20019,3.775934779219426
20020,5.292559414353114
20021,5.006367642104909
20022,5.770689776146125
20023,3.245140509804581
20024,6.367201584106188
20025,3.0836604750067154
20026,4.00113545021049
20027,8.2163220140668
20028,8.516084232879834
20029,7.018197810227917
20030,2.9209878307627695
20031,6.952560857024094
20032,5.369941444002961
20033,8.723984754947372
20034,7.762742862944564
20035,4.75765213621175
20036,8.085188325485994
20037,6.158153605855368
20038,6.116745306960162
20039,7.771500963471131
20040,7.171936065962393
20041,9.577524926323326
20042,8.403762630200964
20043,4.888455977350765
20044,6.8027882281452134
20045,2.675327127287702
20046,5.985205800990641
20047,4.3402427640767876
20048,7.22576416671261
20049,2.9265990339183
20050,3.5672961209380043
20051,5.523894855508574
20052,6.511923667695028
20053,7.292678036565419
20054,5.098067274437676
20055,4.156367469972866
20056,6.5803112039155796
20057,5.3314200228571
20058,5.659976602092488
20059,6.737238282968127
20060,6.129511481847171
20061,4.779630868649872
20062,5.408692607131657
20063,6.069536694583964
20064,2.1431801493753952
20065,5.3758897414581845
20066,5.305588478975296
20067,8.723216282466431
20068,5.530482502177827
20069,4.9431225646905315
20070,3.7508851350923944
20071,6.759246095488656
20072,6.285054929557149
20073,7.601223936315451
20074,7.834340274090367
20075,6.748217922939407
20076,3.1153009735612414
20077,3.7528963585727255
20078,9.372842503472913
20079,6.374063708531147
20080,7.355427024239228
20081,8.571164253838948
20082,6.312724253079455
20083,4.329157734809714
20084,5.6131207564491135
20085,7.375501303497705
20086,6.9598494258971035
20087,6.7040210772690285
20088,5.940571808926254
20089,3.6589011388425514
20090,2.8626277583267643
20091,6.3259942398938165
20092,7.984154240675664
20093,7.349420779687505
20094,9.513721016261991
20095,8.038672728706405
20096,8.136156142701052
20097,4.854454616894493
20098,7.85580499880442
20099,4.104932538862169
20100,5.022143616133508
20101,4.757616599361238
20102,4.143731463875534
20103,4.192974025597338
20104,5.807857110386821
20105,7.821089511796878
20106,3.8120791575480713
20107,5.062503970650889
20108,5.802128874978605
20109,4.069636900635147
20110,3.640811812942146
20111,8.302289914347876
20112,3.822626882101688
20113,9.656672677417172
20114,4.104278992695706
20115,4.727723646027263
20116,5.456642882018241
20117,4.832508549929083
20118,2.9953473942783884
20119,5.416871636852791
20120,6.969669922306271
20121,6.615730263026416
20122,6.914392547985291
20123,3.5918782302238736
20124,2.735964017816173
20125,6.872916075834458
20126,7.333270445666921
20127,3.3834720325653764
20128,6.8551554748517916
20129,7.823506955118591
20130,3.831906135387745
20131,5.88451486477689
20132,6.711361540612265
20133,6.2988955743595785
20134,5.458803833099474
20135,8.887128966816627
20136,5.602775661182795
20137,5.220716363803894
20138,3.675188683673106
20139,9.422398831037846
20140,2.1966266476689444
20141,4.234072525336581
20142,6.026401879078352
20143,9.446318332873869
20144,5.620433938275988
20145,8.14765106334416
20146,8.586393358785243
20147,5.0374510277511435
20148,4.873684865250151
20149,6.025571945680372
20150,6.177338436824479
20151,1.705720375895286
20152,5.974962430598049
20153,5.252583047059989
20154,6.787167926981618
20155,7.0518150649992375
20156,3.2132132956390747
20157,2.7564362110596443
20158,6.090661223152701
20159,6.236942392465645
20160,2.549253128151625
20161,4.532503859021139
20162,6.465302204384168
20163,4.6664532802793985
20164,8.336875035185525
20165,9.466668691459923
20166,2.235084785302631
20167,3.633643040556518
20168,7.0174912630945325
20169,7.738302950547588
20170,5.6412136771069195
20171,4.670839406477217
20172,4.531536766753618
20173,4.751410641539417
20174,3.5216146086641356
20175,4.92361794957384
20176,7.831356130302869
20177,8.60440063198181
20178,1.8987382422466677
20179,7.8977903681426795
20180,6.009359905370833
20181,8.510672106556555
20182,5.765298168153898
20183,8.725264098590097
20184,7.08454115981034
20185,6.358146758173781
20186,6.645682290340338
20187,6.363614917990102
20188,5.850447617346816
20189,2.8966623145603325
20190,4.142140856647127
20191,5.713939317923755
20192,8.533800408358346
20193,7.297075059155347
20194,6.661747759107142
20195,6.999360885342631
20196,5.654937520429638
20197,6.546506954727681
20198,7.5760123134290245
20199,9.009439197839503
20200,4.782257173092365
20201,8.315881220529532
20202,3.0551122381824363
20203,6.863814986355886
20204,4.6807921726416595
20205,7.3083751631536416
20206,5.220844374639881
20207,5.855501898776349
20208,3.325446260325624
20209,7.3110063543247055
20210,8.394682575068783
20211,5.894073686731076
20212,4.183119690596724
20213,9.090809374269261
20214,4.471438232779216
20215,2.7263096474778545
20216,7.285270230330627
20217,6.662938676925269
20218,7.064725292046377
20219,6.21582319562615
20220,4.431624595960726
20221,5.892984543188414
20222,6.860627009080267
20223,6.240175534491126
20224,5.735062674158062
20225,5.425603267387164
20226,5.199903054682191
20227,6.396583299827949
20228,7.854233541242069
20229,7.6910872555564715
20230,6.086278003629339
20231,8.083436191131797
20232,7.197910673734192
20233,7.165380954427194
20234,8.811379135320298
20235,5.211007698544
20236,6.798129558967113
20237,3.724230699239155
20238,6.637763939349498
20239,4.752085023566755
20240,5.0641338867214865
20241,2.1095542679990813
20242,7.059947962746304
20243,3.765163189554694
20244,8.197855354548459
20245,6.488270750948963
20246,6.991910633193014
20247,6.193547081007255
20248,6.062675861267234
20249,2.3896324138847986
20250,5.797778336103239
20251,5.121665130733019
20252,6.745442109850744
20253,6.65678960235747
20254,3.13011241949331
20255,2.404632680586042
20256,5.817282101229583
20257,2.6223612931608193
20258,1.8512249612792402
20259,5.300552969448502
20260,8.019130729068879
20261,2.909951183692626
20262,6.087304441208634
20263,6.415803806012495
20264,6.597315940811446
20265,9.278686837062798
20266,3.4781164070727026
20267,7.509308327676274
20268,2.7417452354269782
20269,5.091315144167974
20270,5.8306302629060855
20271,6.534510346991578
20272,5.515145738643748
20273,3.874516487173514
20274,1.4912100135022865
20275,10.0
20276,6.668309854009344
20277,5.931476271655991
20278,4.359360077293187
20279,9.81381895706009
20280,5.379731401563166
20281,6.918250087337182
20282,6.730974946595456
20283,7.628253195729639
20284,4.06300866689145
20285,7.742769399611292
20286,5.919116980802532
20287,6.3175234112308045
20288,3.7562640227301576
20289,5.3530115123744695
20290,6.253379152715738
20291,5.332424350803741
20292,6.34791227223331
20293,7.806856492376092
20294,4.296942605210759
20295,6.92921867206017
20296,7.266885810091514
20297,3.045437738347686
20298,6.46507953100268
20299,4.5685901736855925
20300,6.042289736481057
20301,5.020055859638378
20302,6.651949499634126
20303,2.2632577577731543
20304,5.483168948985417
20305,8.592121016287281
20306,4.641513924832431
20307,8.582140787304176
20308,4.364794025841707
20309,6.157317259641206
20310,5.820362265740866
20311,4.6407991622768385
20312,7.150771351558695
20313,8.22394352546687
20314,5.980834004820841
20315,6.827509573252081
20316,3.8659546551489425
20317,7.359008119586985
20318,5.021455331578989
20319,6.909863713356462
20320,5.792685058205791
20321,6.260091844624562
20322,7.928662227944663
20323,7.765466077493812
20324,5.133454624110824
20325,4.92060757383507
20326,4.692053516775244
20327,7.508774031503582
20328,4.261485131880826
20329,6.810717850304034
20330,4.2969059973321935
20331,6.029961373049024
20332,7.224958507011717
20333,9.754309108092816
20334,6.898931404234866
20335,6.33110514178519
20336,7.448548370655959
20337,4.068163797638102
20338,3.3917016854314936
20339,4.913110256700187
20340,4.714424771122969
20341,7.210070795733987
20342,6.000302959163464
20343,8.033064948269544
20344,5.90836185782248
20345,7.381847345241082
20346,7.284621168763408
20347,4.557486132107089
20348,2.071249635418457
20349,6.089201447533144
20350,7.048689398022581
20351,6.95941904194278
20352,8.17094502071356
20353,6.550149303035474
20354,5.696535191792057
20355,8.184710222040279
20356,6.508992836887471
20357,4.355053915211079
20358,6.48712199959969
20359,8.428614466138884
20360,6.480857193464209
20361,4.515452858792083
20362,3.516456344364195
20363,2.685760594074441
20364,5.862906945924516
20365,7.514272749756926
20366,8.165637917587315
20367,5.6788725555900355
20368,5.419109038824264
20369,9.21691217695986
20370,4.273224640764113
20371,5.858653734321302
20372,7.30683740369748
20373,7.1225769766935425
20374,1.6347864966664676
20375,5.240841701455303
20376,3.6323004003131674
20377,4.670357203923482
20378,7.860240703775436
20379,4.442461858984475
20380,1.3688550385235239
20381,6.732826643933421
20382,7.423647449371587
20383,8.948051582056141
20384,7.895493897776696
20385,5.330009332254844
20386,3.77058741676933
20387,4.876768658526452
20388,4.061382001238571
20389,4.28334046151403
20390,4.763838715632818
20391,5.636005853385595
20392,6.949216587252034
20393,8.75686472618402
20394,8.020472499302157
20395,6.823566590426783
20396,8.167323221619402
20397,3.518604722584456
20398,3.6214121040381144
20399,7.7413934698718565
20400,5.394671446357359
20401,7.35297363867769
20402,7.577669297528163
20403,6.450305977140126
20404,8.838167618870663
20405,3.2827372620309423
20406,6.767903842444037
20407,6.948297360751999
20408,5.976658859241832
20409,6.083824226788742
20410,4.916881706015795
20411,5.534029593700579
20412,6.701242357184809
20413,4.309065641222123
20414,5.339606594678541
20415,6.530367554178074
20416,7.749016831398659
20417,6.971120212739536
20418,4.294402663798299
20419,6.369377659593253
20420,5.748032701832903
20421,3.725674256467277
20422,8.228933915745241
20423,8.091999434380797
20424,7.158973545645726
20425,7.634730757426454
20426,5.403246748502482
20427,5.210714276135227
20428,8.778148701810755
20429,3.7369440419136977
20430,4.643874514144094
20431,6.21646364014071
20432,6.473205050122551
20433,7.1047041704912
20434,4.592474318504513
20435,4.914322641868958
20436,5.175713589121116
20437,4.787775166262119
20438,8.29823320280237
20439,9.353185212502085
20440,5.273756879897089
20441,6.88591922689598
20442,3.9985057388306373
20443,7.891099018749002
20444,6.193662584321036
20445,7.032859417022394
20446,7.408002511731612
20447,4.456644031843579
20448,3.3917000754509457
20449,6.646527442818588
20450,4.8591032614595955
20451,6.410009031958574
20452,7.505756439720093
20453,3.0897651900875367
20454,8.766017586544566
20455,4.416848078278022
20456,5.7322022170061375
20457,3.1148743477753857
20458,9.040023735040682
20459,8.903388010719612
20460,4.7804132951332114
20461,1.4851418220520805
20462,7.012932736702416
20463,6.568446163183875
20464,2.996487478101041
20465,2.7474627372596894
20466,9.394006511656753
20467,6.167659225435811
20468,5.463067905787369
20469,6.266880153601722
20470,3.7082883411172327
20471,1.1023346308487822
20472,5.464910885342033
20473,4.796411787274459
20474,6.908897536917109
20475,3.7215168733109216
20476,6.140712533904003
20477,5.931177917171444
20478,2.4275963089866597
20479,3.4858233497791207
20480,4.150990784495846
20481,8.992994773105254
20482,6.575662809964661
20483,4.824742414290414
20484,2.1625025990882083
20485,7.501767186873889
20486,7.282386114982069
20487,4.7822600885699345
20488,3.1187319205227335
20489,6.777372638373202
20490,4.218417249630401
20491,3.8646681677468333
20492,3.6429170967647875
20493,9.927132794650287
20494,7.757932713458825
20495,3.093858199439403
20496,3.729235858426714
20497,7.859693093956771
20498,2.2548502350073663
20499,8.493538796485424
20500,6.146521266413297
20501,8.328709714686903
20502,3.982686333411966
20503,5.919004567380862
20504,5.6744343923372496
20505,5.796987350308953
20506,3.6909925718477057
20507,7.706735407625477
20508,8.2994585849604
20509,6.344462456562215
20510,7.648229741369814
20511,7.453168800364056
20512,2.9888923232139293
20513,9.366801182763192
20514,1.6301328635876426
20515,4.337814962903591
20516,1.9165504466701302
20517,5.072975975703275
20518,3.832934892639455
20519,5.727383125752228
20520,3.461082752519532
20521,6.76104026062129
20522,5.560597307571284
20523,4.088709697441089
20524,7.511977801853617
20525,6.366951601301775
20526,5.278810499076783
20527,5.470851850986284
20528,7.909410764555706
20529,5.286527847783974
20530,7.466660630112853
20531,6.163109700614392
20532,3.445757841589181
20533,5.920874805830872
20534,9.3033983691554
20535,7.49028643002437
20536,5.77508194034217
20537,9.232564547683344
20538,7.1707254007887276
20539,5.224554021799466
20540,5.150395848572702
20541,6.141843579200229
20542,7.960114361827291
20543,6.322196045802306
20544,7.1218740151576005
20545,4.83382586847836
20546,5.585449690334529
20547,4.3523505262475
20548,6.114945003126253
20549,7.014428892279794
20550,2.648544970435892
20551,8.32685083296241
20552,8.216133040914318
20553,4.9325671310315355
20554,7.455790739662027
20555,9.299072061759139
20556,8.303405651492328
20557,7.326309272239826
20558,8.56422732939087
20559,7.455188365006695
20560,9.986861852204072
20561,2.9196647577707155
20562,8.22029795975508
20563,8.557688355713346
20564,4.385410826610375
20565,9.083798792568835
20566,8.08560808117533
20567,5.3062549237869305
20568,5.283880359893972
20569,9.031037463848453
20570,2.6212315859700506
20571,6.000401687787407
20572,7.132458468405677
20573,7.962099158754571
20574,4.016926366595897
20575,6.667120390342245
20576,8.895622465621027
20577,9.350687773830817
20578,6.007475560494037
20579,6.827273540653476
20580,4.864270905656335
20581,6.248086189351736
20582,9.444832115424557
20583,6.682778529063845
20584,7.088849179296926
20585,8.050434136018248
20586,3.9093143288952636
20587,5.396705450434859
20588,7.43279778371061
20589,4.130007026361381
20590,4.258376289475081
20591,4.707695728175263
20592,8.697534239620033
20593,5.981807623571807
20594,6.247976321927846
20595,7.788696705052281
20596,5.062185209313711
20597,1.6814677092338537
20598,5.722299843884192
20599,6.5810801286581535
20600,2.1691263904790348
20601,4.153274873026401
20602,2.5629563156589423
20603,5.326854414373811
20604,5.703294555789232
20605,6.856462103610221
20606,5.650530706207414
20607,4.30583167678136
20608,3.911019435439845
20609,9.083820298694059
20610,6.621494504316178
20611,9.431626753233008
20612,5.64672702835919
20613,2.8586148928847104
20614,8.740996368483096
20615,6.455700317562682
20616,2.1538840241193618
20617,5.502436667395973
20618,9.64909012831201
20619,9.196309052196531
20620,6.493706163179092
20621,6.387026146164662
20622,3.5786581236901345
20623,7.236192679591235
20624,7.350047775564192
20625,4.712149754798459
20626,7.195498106606183
20627,9.270408931708552
20628,7.3779229053446524
20629,9.545908467278693
20630,8.111437472708065
20631,4.73307464686805
20632,4.587993972934389
20633,7.122750928892263
20634,6.558640533983214
20635,5.98829269828863
20636,5.751894956331326
20637,6.756052851079115
20638,5.450475282387586
20639,3.6401036186811933
20640,6.184077700616705
20641,6.68169925745572
20642,7.6188621532933505
20643,4.008450102550912
20644,5.049949971068097
20645,4.268662646085007
20646,6.48784363428902
20647,2.5235821412206367
20648,3.8010042242237314
20649,5.174643516760531
20650,6.163162356445455
20651,6.707241558778894
20652,7.381069148906889
20653,3.5024867804612176
20654,2.5672923766188607
20655,5.898286918390262
20656,7.42941455281615
20657,9.378293619250455
20658,8.329127068563531
20659,3.66782786756496
20660,8.188217175354879
20661,8.160355888301844
20662,2.4543659832016447
20663,9.039705818359158
20664,5.612670519945067
20665,5.769009602164748
20666,5.275071378333374
20667,3.1480307725167602
20668,6.917893994630555
20669,6.572933107690825
20670,8.023285051062299
20671,5.006893681248385
20672,6.83687862346837
20673,6.082027930236746
20674,7.937909840700991
20675,4.539987710281613
20676,7.459600564010339
20677,7.861312401497877
20678,7.6711570990503555
20679,2.542859121237609
20680,8.478689574382297
20681,3.552453407688246
20682,5.62838326926867
20683,6.96955944505812
20684,4.486278185316247
20685,7.1161429657238395
20686,7.608134630521973
20687,5.844056553967568
20688,7.587060384877526
20689,2.0824215627742624
20690,7.41212495397776
20691,6.735036789223818
20692,7.199003972184332
20693,6.706840894135241
20694,6.973803442595424
20695,6.134596358222629
20696,4.7360167634560355
20697,5.392480646712674
20698,5.266350987764926
20699,9.557398071467876
20700,2.6119828547298902
20701,6.728571518243566
20702,7.953362934681001
20703,7.989122869775143
20704,7.154905808230832
20705,7.8894717516346144
20706,6.499990844665582
20707,1.3910497049191117
20708,3.6009891794414104
20709,6.71995241971711
20710,8.297959468207573
20711,5.0015045126464175
20712,5.499390151037705
20713,8.981564294022913
20714,8.485533030377905
20715,7.41063119009404
20716,5.968112937298162
20717,3.658902196132014
20718,8.634627575890482
20719,5.393009225461874
20720,7.2524737683781195
20721,8.97647543868493
20722,3.090913420462583
20723,8.659626213988995
20724,5.50200144608236
20725,3.0892507045036313
20726,5.487434988096714
20727,3.169160360159771
20728,5.707379904974724
20729,5.401659140292419
20730,5.320481020374322
20731,2.3805401888435576
20732,3.4928475209951775
20733,8.26370738024777
20734,8.598294124133833
20735,5.303621359504901
20736,4.210092033861873
20737,6.307631819831585
20738,5.158449967938629
20739,4.454932434041615
20740,4.5488699867038935
20741,6.67818861454106
20742,6.094991860955849
20743,8.269012509592592
20744,5.424069436809073
20745,7.346638742431875
20746,4.237766500258472
20747,4.513316253335422
20748,7.7089980137978165
20749,2.1104550998074956
20750,7.153914689690428
20751,3.914465006667199
20752,4.696824726429219
20753,8.623688755208276
20754,2.4951719419919898
20755,3.4608931292906204
20756,6.491212833309073
20757,8.286133184344068
20758,6.74627198782649
20759,6.708897829842106
20760,6.062249572411034
20761,6.262154990249153
20762,4.008107721395317
20763,6.294916765327701
20764,4.772291634725042
20765,9.487453391367929
20766,5.304859567675868
20767,6.067644548752166
20768,2.9660916454884507
20769,8.608666359143646
20770,4.393364464430805
20771,5.472573565606855
20772,5.361458121133807
20773,7.933087648924103
20774,7.735387837074182
20775,5.2373994963135875
20776,8.807626119944892
20777,4.371099648759818
20778,9.326629034956822
20779,5.212136632011938
20780,7.362112372142772
20781,8.24260401373061
20782,6.788149327022384
20783,5.567242791133387
20784,7.43579660083613
20785,5.983903659901704
20786,5.001018359191776
20787,2.5621409598480707
20788,6.803656656940343
20789,1.6309476629042197
20790,6.012556535400971
20791,6.616347015783598
20792,7.511390934146413
20793,8.062231273074234
20794,7.590273041538567
20795,4.945842938957962
20796,7.157945954556077
20797,5.71727801184828
20798,4.388778462752902
20799,7.271284526052346
20800,5.237898745461537
20801,6.380660060032663
20802,6.2488058487686
20803,4.2007324542347035
20804,5.774217423398824
20805,5.61071387103826
20806,5.849811784313478
20807,5.116098138666997
20808,9.393044746320118
20809,5.378653766967557
20810,7.059551820460249
20811,7.341242317443082
20812,9.106199535807548
20813,3.2454347282812797
20814,8.434232571121658
20815,7.0486105313524625
20816,7.265142070972881
20817,5.6921674746306365
20818,7.394979276236462
20819,7.393601758084742
20820,6.5234567360145705
20821,7.954944214003043
20822,5.805240533099485
20823,3.7746951400246673
20824,6.655224467226605
20825,6.888991321384023
20826,7.806104634619791
20827,8.532236242160922
20828,4.69526765362394
20829,7.758923211933141
20830,6.564696008818016
20831,4.339876125564699
20832,3.135242161643618
20833,3.471990900516681
20834,8.303824726018568
20835,7.255924775903486
20836,8.299328102794759
20837,6.358794696801484
20838,4.568123479241377
20839,4.6918675229183835
20840,8.620621985722204
20841,5.796856517201692
20842,8.575768595949203
20843,5.282547010443576
20844,2.439060134216728
20845,5.559551265116594
20846,7.196579256390708
20847,6.458711051478258
20848,6.659688455349319
20849,5.011736787291551
20850,6.689788725720108
20851,5.042225810550392
20852,8.083580716340867
20853,6.098511900049164
20854,5.893168199136263
20855,1.8538680092553266
20856,6.032700893238
20857,5.869945832451932
20858,4.946170362604552
20859,2.0117405105251476
20860,2.9822584297305266
20861,6.898183093335063
20862,6.09820222508365
20863,5.936578275013619
20864,4.700030157081682
20865,7.360313494368229
20866,8.254000909849307
20867,8.2904651106076
20868,6.375376290828267
20869,6.806838457356278
20870,6.739073822221527
20871,6.18189472057364
20872,9.02934051696343
20873,6.808315611187623
20874,6.498494783026744
20875,4.377813096007111
20876,5.1051776180510196
20877,8.266888734200178
20878,6.304858310160586
20879,5.8286699891831875
20880,9.994238925531311
20881,6.48220229045253
20882,5.7006851980254485
20883,1.587695614222788
20884,5.658413548114015
20885,4.174614760590926
20886,6.68727025206411
20887,5.766516792187317
20888,3.919115871521401
20889,7.72394571408754
20890,5.151843102364335
20891,7.867594830571463
20892,4.714310554644049
20893,2.8703872903021534
20894,8.141776439055862
20895,7.839231066933978
20896,5.818387878536676
20897,4.707387025958593
20898,5.196188260184711
20899,2.804833427867994
20900,5.399161581540319
20901,6.614256915177627
20902,9.406611408640744
20903,8.0619728984929
20904,5.378377323833594
20905,6.118591603866333
20906,8.679706810203353
20907,3.0093523456633977
20908,9.08138906760097
20909,5.2147908260777545
20910,5.5046213814430835
20911,4.043329885010072
20912,6.426643249449084
20913,2.880015199699351
20914,5.630822585279429
20915,9.115994307657163
20916,2.950299735086793
20917,2.554562151841465
20918,6.490620196985806
20919,3.415752164218997
20920,6.879271708831525
20921,7.064869629127387
20922,3.5257149753334582
20923,4.003864545966878
20924,7.763368013078367
20925,5.733629942437669
20926,4.729681911189401
20927,4.205131902861834
20928,6.064742226501126
20929,4.42501127809881
20930,6.999247792163673
20931,6.796801449572757
20932,5.016968559566106
20933,6.073433694109156
20934,4.079698329399938
20935,3.2512820481125346
20936,6.964394709464331
20937,8.108585957957038
20938,9.938054228486502
20939,9.15270820757973
20940,9.995428773165601
20941,8.403171420560414
20942,5.684746557728753
20943,7.141883302953076
20944,1.7419995933848966
20945,6.7476883883449625
20946,7.70604885939178
20947,4.452186228854987
20948,8.219139955795123
20949,7.091266634023034
20950,3.309304054736946
20951,5.3026781794719575
20952,8.579027482321791
20953,8.472107910723496
20954,1.2856864113088966
20955,3.5963015362057225
20956,5.074320303304209
20957,6.218167944531606
20958,7.6887158640440525
20959,5.640724375484122
20960,5.127165451842664
20961,4.1511961353750735
20962,6.430602785943979
20963,7.856838698509403
20964,7.27573028948923
20965,2.67132080301778
20966,5.115602301521382
20967,3.66052399303191
20968,2.691979783024822
20969,5.319394708295407
20970,6.92154410822194
20971,4.221187517567748
20972,6.890153459375647
20973,6.6504386108978
20974,7.6186796584977685
20975,7.812579616517755
20976,6.183614908845549
20977,4.068797116082157
20978,4.774764634218378
20979,5.520373576315152
20980,5.773628950301957
20981,5.36461264640363
20982,5.81208998258325
20983,7.818301365815577
20984,5.93174553858812
20985,6.842544179550039
20986,7.553853725341807
20987,6.13611685691162
20988,7.132692223951127
20989,9.489072124438874
20990,8.86133770342657
20991,7.2162081215549145
20992,5.259104624729146
20993,3.1420327346977537
20994,4.978665139774712
20995,4.842239658819119
20996,6.948639378415719
20997,6.953858926685098
20998,7.412859939281614
20999,4.487132663179205
21000,3.882525278052077
21001,6.940839137618537
21002,1.97573972614335
21003,6.960612448296945
21004,5.628898436040447
21005,8.319781776572203
21006,5.176160632592438
21007,6.452922161589667
21008,4.543666257595168
21009,6.004738160646517
21010,6.339837650119353
21011,8.074711777401994
21012,6.574199930776893
21013,6.562909905916316
21014,7.77103630236791
21015,5.618900875311001
21016,6.889906608945229
21017,5.1351342838512855
21018,5.595989243934498
21019,6.065965536083879
21020,5.778987833811329
21021,2.5020372286195505
21022,6.971959101695699
21023,3.827403433310026
21024,7.610672440018733
21025,4.866614362755768
21026,4.644738250640232
21027,5.429513974168117
21028,6.371074695896458
21029,4.051019456613822
21030,2.5412605283146363
21031,3.7354528539167133
21032,8.242147712800042
21033,6.42585726941529
21034,3.732079016555517
21035,3.427500337993005
21036,7.150346243998525
21037,4.276414616571505
21038,5.901985665323527
21039,7.5972736796984615
21040,8.808717233455646
21041,6.839856956574454
21042,5.081021624285944
21043,4.725936159405943
21044,6.487213682747767
21045,5.71491192251128
21046,7.6169108107143435
21047,4.5158768964670175
21048,4.4469910787317195
21049,3.8320586752507197
21050,6.763604596256259
21051,4.881560484006497
21052,5.282538868412638
21053,6.896842344718049
21054,5.117032061990425
21055,8.050801323829798
21056,4.77988037156405
21057,4.304490769754809
21058,5.783297316664617
21059,5.175689543657347
21060,3.8679755266709157
21061,9.199422775909541
21062,3.153197334005651
21063,3.0296423279199467
21064,3.076076290507481
21065,6.214325668727815
21066,6.1353976513406225
21067,8.921536175122235
21068,2.954458818453094
21069,7.009223048185434
21070,2.2942100731041837
21071,2.338382915383561
21072,4.275796737346292
21073,2.395636884856705
21074,9.369875675700648
21075,6.730189070295827
21076,9.471011176184518
21077,5.916972240166316
21078,2.095044379837693
21079,9.017170567227469
21080,2.6444208371380777
21081,5.893091467002563
21082,7.950203611115648
21083,6.5946805079294215
21084,7.345653882386051
21085,8.734843482919604
21086,8.472816723879948
21087,5.629530658014717
21088,4.209130791481445
21089,2.025238570106554
21090,3.06967438329501
21091,5.375126178856637
21092,5.003748945797012
21093,6.141848567660807
21094,7.7237989516705845
21095,7.880011422622989
21096,3.8269943540813602
21097,4.238645904907004
21098,4.777395233810049
21099,5.261804580913375
21100,5.44083743800844
21101,6.037123805407488
21102,4.905486190295486
21103,4.585087405566907
21104,4.6775121385093765
21105,2.2215969103015416
21106,4.289987552932782
21107,5.7161380794230725
21108,4.60627230100414
21109,4.5218670503696075
21110,7.874888291266641
21111,5.1159794609255975
21112,8.23526336051086
21113,7.1358388109547946
21114,4.863268280961313
21115,5.528358278813481
21116,3.018889537333657
21117,9.042353734011737
21118,6.908972435565095
21119,6.406038685535823
21120,3.2291431280690066
21121,4.164351081516649
21122,5.787691209889319
21123,5.0349422066073695
21124,7.455437728893511
21125,5.901471949788844
21126,2.734714999982076
21127,6.889035196910031
21128,8.054324839617397
21129,8.136331150537062
21130,7.820822404735269
21131,7.399250442451671
21132,6.015371109962585
21133,6.550611711153383
21134,6.258556707626751
21135,3.419883083317265
21136,7.9871219544245315
21137,7.878449132263967
21138,7.084257999758498
21139,4.672919782692362
21140,8.128985962142282
21141,7.694549258251565
21142,3.128556884427187
21143,3.5716768584064833
21144,8.573705376774573
21145,5.683699270278145
21146,7.81707503015627
21147,4.9459065837448115
21148,5.056566200927641
21149,6.693339123720004
21150,6.044366944799466
21151,6.1625351195064235
21152,5.302275488540272
21153,7.383854787289338
21154,8.198756815992363
21155,2.9437826003975127
21156,9.124617085454027
21157,6.322610314405874
21158,8.120888653043203
21159,7.956659065689941
21160,6.81828377421469
21161,5.883625198610989
21162,4.083661416927648
21163,5.04601489100595
21164,7.579424162780253
21165,3.423083014472617
21166,7.105732032177042
21167,7.617973659664964
21168,5.377995125541003
21169,7.038835382559215
21170,5.1107657172201755
21171,8.367014971348837
21172,3.6389689717955425
21173,5.714221741312036
21174,4.8805144332345165
21175,8.376588251756308
21176,5.481048848536397
21177,7.061209844982686
21178,6.120731359566809
21179,6.483371628989687
21180,6.141624252568205
21181,5.8484598015288976
21182,4.2575636170627185
21183,6.618759519429105
21184,5.012282745035536
21185,5.9427598131917065
21186,6.047385555696702
21187,3.5183168473377022
21188,7.7667847982194855
21189,2.854747005851807
21190,7.5789239518521025
21191,8.130771892556245
21192,5.808846992676697
21193,7.638780356404935
21194,5.661882417736638
21195,7.194544588830938
21196,7.324772416478039
21197,7.066786843263515
21198,8.648124936411321
21199,2.1194524538031523
21200,6.21057284340849
21201,6.644315456167047
21202,9.124700182641178
21203,7.65189635998089
21204,7.5214554602050825
21205,7.038437770627838
21206,7.1671406866085485
21207,9.136358116933332
21208,5.958122628624766
21209,6.983773108814367
21210,1.1077511260376216
21211,6.586654967879398
21212,8.868424873166973
21213,4.178751442177792
21214,2.811890919188876
21215,7.03812785319911
21216,4.443403522825068
21217,6.975284416345657
21218,5.754524050053414
21219,7.044804001113105
21220,7.819402220690443
21221,9.201177546055364
21222,5.828762002064015
21223,5.74024380890836
21224,3.262662512208226
21225,8.058194542520956
21226,7.096631216300679
21227,8.918033002298488
21228,8.892722641864875
21229,6.240166572729226
21230,6.167901005447035
21231,6.102933109013986
21232,4.174170493612685
21233,6.425731757759361
21234,5.000854212790436
21235,7.959978244326663
21236,7.3138782083697995
21237,3.498645407901637
21238,5.888075244532921
21239,5.953911005601361
21240,5.015337969367727
21241,4.197622040441747
21242,9.793647963855753
21243,5.86148352304519
21244,3.046594589629495
21245,6.183584029676279
21246,4.64922041608428
21247,6.01257099123188
21248,6.086110813904596
21249,4.349365684734245
21250,3.978869554311763
21251,6.808175191385245
21252,5.695860741994895
21253,6.168369538812927
21254,7.770639789074906
21255,5.703053037650433
21256,8.22433915144366
21257,6.8084570700380596
21258,6.18621246574899
21259,7.9181959017698365
21260,4.792548353769194
21261,1.9151132242109545
21262,4.960645772540758
21263,7.1139210567505025
21264,7.721204531338278
21265,5.3999675896459305
21266,5.689891886010438
21267,3.0696090542511483
21268,5.32904250122594
21269,8.087004561293968
21270,6.014378463907361
21271,4.0683662959411295
21272,4.2360977506341655
21273,7.470591278951725
21274,8.173792035454033
21275,6.082768361357664
21276,5.334125205726815
21277,4.610274851274261
21278,1.6523780046969485
21279,8.623840435848967
21280,5.847956728627552
21281,8.02930949328048
21282,4.349340634676029
21283,7.942390672617654
21284,4.656791103753898
21285,6.156388849623094
21286,8.638510661188098
21287,4.119999305589913
21288,6.2101031992419795
21289,6.8875289664735835
21290,8.660392107783498
21291,4.856446159888213
21292,4.796768259746961
21293,4.535877100200831
21294,7.107848286590373
21295,8.032781750673553
21296,8.1095000379542
21297,6.727053824544706
21298,1.386647271204097
21299,4.836135140817664
21300,3.5885008698543928
21301,5.098434099285416
21302,6.009935902846635
21303,6.265197045645721
21304,3.5888910005618433
21305,8.227519251988864
21306,6.045558142546111
21307,4.125101154921569
21308,7.278187620979356
21309,6.550591228486196
21310,6.477473002580998
21311,5.70620687783724
21312,6.4169055147319085
21313,7.161689660341139
21314,6.066763381521505
21315,4.672381935264695
21316,8.5650743839866
21317,3.5034436248319243
21318,3.115834242674798
21319,6.629763692919539
21320,4.039538115867856
21321,6.262371303457976
21322,4.280887692223478
21323,2.6457636542948246
21324,7.206015568796676
21325,7.642301530659602
21326,7.9725619537013905
21327,6.138709003240791
21328,8.019474686953794
21329,7.430856286510114
21330,6.625709729014665
21331,7.897914116732839
21332,4.090247445450279
21333,4.05930335535531
21334,9.187979418438607
21335,7.664657622152172
21336,7.114268643180484
21337,7.426777293909859
21338,4.811935196528093
21339,2.770371310653157
21340,2.382872906910491
21341,7.46483179222104
21342,4.496523791946849
21343,2.5810258425494976
21344,4.1161245799398625
21345,4.560560041653727
21346,4.426908693883952
21347,4.063570464999213
21348,5.251186765006173
21349,5.247746788096994
21350,6.708464903995417
21351,6.269199803488766
21352,7.958873602656443
21353,6.3554425728592285
21354,5.606542125182226
21355,4.3519730065933855
21356,6.667056632093876
21357,9.399992212175393
21358,6.695791771759065
21359,7.578300460224503
21360,8.597556565464705
21361,6.288714644465136
21362,3.1896005153703775
21363,6.109134533129333
21364,0.6526054851180088
21365,7.060181594063557
21366,9.18369761432763
21367,6.500522533984031
21368,5.599530615374468
21369,7.055842176923175
21370,5.35368873039144
21371,7.30154198964832
21372,4.769810740119501
21373,4.910748248329412
21374,3.511230823193503
21375,4.297420464309768
21376,6.733417637108181
21377,4.332299693057943
21378,6.920034521970532
21379,7.911982041425102
21380,6.058129059979355
21381,7.041209096408781
21382,5.325187427913757
21383,5.24672652940139
21384,5.3222449101847324
21385,7.1885959957754215
21386,2.477410408866406
21387,3.0722312165920664
21388,4.956855563558662
21389,6.52451112837192
21390,6.303046228950112
21391,7.110294223650466
21392,4.712567991713176
21393,3.7020825903344368
21394,6.206639808305931
21395,7.9181267107940325
21396,5.059844366643392
21397,7.8070959550391015
21398,5.5138047761074205
21399,6.752058177677378
21400,3.241748670509122
21401,7.128910751108979
21402,6.246524722214485
21403,9.137948638162658
21404,2.863814020801678
21405,7.700163238233875
21406,5.72725209187434
21407,6.181134401246997
21408,4.74503395288521
21409,1.929388074682658
21410,5.89453631577571
21411,8.866526752869163
21412,6.395816358091331
21413,8.944212773311259
21414,6.7241850915877155
21415,5.498510737340467
21416,2.7845448630443768
21417,8.215626736649979
21418,7.6118783758029
21419,9.407074909313597
21420,4.372562878470007
21421,4.402962825574924
21422,3.9878856212400295
21423,3.473150160750206
21424,6.851604578249
21425,3.6409802723437967
21426,6.953365333241469
21427,5.3236138001282
21428,5.954180302741417
21429,3.744767786283321
21430,7.544726040666819
21431,2.1976643396514524
21432,8.280577080971172
21433,8.01370749880065
21434,8.754482642782614
21435,6.151803553145791
21436,8.452134737561028
21437,9.30773421988158
21438,6.516253820006925
21439,6.463833927698059
21440,8.072619457467505
21441,6.183941348925616
21442,4.007029216440318
21443,4.019188536039116
21444,6.401315386319953
21445,5.820458893525004
21446,6.178073204803952
21447,4.662751412484018
21448,7.391196992629222
21449,5.126838393508217
21450,5.061184546786935
21451,6.178233400643202
21452,8.510911010189155
21453,8.751636152465473
21454,5.334264183278092
21455,6.761838976703124
21456,5.111612398952156
21457,9.342436032713698
21458,5.691845567535122
21459,3.47936085152375
21460,3.8347226547842443
21461,7.135474042174694
21462,3.7145643843440443
21463,8.41301683223961
21464,6.744361301010716
21465,8.113351075021098
21466,4.886153364992969
21467,8.876405671385406
21468,5.6183121071231925
21469,3.5683141224658814
21470,6.37568270740121
21471,4.416813661560052
21472,6.60859707660754
21473,5.8604910296874735
21474,3.7886743715529745
21475,3.260752914530843
21476,4.76761799081842
21477,4.225228625565328
21478,5.305412853178274
21479,6.618948949730039
21480,7.224863840056185
21481,4.217040750713852
21482,7.658217961504939
21483,7.726313710523006
21484,7.025061521671257
21485,6.212901785136552
21486,3.967032056966111
21487,7.737369003085512
21488,2.8022861616807844
21489,5.956651080089384
21490,6.958787756136587
21491,8.388946382110404
21492,4.584326303017984
21493,5.817214507520843
21494,7.792259466676459
21495,6.86359196077334
21496,4.532805862045133
21497,5.488634574644831
21498,7.830507942670261
21499,5.3243998391514875
21500,6.024978653290195
21501,5.251155605549113
21502,5.868970809434826
21503,5.111034177585375
21504,7.010435718066985
21505,5.0120646907555635
21506,5.97068929296092
21507,4.842656592207188
21508,8.732237298634344
21509,6.672093644110649
21510,7.587100208704675
21511,6.050118423326496
21512,6.538093867614828
21513,6.051073516861944
21514,9.038199928400438
21515,4.460453869672444
21516,6.988544459183252
21517,5.0107231061269495
21518,9.097910985222688
21519,6.030812830040471
21520,5.047928307064497
21521,3.802294058047122
21522,7.141286708585005
21523,9.775110508193753
21524,7.016038475018071
21525,6.801866868495749
21526,4.275188631167783
21527,5.715157459397794
21528,7.892366728063861
21529,5.083742309320544
21530,6.45022953314757
21531,4.965828171672862
21532,9.800072764608947
21533,5.106731955780015
21534,4.248285385933866
21535,4.221134979188999
21536,6.275761466205087
21537,8.656185563585547
21538,1.8208975763984763
21539,3.975255919583893
21540,3.7947387217636486
21541,6.2324704014942505
21542,6.249796377128456
21543,6.468920688111085
21544,8.483499631234903
21545,4.599447001765915
21546,1.9998213605594477
21547,7.0983909267652505
21548,7.6353411212376
21549,5.12308140679659
21550,8.981510757059626
21551,6.594800061205631
21552,2.255871897693541
21553,6.51100634745959
21554,3.1146418221630636
21555,5.498772625356357
21556,7.105029492609214
21557,6.870646016567237
21558,4.096958004531366
21559,3.1833971971436936
21560,8.818342221049186
21561,7.76208166014181
21562,8.22460657815245
21563,5.151139871746055
21564,3.314447017540259
21565,6.089468389839829
21566,2.7604900174531775
21567,9.1495710937875
21568,8.167824307029765
21569,8.451910853224494
21570,6.2885459545392735
21571,5.041716016451758
21572,8.447738637907046
21573,9.055296164674063
21574,4.187302775034317
21575,3.2046432002384613
21576,8.118032666530233
21577,9.133932424616042
21578,6.937646555704439
21579,7.152841483287555
21580,5.892279222813417
21581,4.638189088021185
21582,4.864451858155631
21583,6.364288594115556
21584,6.1074828005277
21585,6.079858033802292
21586,7.188442489130799
21587,5.561747101717539
21588,3.6002521217836763
21589,6.165605759380016
21590,4.651764486830653
21591,5.83441703649667
21592,8.380407176621405
21593,8.438263327157463
21594,2.9429428553979498
21595,7.238236310875857
21596,5.67561845067146
21597,5.116939234907631
21598,4.357680614758189
21599,3.9548770524230656
21600,7.81466171026858
21601,1.781174836720042
21602,2.5958519448505313
21603,9.416871314049988
21604,5.273197251118572
21605,7.718571894955151
21606,3.516018299682464
21607,4.826747483123355
21608,7.458674206188038
21609,4.067610917946657
21610,5.804697245253845
21611,5.341695983724057
21612,4.068268538533927
21613,8.373397533358705
21614,6.279861120669901
21615,4.63970953517592
21616,6.341558696384184
21617,5.50555075019864
21618,9.146404685700343
21619,9.253721115322186
21620,3.8080596404675697
21621,8.46058921086101
21622,5.902390166516169
21623,7.82366987239667
21624,9.097424945479881
21625,6.635367107460616
21626,4.993089492735926
21627,6.247603305813462
21628,9.90838586890406
21629,7.321648372243677
21630,9.257665718233907
21631,3.54649018120828
21632,5.405726161457504
21633,6.013363419094405
21634,2.6584478278282435
21635,5.747035787683575
21636,5.340789235700658
21637,5.157918830214588
21638,6.486264354672262
21639,7.6598010239863115
21640,9.607086355945109
21641,5.2217852206913395
21642,7.848371552827985
21643,9.291402753770683
21644,4.864583976723889
21645,7.416341332722473
21646,4.390625626169092
21647,6.529039661314569
21648,5.780940091573867
21649,8.181522697408377
21650,2.8207764410991336
21651,4.066410603853025
21652,3.9212806652052383
21653,4.463687532438287
21654,2.9761853592848806
21655,5.278368017656739
21656,7.87856710971893
21657,7.613309886612801
21658,7.506977824613019
21659,3.9462904112487767
21660,7.3535684950890765
21661,2.4847909700951747
21662,4.327895819800551
21663,8.07477456885876
21664,3.414820559455141
21665,4.729740923049586
21666,2.3266038333550947
21667,6.590641554125588
21668,6.043148102979902
21669,9.130701171904166
21670,1.747047052739996
21671,6.863566642666962
21672,5.316172817411378
21673,5.529377260094583
21674,3.961072185798027
21675,4.929652401905574
21676,8.087187037828045
21677,3.879246431312713
21678,6.307145819775986
21679,6.486411659336183
21680,5.052633142758296
21681,1.697129826662386
21682,7.351771566923038
21683,6.365235547716875
21684,6.038563465067113
21685,8.069588496877872
21686,5.390025921771843
21687,5.969739477552025
21688,6.754634916264509
21689,5.718497417091457
21690,8.757025525973319
21691,3.7038702423194
21692,6.272642346917827
21693,3.993766317474436
21694,7.425427348888794
21695,5.514318249373458
21696,9.839211634966091
21697,5.216625240165747
21698,2.2887608280834617
21699,8.295486044861315
21700,5.898047896400055
21701,7.892646569421371
21702,3.6413126305415244
21703,6.173426956052924
21704,4.36609514669181
21705,8.788604363949874
21706,3.3314143570965586
21707,8.656934056215748
21708,5.779004113514577
21709,5.416541378112231
21710,9.143278042988635
21711,5.313779288346924
21712,4.044420897081802
21713,5.577600768878048
21714,4.7308549191976494
21715,4.849333244004637
21716,7.076193627802589
21717,6.786660195639939
21718,2.5329652516105226
21719,7.689307375285433
21720,4.984383089169581
21721,7.184824959196327
21722,9.410103573932469
21723,6.423673321682497
21724,7.633733746480083
21725,5.818582619487669
21726,9.010091655154664
21727,7.029330528870642
21728,5.276859567223274
21729,5.718746108731983
21730,6.242656578993547
21731,6.782759805984101
21732,2.192088086556027
21733,4.653435162210426
21734,3.654654231124654
21735,7.303415166328337
21736,6.044889546931961
21737,7.394148570445744
21738,2.070249912022137
21739,8.284255647728823
21740,8.959009530600037
21741,6.8502916699521075
21742,4.053907254266217
21743,5.875663861973791
21744,4.466066509865906
21745,5.366418895459772
21746,5.866668235468987
21747,2.9851294633970853
21748,9.73064186654489
21749,7.009273124305043
21750,6.5000760280383885
21751,7.056277556122199
21752,7.343137572279886
21753,8.556009176375046
21754,7.619885398281245
21755,6.895639268914445
21756,4.449631229241692
21757,4.630722385248284
21758,6.4239523084705095
21759,4.91840929753146
21760,7.723571948867524
21761,5.401204723710914
21762,6.283792006560749
21763,6.050729787670508
21764,5.891951901170022
21765,6.058605475110082
21766,6.874846685732591
21767,2.7655443285868464
21768,6.818718617425742
21769,5.103028138456645
21770,4.433291847116756
21771,3.0132185773071645
21772,5.939360345715188
21773,1.7792670615395312
21774,2.4317198674526024
21775,5.893290110708538
21776,5.164077771469008
21777,5.541070664351014
21778,6.0249853485030025
21779,4.256878646848795
21780,8.15730810654604
21781,3.44632068608153
21782,6.166267272652245
21783,3.6530087366573514
21784,7.3069575369402
21785,6.749024280488682
21786,5.560134104556264
21787,4.518621399324148
21788,9.161452049198305
21789,3.3698875889431505
21790,5.3804243872782385
21791,5.51980207990636
21792,7.462448533280663
21793,6.496578459769046
21794,6.913366045465214
21795,9.796192161632291
21796,6.299597769030002
21797,5.5524611361241725
21798,0.7788469361478977
21799,5.057885618243979
21800,7.225547714855464
21801,3.138542296118255
21802,4.454750788910464
21803,1.905289046650072
21804,8.123586405371617
21805,5.411190584832354
21806,6.215987846441535
21807,8.12767469046808
21808,2.954197216367443
21809,5.185079096207585
21810,3.3241020890006645
21811,6.994922372506959
21812,8.078814483178524
21813,9.60904197438721
21814,7.378717245291389
21815,9.051296453934627
21816,6.476768807256803
21817,8.696779616094387
21818,6.419306225545066
21819,7.283978798347127
21820,5.699369104600654
21821,6.870671734257644
21822,8.171441546617148
21823,7.426692742126155
21824,7.951769807874978
21825,5.687038183578817
21826,6.435696527157421
21827,8.062104672591147
21828,6.244476674517393
21829,4.173284601304338
21830,4.352462985604933
21831,3.4988220698605486
21832,2.435980634893774
21833,5.222764456957275
21834,5.454749848444606
21835,6.136635312302769
21836,6.157548112625836
21837,5.255623351738474
21838,8.715537643106448
21839,3.018108614538097
21840,8.02830601078714
21841,6.974551854697454
21842,1.1998603543753104
21843,9.62369824669105
21844,7.843056479732416
21845,7.272745198258453
21846,6.90467549329912
21847,6.0100304269834846
21848,3.197479289312473
21849,5.40757164895875
21850,3.4701037214466277
21851,3.9373215009831677
21852,6.212196233246552
21853,7.177074030112238
21854,4.970448977949035
21855,6.201995845979194
21856,5.2657162627735925
21857,8.05316687334176
21858,4.545112284448588
21859,7.505722358513878
21860,7.213168114990943
21861,1.8787491756604924
21862,7.9695904933241835
21863,3.6334443020972316
21864,8.961462035890367
21865,6.942654805832259
21866,9.927438085125074
21867,4.107470229675061
21868,5.798005187861397
21869,7.682940651241158
21870,5.354983748859422
21871,6.467557519200742
21872,5.0976575110584195
21873,7.112375794504642
21874,6.904407836897019
21875,9.089145639475069
21876,5.6158134848866545
21877,5.44730447119344
21878,5.259717871635822
21879,6.317889113776439
21880,7.818788913343757
21881,4.921083964732745
21882,4.7233598797386955
21883,5.459847088724803
21884,6.851099693306441
21885,9.108303467676285
21886,3.6718283414442325
21887,3.6654573449252754
21888,7.749890376701698
21889,5.868700453591304
21890,6.2806705021174105
21891,5.570998580625643
21892,5.489274546018292
21893,5.524587466172348
21894,6.311857368541444
21895,8.609177160530333
21896,6.411876100730408
21897,5.040756757688541
21898,6.235778806536441
21899,6.847632531907588
21900,3.7234027352779893
21901,4.70866198220727
21902,4.813314861792326
21903,8.15085767726302
21904,3.9862371292932455
21905,7.638621686010433
21906,6.308516465459893
21907,4.840386679038909
21908,8.213179612997273
21909,5.432362353398958
21910,4.154698176761379
21911,4.259296506197381
21912,4.9266016685560805
21913,7.98369381300566
21914,9.380772489465974
21915,5.660198747687056
21916,6.493450068984757
21917,5.0090863615631145
21918,5.661969636497899
21919,8.649183426724989
21920,9.604950049051348
21921,7.855633815697316
21922,7.446041076585853
21923,6.602527004601104
21924,6.8653295114165305
21925,7.186537016086375
21926,5.9889411623529005
21927,5.8264416468421905
21928,7.270448019112785
21929,8.580989632945814
21930,5.905859018557288
21931,9.157115085938802
21932,5.1366413058974825
21933,5.5520829108100616
21934,3.0841345432360514
21935,5.918316076655677
21936,7.324575550865237
21937,7.463632047841085
21938,8.694951985309176
21939,7.730627465154866
21940,4.533140395236281
21941,5.929722728556743
21942,9.053868925940655
21943,3.9992817514704866
21944,6.178620343799047
21945,5.807347131911684
21946,5.873800003286275
21947,8.693195740199748
21948,4.6170141858346145
21949,8.639672402883857
21950,6.210907799802746
21951,8.158158703985292
21952,3.807333301700851
21953,6.273646592447862
21954,2.876273228899066
21955,7.968102428462525
21956,5.185792133353225
21957,9.052055046654415
21958,7.714707744453169
21959,5.374097894858567
21960,5.071559375325312
21961,5.013203638690571
21962,7.443479677967465
21963,8.599486920483308
21964,8.482179358325714
21965,9.838724892794422
21966,4.870352279087741
21967,3.5986414595947904
21968,8.21758478182582
21969,8.979899000709343
21970,5.912789476218527
21971,3.4682619953159457
21972,4.723727801700021
21973,5.815224762356989
21974,8.129583899402803
21975,3.092106139620081
21976,7.289529628652586
21977,5.2538235481625835
21978,8.63644134418499
21979,5.202415288889991
21980,6.660932871584606
21981,5.2594182965519884
21982,5.688862853925684
21983,2.9929628728956503
21984,5.507214817399843
21985,7.011574129889606
21986,9.006333039549931
21987,4.13442989935465
21988,7.067152148525156
21989,8.645676807133873
21990,8.180422208887247
21991,6.5482851270314475
21992,5.272449915722388
21993,5.897874430008548
21994,3.1663386053311586
21995,3.553685197163105
21996,5.759672735362172
21997,3.15491756124245
21998,5.55398852668871
21999,5.081772825677569
22000,5.196663228732169
22001,4.86051770016684
22002,4.802370295140586
22003,1.8766486315899547
22004,5.725195611700997
22005,7.154061665511358
22006,4.777440003966197
22007,9.580013520965753
22008,5.558975994514486
22009,6.74234677719872
22010,2.7810306854145495
22011,6.236511538390453
22012,6.549354551976776
22013,4.876256477161249
22014,6.63052278525361
22015,5.810419887961477
22016,5.648256345484205
22017,5.053654617854547
22018,3.7749179291174566
22019,3.4019969373138332
22020,4.2237248755699435
22021,7.626179304465044
22022,7.238927023875991
22023,4.272794708431758
22024,3.77828144718269
22025,5.5807050046646305
22026,3.748420245479675
22027,8.499693755182996
22028,8.449997984981124
22029,7.416485256800451
22030,7.812332267393753
22031,7.596372536082752
22032,4.3104647889385745
22033,8.059832790588956
22034,5.228343734432462
22035,8.722825010217376
22036,5.498049226925371
22037,4.675781687068367
22038,5.649171114989434
22039,4.59000748906349
22040,8.429310498267588
22041,6.046024470729934
22042,2.808653276269239
22043,6.765366908094283
22044,8.891223307475077
22045,5.452427222082496
22046,7.85554440130579
22047,5.311553442578475
22048,8.238555623096461
22049,3.306006181613019
22050,5.305922418370686
22051,3.2887535551276272
22052,6.722708011888721
22053,8.796940519764831
22054,6.4632293520006865
22055,8.358146894925918
22056,6.423970355972925
22057,7.995541422683335
22058,4.1125576303483165
22059,5.42408299068613
22060,8.142855800122897
22061,6.310606683129723
22062,3.3975694691468314
22063,6.354623573750886
22064,7.489233799645458
22065,5.264848403475465
22066,4.17028337219051
22067,7.028999552951028
22068,6.289632978969212
22069,7.008360468784801
22070,5.222947779091146
22071,6.358838691488726
22072,5.329270484451875
22073,8.228962978822175
22074,4.841523186475267
22075,5.815197498418498
22076,5.693544153415435
22077,9.321221385913887
22078,7.319692816172537
22079,8.550323052421714
22080,5.205576992146682
22081,8.679482335422149
22082,3.174623372686013
22083,9.316533524013934
22084,1.969136695049495
22085,3.7593024054861033
22086,6.270367985766062
22087,2.3384101979186136
22088,6.079181186897565
22089,4.586461842130495
22090,5.75686821061141
22091,6.875197968134558
22092,8.921822180140847
22093,7.327128358392392
22094,6.797937789435577
22095,4.861740829163548
22096,7.38373214937386
22097,5.851227872563006
22098,6.057875248914346
22099,8.3720090991702
22100,3.4781508320625467
22101,5.275977080495523
22102,8.144957591187652
22103,8.415361091343561
22104,1.5885961174439516
22105,5.437465438653179
22106,5.093839182619141
22107,7.137217349937213
22108,5.986887590508932
22109,3.587860202289389
22110,5.618692138876561
22111,4.320971563743876
22112,6.176031416819643
22113,6.253592047408919
22114,7.960568597749686
22115,6.280933502525986
22116,4.1684292315702685
22117,4.627348732266569
22118,7.490005790325916
22119,4.8295037518340695
22120,4.572020873512412
22121,7.458569533383766
22122,6.061652809933468
22123,4.448629550488988
22124,7.418875330831455
22125,6.0079439399311285
22126,6.332732327033964
22127,7.437529665679541
22128,4.125764093681021
22129,7.632574782363781
22130,7.02634781658486
22131,4.8775341358974185
22132,5.0188660350532714
22133,3.5825550152331562
22134,5.411188642811068
22135,6.693006835288155
22136,4.894318150268675
22137,4.552013041623565
22138,4.054037268418042
22139,6.085703876023022
22140,7.3343474159496544
22141,8.003857775435762
22142,5.153960077427736
22143,7.262617104394183
22144,7.94772955541352
22145,4.841124922173116
22146,3.0444885120731966
22147,3.8255009060432323
22148,1.285844647014867
22149,6.271385241222316
22150,4.534511336642351
22151,2.6722161020982536
22152,7.608437464366463
22153,4.134335445491722
22154,4.065678183686213
22155,5.956880226189993
22156,3.402954968595665
22157,5.795201095260921
22158,8.637793354321868
22159,6.677759526549258
22160,8.931606595711813
22161,5.969228870590997
22162,5.553219210662914
22163,4.312632706971869
22164,4.3365189093726455
22165,6.906288816888125
22166,5.294024229925656
22167,7.970895790572392
22168,7.9926091969136746
22169,3.8011785659880806
22170,4.300511513897368
22171,5.167364310186623
22172,3.527217419019329
22173,4.721221210867057
22174,5.456130397398547
22175,5.510062208223834
22176,3.7783254446460464
22177,2.056285791823755
22178,8.317800065480455
22179,6.671645503212518
22180,8.522574652193168
22181,5.129850130386996
22182,4.423151775113594
22183,6.513248444467754
22184,6.243988430342719
22185,6.649456675304115
22186,5.861076367881612
22187,7.870250786083522
22188,7.12593097997521
22189,2.7150519088427085
22190,5.935580339999182
22191,4.230309361015857
22192,5.835038478532121
22193,7.039288910371856
22194,3.8090792415138255
22195,4.59644514746167
22196,4.799504637907633
22197,6.306025115283105
22198,6.780135469607313
22199,5.236771972893229
22200,5.132137798965322
22201,5.555127111822237
22202,3.968698722912333
22203,9.004215753120254
22204,5.259441563175626
22205,5.381753028964193
22206,7.9040870520492605
22207,2.130763718381592
22208,3.2642463786551255
22209,7.076839867944891
22210,8.178386406639275
22211,9.20738713313448
22212,4.253540408305701
22213,6.019744589085042
22214,5.12951345850512
22215,7.318106134369655
22216,7.245381990676349
22217,5.14244588237101
22218,5.827835421040856
22219,7.887035823506316
22220,1.4208230011923617
22221,7.4426131658727055
22222,4.493845784683026
22223,6.977925087188255
22224,3.4951761660355856
22225,4.654591890790317
22226,5.236405846290903
22227,2.8856492446002786
22228,7.493545574553642
22229,5.498934792767604
22230,5.59625066679196
22231,7.706887184935424
22232,6.2511027712056615
22233,8.95964069040726
22234,5.023807930791732
22235,7.215837977921359
22236,0.9572589265541168
22237,2.008975783177926
22238,7.158322212086341
22239,3.8821836979132396
22240,5.893393110163954
22241,7.446355851141217
22242,5.607072360941308
22243,5.163087723080027
22244,5.157505733812809
22245,7.406710344244457
22246,7.9756977097672745
22247,6.119113916776201
22248,8.78836779763701
22249,4.791018154369528
22250,6.279889696780744
22251,3.246538220553102
22252,4.446757127070121
22253,8.821360114944905
22254,8.911456212012979
22255,7.068521671438041
22256,6.60635984221023
22257,9.25602769353395
22258,6.860846707596327
22259,1.612930262127319
22260,2.2798257980798766
22261,4.683272925860514
22262,4.290379074876278
22263,6.994295456547169
22264,4.427559463860224
22265,6.829238394613203
22266,4.89424790693132
22267,3.909539694154598
22268,3.191916732043866
22269,4.0418020092319775
22270,5.783932168533081
22271,3.8597031556458976
22272,7.3078300653075425
22273,2.3705711400757443
22274,5.438783440513293
22275,6.905029187557427
22276,7.206694534391593
22277,8.730742940758825
22278,6.7951888178112005
22279,2.2372060742266977
22280,8.619519012275806
22281,4.545184713772483
22282,4.390513201405903
22283,5.658457086533592
22284,8.60881211363036
22285,6.371566571893449
22286,5.038275596050016
22287,6.33443243105681
22288,7.742137811418193
22289,9.054000628297379
22290,4.089179349501296
22291,4.487904977624775
22292,9.61558836848673
22293,5.946644293205466
22294,8.35435379446962
22295,9.978878658996798
22296,3.1756885119890277
22297,4.086401209959503
22298,5.525270777115953
22299,6.118984291767831
22300,3.343759556330083
22301,8.703360916645924
22302,6.093157460308141
22303,5.858791774901733
22304,5.360464253363119
22305,6.7632149890769195
22306,7.606837343701492
22307,6.586776837554716
22308,9.34025836909186
22309,6.21617287212956
22310,9.525049087039575
22311,4.427290480960567
22312,5.9512987372718085
22313,3.145908117999136
22314,6.318808241834017
22315,5.9140346609183005
22316,4.412356435613142
22317,9.132263828127495
22318,2.761345911240678
22319,5.060644232677454
22320,6.172803798321744
22321,4.478003624450294
22322,5.445445239031799
22323,6.163921811840225
22324,7.258704992900182
22325,2.739466972147728
22326,3.3756943725868203
22327,4.197888924857366
22328,5.80337202316551
22329,6.290098433442323
22330,7.366022818646374
22331,5.136155278933372
22332,3.9931288342023334
22333,7.961524880112675
22334,9.256545497710706
22335,5.865315220790144
22336,6.262768848773895
22337,6.095724473765462
22338,4.789715055266994
22339,7.729619367796593
22340,9.344327500653586
22341,3.2870896184705494
22342,4.529172024442855
22343,6.733763203900297
22344,5.031454346081889
22345,7.843853354526644
22346,3.664261718619708
22347,8.049538395527689
22348,5.606522833860608
22349,6.571410727126383
22350,5.802486449892371
22351,3.2252973001165444
22352,6.479099451216481
22353,6.812833209596838
22354,5.698670238973671
22355,5.293923657077572
22356,7.161095533951507
22357,6.097060891400739
22358,5.639293606750322
22359,6.44903769138499
22360,6.038534960914261
22361,2.5375408455515376
22362,7.594231293713003
22363,3.9135066043047466
22364,8.750696531316393
22365,7.794609798546254
22366,7.350296715726981
22367,4.840999784583068
22368,4.67693070333329
22369,8.930838116704766
22370,3.1918303346980057
22371,7.176150225307929
22372,8.153055114127422
22373,3.381529042275099
22374,7.409674487385237
22375,4.486414623262187
22376,9.092192795747689
22377,4.776775440047706
22378,3.7073720575713702
22379,8.1610563676448
22380,7.595291402816351
22381,3.366125722798093
22382,7.692969977818169
22383,9.022423690167413
22384,6.259530066743765
22385,4.793490381267578
22386,7.93268799004767
22387,4.229889191343958
22388,1.4810467341952516
22389,7.178878945884345
22390,3.267682839415865
22391,4.8974102711990835
22392,7.1696698886816685
22393,6.731332712002417
22394,9.45661728456635
22395,6.460680294183611
22396,8.576330291170352
22397,8.313139552185946
22398,7.151895915711759
22399,1.8750571644736471
22400,4.8163350572903925
22401,6.801226176610524
22402,9.006933615328366
22403,7.077982406593448
22404,6.80030834153113
22405,6.569022853530725
22406,8.680413247663596
22407,3.453079457917906
22408,7.912672584930312
22409,3.7193916135720393
22410,4.950419896242583
22411,2.817056548924941
22412,8.356981980779233
22413,7.878688966618433
22414,7.172816951947177
22415,2.5236577132019353
22416,4.7656241607273
22417,8.79882057102451
22418,6.4576548936178115
22419,8.382960576573641
22420,5.8714925904927995
22421,5.853911366645448
22422,4.626022657483142
22423,4.974021629839489
22424,8.227974441808488
22425,3.8989738379402867
22426,6.637963577823444
22427,8.300462008863946
22428,8.545300258420427
22429,4.032076109727272
22430,7.371782064996242
22431,4.383770045357476
22432,4.631065945117639
22433,3.0832816305162294
22434,6.055211125567449
22435,4.882393096071985
22436,7.0727953638807435
22437,8.803832330558942
22438,5.423590272945178
22439,1.6247948836291926
22440,5.859639803613953
22441,6.652459954120726
22442,8.881950778680668
22443,8.577872791554121
22444,7.024214244951052
22445,6.244285913518924
22446,4.103230698403309
22447,2.6527619180581516
22448,8.34554970035833
22449,5.626200165438767
22450,4.622411096056815
22451,7.30119761114907
22452,7.224650773616528
22453,5.28282931517276
22454,4.371231436296677
22455,2.945353850861742
22456,6.600949916516344
22457,6.3215059071436
22458,4.783199364499841
22459,3.8569715137555423
22460,7.218555406745206
22461,7.141389154537696
22462,3.085951324391928
22463,6.776278657538244
22464,6.430806791096914
22465,4.858447433687864
22466,8.411322832566206
22467,4.5386330729024165
22468,5.176655410355247
22469,7.5994589111489175
22470,6.297212293424858
22471,8.022306687360238
22472,4.933268817898985
22473,5.036040228085388
22474,7.129397796046471
22475,2.146651024068317
22476,8.755714627572509
22477,7.271347810078048
22478,7.7284068542286235
22479,6.8674854927645175
22480,4.174876911260494
22481,8.714231797612182
22482,4.346635213484957
22483,6.546208420849206
22484,5.696919360396948
22485,2.5345958684639704
22486,3.2948615666066883
22487,7.315730769619585
22488,3.7003992793767027
22489,5.067590647674167
22490,6.4060487525764165
22491,6.840182654924129
22492,8.040279342094689
22493,6.782852502196607
22494,5.79380233200168
22495,7.607358655200085
22496,4.159339806668597
22497,8.65459549708227
22498,5.972398265192665
22499,8.518286751585512
22500,6.346164843420489
22501,4.356607402590718
22502,2.786351090597757
22503,8.658473211168907
22504,3.401287552414863
22505,5.029839968490256
22506,8.234233086200804
22507,2.7841134765160134
22508,2.5338991580539765
22509,5.854646191449149
22510,6.364431135917808
22511,2.455556205874976
22512,7.047071037711982
22513,4.359512082904044
22514,5.8292671897610475
22515,8.860253908986063
22516,5.996952798297825
22517,4.812641434146985
22518,6.729800591713751
22519,7.930413787528312
22520,7.291262899144614
22521,4.825409577606335
22522,5.596469832115751
22523,9.627784018982728
22524,4.460126950134041
22525,3.426117564925942
22526,7.9761552983940796
22527,5.4619071703902335
22528,2.1910208521210555
22529,7.545736266923302
22530,4.753702978441669
22531,7.3494812765078334
22532,4.496966007895481
22533,5.265544814257562
22534,7.391850256414037
22535,4.292060269807833
22536,4.792673373163559
22537,2.3781913023429073
22538,2.6418730442378635
22539,4.995137950265126
22540,7.645319081856922
22541,8.250282677131239
22542,5.55513150125924
22543,6.416111755422763
22544,6.881196319738545
22545,6.817321486635895
22546,7.2432980393288195
22547,5.860488368301096
22548,5.350559125154206
22549,6.013624611808152
22550,6.31905861961428
22551,6.972807352130983
22552,7.427418240773012
22553,4.174652557573322
22554,7.448494793568889
22555,3.892657035973341
22556,4.919661703329592
22557,6.157010384423479
22558,7.9501009834918
22559,7.631693926208588
22560,6.209620737267978
22561,2.478417563929403
22562,6.935101778936689
22563,3.997914148531248
22564,7.596212316559243
22565,7.100657126020901
22566,4.499031605220951
22567,4.873526741480381
22568,7.7065226231159105
22569,9.008771037645648
22570,2.6240684527879035
22571,7.204016663123437
22572,4.1068454955048095
22573,4.659904711907701
22574,6.063206015469757
22575,7.970683910291909
22576,5.499726874363426
22577,3.443264438012717
22578,6.483624307239083
22579,5.593363050630108
22580,3.6511087731264533
22581,6.3879419772298665
22582,6.258180975374777
22583,2.6204862217205687
22584,2.9081542465638512
22585,4.739419654522839
22586,3.7221012259992783
22587,3.623325238174444
22588,3.3771957075997774
22589,5.2139815030778305
22590,6.13520192079248
22591,9.198316728513
22592,3.422585715085912
22593,5.700138660176092
22594,8.15423631277219
22595,7.342944737776948
22596,6.418259629824319
22597,2.273284196750438
22598,7.033023420858806
22599,8.073478585971522
22600,4.742229191218014
22601,2.780738796834129
22602,5.053687269524351
22603,6.939022777101983
22604,7.947377625239755
22605,6.3162067475386205
22606,4.701260559432822
22607,6.816610432678888
22608,2.4461074707831894
22609,3.916472288708086
22610,6.348829064616338
22611,9.028921230172688
22612,5.40877929760219
22613,4.402596463083941
22614,2.6057192359625736
22615,4.462669190998748
22616,7.425760049536413
22617,4.748997454153793
22618,5.753387762779098
22619,8.044531348553868
22620,4.605747494392895
22621,7.03352895143865
22622,7.950343163740083
22623,5.18054231927497
22624,4.61483952930967
22625,6.140398616803937
22626,6.997609078073443
22627,6.135235791848021
22628,8.345026597564601
22629,7.853273149998312
22630,7.0189491591047695
22631,6.2087024183707475
22632,3.1115134458862936
22633,8.028344514831987
22634,9.111730784741352
22635,7.922707763671503
22636,8.13284189127456
22637,8.766482333843594
22638,6.821820587273915
22639,6.449758418338006
22640,3.7704152798319157
22641,6.721235415828007
22642,7.121225255661162
22643,0.9070096271763263
22644,8.010636380777736
22645,4.968686268038628
22646,6.782711618115297
22647,2.809693425898925
22648,5.277093196498307
22649,7.932523479209715
22650,8.072947694219389
22651,2.026743485721642
22652,6.846406075228855
22653,5.209168189811202
22654,3.8770939315152066
22655,6.528192761416007
22656,7.756559206349776
22657,3.313782847490065
22658,5.06660066916606
22659,5.018840471296914
22660,3.6726260459502975
22661,7.110840750701437
22662,6.172818753523417
22663,7.919596285964394
22664,8.257605222035021
22665,7.452288782506235
22666,5.264114725006261
22667,4.800903320236995
22668,8.078932910596368
22669,4.84179650777435
22670,6.20411464928903
22671,7.3357327139395005
22672,4.86977587981763
22673,6.2020182131975545
22674,8.286434752350345
22675,4.340791875320058
22676,7.3124001034975095
22677,4.255557440143921
22678,5.331844600161775
22679,4.834310472009462
22680,6.922353552962118
22681,2.9212123933988074
22682,4.647709646094772
22683,9.269356137110687
22684,7.499656252545609
22685,5.9864347241484
22686,3.429931026372179
22687,4.924849125783583
22688,4.170328403041577
22689,5.792831436547559
22690,7.164338647863665
22691,5.056672462803655
22692,4.642478150671946
22693,4.907933569205338
22694,7.377777671910068
22695,2.978991640460659
22696,5.147165385207395
22697,4.41141013372913
22698,2.323721518147857
22699,4.422587140557907
22700,7.959456726775937
22701,5.2284377251197
22702,6.140930534755393
22703,6.100726263001253
22704,7.120971359349776
22705,4.605442111846237
22706,5.468973801879888
22707,4.692053451972031
22708,4.6342821102621174
22709,8.223512567147084
22710,7.895805334939795
22711,4.783523800875252
22712,5.843827085743737
22713,7.111652594090683
22714,4.841550397687758
22715,5.599882502794808
22716,8.046447149337029
22717,2.771095336435367
22718,7.784893406914257
22719,3.38844639333024
22720,7.885516740277689
22721,5.625822567964088
22722,6.921837124220854
22723,4.808973671826203
22724,9.39803904981993
22725,7.036653091275933
22726,5.894715412935822
22727,6.614802297948876
22728,8.596331140873572
22729,1.3908490301116097
22730,6.272849486487016
22731,5.16210192149456
22732,3.803763267867201
22733,8.533005605190668
22734,8.432319119437079
22735,8.949452920877048
22736,7.3341823601099305
22737,6.163603268386944
22738,7.060197221527242
22739,3.80408402876731
22740,4.931820409154614
22741,5.751591308020224
22742,4.809766660585279
22743,7.473472726559166
22744,3.6481357418811085
22745,6.982872272613582
22746,2.250908546364593
22747,6.114976963551641
22748,8.85935164359414
22749,6.333144896480805
22750,2.8984198338693465
22751,6.154922065772602
22752,4.114855566727608
22753,4.800187632352754
22754,4.760815691243065
22755,5.717785242800993
22756,4.3421330594247
22757,6.239998708195369
22758,5.283662891881786
22759,3.91620920047706
22760,8.123010770325793
22761,8.19496878080253
22762,8.247462392109083
22763,8.040458900265307
22764,8.132253694273057
22765,6.396081553366533
22766,5.770692079015669
22767,6.257215230154567
22768,6.18668887584772
22769,5.379182903132902
22770,6.695790880956154
22771,4.211807968325698
22772,7.186834551444953
22773,5.312079994352525
22774,5.175414501952406
22775,6.906272820496668
22776,6.192822932814456
22777,5.31965938657766
22778,7.56456784122302
22779,9.430090955169259
22780,4.731268910155442
22781,5.45667920347848
22782,7.0793277784299775
22783,7.487023373204525
22784,4.354764900225444
22785,3.359432171650986
22786,7.065879084559758
22787,9.609357412230436
22788,4.658970209596694
22789,4.848309671481734
22790,7.0451278871498
22791,8.83643934572317
22792,4.651813613881863
22793,4.571018019579548
22794,6.168046850294002
22795,9.701437271957499
22796,7.263900599670136
22797,3.9440310147208373
22798,5.72882059562215
22799,6.44857180086757
22800,6.2179784530659425
22801,7.745293891828418
22802,6.472286611616053
22803,8.50667379047591
22804,6.0349901360698714
22805,9.483658786300637
22806,5.913431277251413
22807,6.993393910544812
22808,5.019554665054093
22809,5.996027304243338
22810,4.915983187247297
22811,4.836599304930289
22812,5.24382124177875
22813,7.175772918516941
22814,7.042072537933469
22815,7.2538771571955545
22816,8.347023435988815
22817,2.780967875724797
22818,2.459365621136005
22819,4.584672830008083
22820,6.23479357279878
22821,7.234850657451062
22822,5.71143459655699
22823,7.456644221493698
22824,7.324053835208515
22825,6.219335260859868
22826,8.805723883496297
22827,7.586077829413364
22828,3.3798750689945063
22829,5.680020433367116
22830,4.311169842979812
22831,4.1094515394528255
22832,6.039074830289054
22833,4.346881068840459
22834,8.044224323385741
22835,6.355931098284349
22836,7.599050326232171
22837,5.226980755135334
22838,6.564567000344149
22839,6.389972995358773
22840,2.519347068704281
22841,2.469527179214386
22842,8.129464599798709
22843,8.593540688335016
22844,4.96061795164984
22845,7.435876910980612
22846,7.696303260783877
22847,7.116379694542406
22848,2.6488815893394255
22849,8.773377007303688
22850,3.2453604641691745
22851,6.959660639883788
22852,3.7289550032550682
22853,6.325687070372792
22854,4.730401774523547
22855,5.7401808750217125
22856,6.0151488841651375
22857,5.087815359113686
22858,5.269031221329089
22859,4.986531002923339
22860,9.354259351415777
22861,3.975155425194152
22862,6.306930837455677
22863,4.001838911591187
22864,6.21756080122044
22865,8.540729903624813
22866,8.28710164533105
22867,5.4064407415292175
22868,8.14379109733016
22869,4.031954178332603
22870,8.224236929571871
22871,5.6690433176161825
22872,5.570486532457199
22873,6.964231882020826
22874,6.652064236040571
22875,4.784104046766434
22876,3.5098561442538947
22877,8.243408747425208
22878,4.2824923487271
22879,6.1013400561109306
22880,3.9331348441618093
22881,4.2025967294682705
22882,3.8272567440059673
22883,4.397978977998627
22884,5.215443967189629
22885,8.423747234803374
22886,8.742964930562108
22887,4.368978388744772
22888,4.6566295999303975
22889,6.0717260598648135
22890,6.980956675979617
22891,4.921450615550739
22892,3.9553186843913295
22893,4.511181431311725
22894,5.935202720431947
22895,6.926831975687415
22896,9.114385852316461
22897,5.930998559196813
22898,4.083226429816525
22899,2.704182345771008
22900,5.281247582053243
22901,2.7722006956136633
22902,8.254506952315925
22903,2.4569638966332037
22904,3.9576729813959832
22905,7.558652388748559
22906,8.797455985404454
22907,6.634922498322543
22908,7.618506380543885
22909,7.053106760589328
22910,8.697996028472195
22911,7.265528199649321
22912,9.5186233788845
22913,3.431267701558302
22914,2.1641144905212615
22915,5.671919710383688
22916,3.427782740138579
22917,6.144670184312975
22918,4.613648358393291
22919,2.857550737752475
22920,8.84569769960873
22921,6.635747193374493
22922,3.3422166594139653
22923,6.818882073685336
22924,7.198070271234055
22925,5.568361294955693
22926,3.032518307988955
22927,5.364057404532552
22928,8.037563818120548
22929,6.917889350201768
22930,7.23726365811921
22931,2.627729407242014
22932,5.310369487043047
22933,7.2306289262504055
22934,7.069489335560397
22935,8.4352309959718
22936,2.39173229767608
22937,5.566770484520554
22938,5.335501363400931
22939,7.909072347303376
22940,5.316275702187244
22941,4.357446450093583
22942,8.492632274823839
22943,3.30032931362766
22944,7.268520559555981
22945,5.025529145725967
22946,4.450330186660026
22947,6.209583657269298
22948,5.56379808781669
22949,4.934187347883814
22950,6.040010805819278
22951,6.5836807993056725
22952,4.513882091643286
22953,5.469402943467549
22954,6.363303052123138
22955,5.140131025394004
22956,2.7606162503310716
22957,3.0351023927934455
22958,6.406633729207834
22959,6.087990970817996
22960,6.822380032301259
22961,6.318807708311256
22962,7.496251273442749
22963,3.365688224402166
22964,4.284332916567571
22965,5.366463902163025
22966,4.2879038105227565
22967,4.50949655695881
22968,4.196645801971198
22969,2.48822454120475
22970,3.044257618334667
22971,9.709708538642639
22972,6.0184271359355215
22973,4.680983589238312
22974,7.835032457053701
22975,5.284320841984076
22976,2.1015922568193175
22977,3.9862436039280023
22978,6.168668766381883
22979,4.437863850748073
22980,7.789847434745847
22981,7.079656101522384
22982,6.9320106878606484
22983,6.167579309995838
22984,6.811453810880553
22985,5.454901034789909
22986,6.366285498633696
22987,8.693861090319931
22988,9.510353337287079
22989,5.972498697445339
22990,5.409249284407833
22991,7.431657342315935
22992,3.5523822861109817
22993,8.124762606101125
22994,3.428029890154041
22995,4.668732605835216
22996,3.5004885956331635
22997,7.549253341383718
22998,2.825731907562758
22999,6.522099093780706
23000,2.0198768318417213
23001,7.076220587695106
23002,7.908765895834114
23003,6.2250635235063365
23004,9.124235591423878
23005,6.567025993013296
23006,2.52956345792712
23007,8.656609829586259
23008,5.143488876484101
23009,8.412237169788982
23010,5.547293100726313
23011,5.344525766469526
23012,5.1288537917557635
23013,6.00977234543527
23014,7.8256048372101645
23015,3.276699535268103
23016,6.765755210411408
23017,4.911132840025047
23018,3.668991132691112
23019,8.588608645855471
23020,6.322022138605863
23021,5.6607571113858635
23022,4.740334656873395
23023,5.967063681699774
23024,4.947069685413926
23025,3.6242982758261904
23026,4.6433358911624225
23027,4.285153482176419
23028,6.427658413304602
23029,5.247008089098936
23030,6.7450151213255785
23031,5.81451135235835
23032,5.663619107832246
23033,4.092062155657415
23034,8.468744832891577
23035,5.303716374486411
23036,5.5496672836119005
23037,5.359810564290372
23038,7.542922709385985
23039,5.037150158779094
23040,5.837856801686418
23041,2.652702289843262
23042,6.2438438701065335
23043,5.589072475980534
23044,5.960198868939832
23045,2.626709344410696
23046,6.490744216053549
23047,8.14885160186287
23048,3.301733956304269
23049,4.747336572935197
23050,6.499653902308955
23051,9.898690519641017
23052,4.011195136508647
23053,4.839203346444735
23054,6.555867046019472
23055,5.843728640125444
23056,8.17847886189315
23057,5.767881616940316
23058,8.890162320987734
23059,7.386214139509176
23060,8.209740783951096
23061,5.709815364200682
23062,6.637994421602798
23063,4.193962962253997
23064,6.523376428417333
23065,6.620586900007068
23066,3.8097349935647395
23067,6.223668620605729
23068,3.7934741184171856
23069,7.041365064760436
23070,3.689245332704047
23071,5.606910984666882
23072,8.418559935491311
23073,5.5573911099228015
23074,7.429053116044917
23075,5.637925153361481
23076,5.714816115379385
23077,7.901191415625235
23078,7.061992237186423
23079,3.5340636917177743
23080,8.543071186686104
23081,7.564118829988196
23082,6.4967305226386225
23083,6.389634883154103
23084,7.2722938531041095
23085,5.734930253691749
23086,5.519831593736923
23087,8.734039624718918
23088,7.393792029215451
23089,7.319617874815522
23090,5.183382377134085
23091,6.268759798121777
23092,4.858374392810733
23093,6.557573532579497
23094,6.9836887913929635
23095,5.916873717806752
23096,8.531723630047425
23097,5.216282183632879
23098,5.489254274227331
23099,8.401577455368837
23100,6.369180406459791
23101,7.693501203613703
23102,1.2205544671996373
23103,8.061806661634538
23104,5.458501508493578
23105,5.401840981558888
23106,5.3500088125293805
23107,4.715923876973124
23108,8.732627446791648
23109,5.409327695952846
23110,2.8483395584759745
23111,3.865571099752461
23112,7.182771421520779
23113,4.539054062055241
23114,7.1270976232479715
23115,8.250677793057077
23116,0.9490144768926447
23117,6.778308685434135
23118,6.758717729588546
23119,7.619478240292547
23120,8.786181771240456
23121,6.916691601711763
23122,8.161184495432542
23123,7.891587325564161
23124,4.988124410433704
23125,7.1002511398490995
23126,7.92854772486952
23127,5.084449589666523
23128,7.737174625687584
23129,6.0364024006686625
23130,3.4531591009460954
23131,5.451897332502361
23132,7.548566145731957
23133,5.268008237162472
23134,6.235548104117425
23135,5.529104365704257
23136,8.151348039228596
23137,5.244280878362715
23138,4.089394860201161
23139,8.496547095264367
23140,6.4524316789132365
23141,5.676249617236547
23142,4.422062927978233
23143,4.109031428363702
23144,5.228314484056068
23145,5.365410598680243
23146,7.285557086911511
23147,6.650162194530031
23148,4.299762120135797
23149,7.178264189453444
23150,7.109925387362685
23151,7.040054924752394
23152,5.738836783720223
23153,4.289850822471421
23154,5.0241059571864275
23155,3.5603588724778894
23156,0.6502628060173399
23157,5.931524840936094
23158,5.6318721240848575
23159,4.303208519229246
23160,6.854238813004021
23161,6.102484782428819
23162,2.32209628102675
23163,7.677652770463612
23164,3.705324218610498
23165,5.973792224782965
23166,8.671964022608657
23167,8.617486484644314
23168,7.330932920340125
23169,7.070363871283397
23170,6.665506638073897
23171,2.9139165769581252
23172,8.052434440257924
23173,7.0629765910466915
23174,1.0006953983922446
23175,5.64012303657203
23176,6.252437063376114
23177,7.627160432285753
23178,8.881381383992412
23179,7.065540401890114
23180,9.28668878738218
23181,5.777086012375577
23182,4.480358035360157
23183,5.108775099742067
23184,8.320139887749784
23185,7.350974015216349
23186,6.938783173436452
23187,7.1641214839059675
23188,3.3378689591883495
23189,5.691495130830381
23190,7.412641086221727
23191,7.9097666943576845
23192,5.6308404984678075
23193,8.49630936163318
23194,5.965518846756183
23195,6.412805203669082
23196,3.9565076768226652
23197,4.032113202541914
23198,6.846023653985224
23199,6.644762973093115
23200,5.577834826049035
23201,7.411885752030075
23202,4.474426848248324
23203,6.009331168167585
23204,7.431428128524726
23205,5.953062963775543
23206,5.309935866357967
23207,5.881829903374857
23208,2.4584153030036746
23209,5.200625364135457
23210,1.5585271796410576
23211,4.187319423219397
23212,6.849453401775159
23213,3.2652050117236393
23214,7.6801941085645105
23215,5.402231313972667
23216,6.950283958202436
23217,2.985498055527756
23218,6.748543079679056
23219,6.577510731889106
23220,4.682002348890609
23221,4.836123794644299
23222,4.029837974784963
23223,4.180419529502309
23224,5.1924124592514636
23225,7.367650207523853
23226,7.463634776692539
23227,6.417448452525129
23228,7.734795729215972
23229,6.850207815209104
23230,5.908549909861677
23231,6.490953470173383
23232,6.999499124153747
23233,6.527356971115252
23234,4.643328499860746
23235,3.8886979912933786
23236,6.552772790750363
23237,4.890409195591895
23238,6.895349020583582
23239,7.050523777601628
23240,2.2537414459390397
23241,5.619583850905571
23242,4.909862164714436
23243,4.398316345947922
23244,5.885989675763573
23245,6.206480589906043
23246,6.012681789523917
23247,5.917063619325219
23248,6.903170017473718
23249,4.0292132540317045
23250,4.584530321096253
23251,6.419694325194565
23252,5.987908123042493
23253,5.2418423491769595
23254,1.738840844378031
23255,8.667461623199927
23256,8.011316287485364
23257,4.24344993301649
23258,3.235514499147789
23259,9.066150040217346
23260,8.65724372273162
23261,6.102123714377048
23262,1.2387082307689599
23263,8.054264782880553
23264,7.465340471095511
23265,5.265803949421531
23266,7.039819263047733
23267,5.700381315594527
23268,5.929705986419826
23269,8.950299924870748
23270,6.8413608185115695
23271,5.677217259891433
23272,6.028574212334231
23273,7.827270327318108
23274,6.971233228596639
23275,8.061621190282434
23276,7.55449155983393
23277,3.4110122650855073
23278,3.79745901909554
23279,4.97093883691074
23280,6.194822859545693
23281,4.794481729317303
23282,6.4509957299815435
23283,4.896713002945299
23284,4.517542074621519
23285,6.136271047284126
23286,4.973359086015928
23287,5.436837001151719
23288,3.9827603333878394
23289,7.193909143933787
23290,7.408677521792429
23291,6.889929062409321
23292,5.529652268457548
23293,5.873659368093346
23294,7.724304527943721
23295,6.470419377716169
23296,9.62649089808653
23297,7.032014375689874
23298,7.877176806695847
23299,7.124085767290814
23300,5.435751725020076
23301,4.762341432190309
23302,7.591729021797219
23303,8.275743825537376
23304,5.581797028100711
23305,4.990411373000141
23306,6.460409346455543
23307,8.35094640498479
23308,8.706944023668928
23309,5.279429056323299
23310,6.270962085960773
23311,5.325140217189352
23312,7.815890020144603
23313,4.0382508359836375
23314,6.24332655960076
23315,5.551666710802876
23316,9.020871257535537
23317,4.9248180437342715
23318,9.002967180111973
23319,6.708079308708674
23320,2.6033110266995823
23321,4.0503127564549954
23322,8.10783934085178
23323,6.615091195379862
23324,7.6571230804747765
23325,7.415860929502066
23326,6.916497325978605
23327,3.820767212978217
23328,6.038231352555133
23329,4.919868174285567
23330,9.590811052529807
23331,5.746180931555024
23332,7.153964366999465
23333,4.919515874675725
23334,5.341994276554948
23335,3.7567101568259322
23336,3.1851653862627307
23337,5.230984191904246
23338,5.817085230825019
23339,8.040557222347246
23340,7.484804931183344
23341,8.79592090967879
23342,4.978954586301538
23343,6.020908915751876
23344,6.181325877202298
23345,7.972843557814569
23346,6.946575659494
23347,3.1198273229646554
23348,3.913228562089549
23349,2.1348298784956254
23350,5.350001895698227
23351,5.864295910868855
23352,6.965715597386727
23353,4.591827007331538
23354,4.073282673607485
23355,8.726850690365124
23356,6.188176294251959
23357,7.003061726396991
23358,9.558199155710916
23359,5.449230353625881
23360,5.520905259808122
23361,7.437844280840572
23362,7.7583173713505555
23363,3.2654499303858775
23364,4.309609448980955
23365,4.220404151139729
23366,7.263275768958263
23367,5.566740917712712
23368,6.458636607681367
23369,4.6688038280930355
23370,4.1706270982407245
23371,3.521505219189416
23372,6.025043849028541
23373,9.27118390346663
23374,4.2324909602712495
23375,4.811269715032602
23376,8.756273174050103
23377,4.600255287612005
23378,3.2763684016490697
23379,6.599508200278207
23380,4.1860832346165
23381,6.761004241868525
23382,4.66795952885491
23383,5.441547401104534
23384,7.529561904393225
23385,3.9473985928812003
23386,3.683130576348158
23387,4.234716316539962
23388,3.505389071392715
23389,2.377066736155929
23390,4.714653461235801
23391,7.331336611986824
23392,2.3093346592467325
23393,7.575157607982308
23394,6.736180823251031
23395,4.113181427512236
23396,6.277019613955828
23397,5.874388744717086
23398,1.4454332633270501
23399,5.87854879149024
23400,9.073765668014305
23401,1.6001142506110149
23402,6.411413229667699
23403,5.193795495890968
23404,5.913504605708617
23405,4.6119690335327785
23406,9.102241544449528
23407,8.829972025112545
23408,4.934174983642178
23409,2.673039725875327
23410,8.954307230983527
23411,6.136454028397042
23412,4.923418406317063
23413,8.014095908990429
23414,1.9849532761795825
23415,7.531367699021283
23416,5.953955538204662
23417,6.007922252892075
23418,6.506655197652724
23419,3.759955381120146
23420,6.82101670911242
23421,3.7322290578330977
23422,7.154345707229491
23423,7.435237088439115
23424,7.789003978756428
23425,6.720176340640157
23426,7.930618224125529
23427,9.243092876333971
23428,2.375164623424286
23429,2.921458365466417
23430,7.387944225180864
23431,5.253250451270614
23432,7.634892774741567
23433,3.2102080753225417
23434,5.39206329950312
23435,6.30435473419306
23436,8.07388740000604
23437,8.622751228644095
23438,4.229321385349129
23439,2.641932981758448
23440,2.3607129083575997
23441,4.462126503818104
23442,4.067224317582459
23443,5.750061481660043
23444,5.046644196489962
23445,7.846740894704926
23446,7.542806071752843
23447,6.742295868168222
23448,3.720254849916503
23449,6.280898425237149
23450,7.328021824978273
23451,4.110888417641278
23452,7.2305094573981625
23453,4.3892233723834035
23454,8.293130853147321
23455,3.7678122484958747
23456,6.457487510249426
23457,6.619066733543878
23458,4.091987739624651
23459,2.2474581761290904
23460,3.6756152847847945
23461,8.848647885183434
23462,7.666759621652858
23463,6.584009563874071
23464,7.4167270645612975
23465,5.981205958114817
23466,8.095817665620476
23467,9.230943878657454
23468,5.784124522650012
23469,4.680867537452709
23470,8.145742509989692
23471,5.264162514655553
23472,5.359993264453275
23473,8.297731807997666
23474,5.708240614261406
23475,4.350876158345785
23476,1.9739081737479962
23477,6.602688136892373
23478,6.56755854282715
23479,3.703067460841171
23480,6.328907024622341
23481,3.8135824765509563
23482,9.25519122451888
23483,5.641803381494175
23484,7.886791623855104
23485,7.596128638139364
23486,7.729721305839724
23487,6.665117478448809
23488,8.850068628799544
23489,4.7230009608785215
23490,3.93841729492717
23491,3.9915728892935163
23492,4.748262374284077
23493,8.254877019406203
23494,3.588764491623135
23495,5.066855699651856
23496,6.969598430411838
23497,3.679913896228882
23498,3.7630486267139207
23499,5.342238485930386
23500,2.4780875470929336
23501,7.342067384773542
23502,9.99986483073902
23503,6.985206070362635
23504,6.509255333697618
23505,8.210642801122289
23506,6.723571231422066
23507,6.15998661017085
23508,7.696108597022852
23509,9.984207069910015
23510,4.160541230535769
23511,6.735116312449076
23512,4.513648011783705
23513,4.346536827443842
23514,6.6083198257274836
23515,2.655554393011023
23516,8.405783005215246
23517,6.528898204621694
23518,4.996545691932076
23519,4.7423278412950065
23520,6.593386580687435
23521,8.255582387956068
23522,7.151059826266226
23523,6.138077794447455
23524,5.987080451957959
23525,3.7091077687440683
23526,7.889902576527937
23527,1.6021424534620805
23528,3.3675203478871536
23529,8.415327877340944
23530,9.23619899297266
23531,3.9672073940342973
23532,4.963736700072462
23533,6.803850323610679
23534,6.356430746390551
23535,5.555317532614319
23536,6.648827077419936
23537,2.0011324864461666
23538,7.313168531845418
23539,2.1011391341505137
23540,4.864070602763205
23541,4.206792617068285
23542,2.8712425213960726
23543,4.889508302387069
23544,4.320020967075968
23545,6.243702823746755
23546,3.1538318173144537
23547,8.732528204640332
23548,6.338364092718204
23549,6.533785687716329
23550,6.468913067529109
23551,5.44010353965211
23552,5.755460742209815
23553,5.336201044058312
23554,2.9531669316860802
23555,5.603222180326571
23556,7.099099748125087
23557,7.086810541641203
23558,4.324409290850111
23559,9.198148262010307
23560,6.8714489591947965
23561,8.895490255557327
23562,5.594178675849708
23563,7.635279734638189
23564,4.506778786114292
23565,5.079697302260963
23566,5.737362388469755
23567,4.236754740610702
23568,5.550512165450992
23569,2.7998953547721275
23570,7.133336316130775
23571,5.730821953512495
23572,4.83523105231962
23573,4.227498059105571
23574,4.554775947061138
23575,4.77635228708911
23576,6.574372601906589
23577,6.787006869320207
23578,2.878525421068092
23579,6.938035784328399
23580,4.294530053743759
23581,4.615203429085788
23582,6.2350144645097245
23583,5.8057668934738045
23584,6.509232058429313
23585,4.664179426697578
23586,2.9655915837908324
23587,5.4374375438079845
23588,3.812591931773583
23589,4.89264210788501
23590,9.362279079027653
23591,6.112045054292679
23592,4.380264851120094
23593,4.736564848881299
23594,3.4335716089310844
23595,7.158444507504283
23596,3.3187322203087817
23597,2.25476267703125
23598,7.754770638911025
23599,3.1487149966714316
23600,3.089167833398851
23601,7.626367657533482
23602,6.4894364363671455
23603,5.913489385947784
23604,1.864170953951707
23605,9.914154849178786
23606,4.183816036128991
23607,5.127955557298181
23608,7.3366091432581575
23609,8.397610426016918
23610,1.932871436341359
23611,2.523977412474157
23612,3.5336608073295523
23613,7.434143384207099
23614,6.3746054250908974
23615,2.5611154530695015
23616,6.722212302128767
23617,6.732349685084506
23618,6.163906571435607
23619,2.4097784874170065
23620,5.215843286440181
23621,5.242599542676752
23622,6.592286935877069
23623,7.020963971954935
23624,5.189337300171028
23625,9.090573936085907
23626,6.316092428963538
23627,7.09567010673636
23628,1.0205104607733935
23629,9.096198373700334
23630,5.844081731808289
23631,7.0791660108566345
23632,4.553024511890816
23633,7.603478461977584
23634,6.272942707914177
23635,4.454529408055208
23636,5.415778885595865
23637,5.773343773849961
23638,7.449038707052786
23639,9.333605013604808
23640,4.681150321350936
23641,8.613914149419687
23642,4.763198201279219
23643,4.645748120376839
23644,7.810469285707013
23645,7.291619361545115
23646,2.087434751822584
23647,5.9258722790155485
23648,6.4442530884163025
23649,5.335616770921748
23650,6.770736563791207
23651,7.358677271511565
23652,7.102820612996922
23653,5.8555457558503505
23654,4.763529051431063
23655,6.990604377176333
23656,6.691831872828755
23657,5.137560855976244
23658,6.186562730259424
23659,5.379710977637469
23660,6.4711451479186435
23661,6.7990933191612335
23662,6.6734401382092985
23663,5.399812209490668
23664,3.1251168837483925
23665,7.138560753154285
23666,6.464885830534242
23667,8.704773667046416
23668,7.119397118502978
23669,6.926124550072029
23670,4.825020075706302
23671,5.883326426432214
23672,9.142242433772473
23673,7.114995396483142
23674,6.37540286869006
23675,4.819030636257707
23676,6.371645614536455
23677,7.89159258878337
23678,6.266729456691282
23679,10.0
23680,3.6968809306616612
23681,5.989350266489679
23682,7.062268173771081
23683,5.79014986428576
23684,4.56718504494391
23685,4.769503829169841
23686,8.33996080123693
23687,4.470902232351277
23688,6.422539194512902
23689,6.800681490843166
23690,2.4611816295413047
23691,5.9332394324017805
23692,4.210590180247148
23693,9.669470354250446
23694,5.986004482110997
23695,2.4552044691275423
23696,3.87059926659729
23697,8.309819346080026
23698,7.318864818312931
23699,3.7113424216238977
23700,6.681743025672439
23701,4.822796096672317
23702,4.8608700157391755
23703,7.960252701605997
23704,6.7456362904311415
23705,7.210666406482873
23706,5.743824281907889
23707,7.160086385116097
23708,6.151500369736156
23709,6.980633750388028
23710,5.464938437419802
23711,1.698954127080404
23712,6.7310758568334705
23713,5.740858700242172
23714,8.020951285246536
23715,2.92643536565961
23716,3.476784303558427
23717,8.532477723337491
23718,5.069041464135874
23719,7.680962136012232
23720,5.4932721912357865
23721,3.093380794819049
23722,1.411760128895319
23723,5.338377550204777
23724,4.75563130302206
23725,4.689356787313847
23726,5.758538903501287
23727,5.396695726917161
23728,6.9181082168173935
23729,8.976527708319939
23730,1.544366313074577
23731,3.9079229443961707
23732,6.036228479105703
23733,6.391581427863128
23734,8.705448184348155
23735,6.305659247284695
23736,3.272010856165906
23737,7.5091566575765585
23738,4.956149613696191
23739,8.91286237233934
23740,8.959196412624559
23741,2.494234879456635
23742,4.151738930974574
23743,4.872699566972187
23744,7.515015774410279
23745,7.84353050948688
23746,2.151306239418105
23747,8.21300216298429
23748,7.763641171634925
23749,7.61572818334265
23750,4.878545856970609
23751,4.498318255103946
23752,6.063368553254612
23753,7.787220776383744
23754,6.569975292208774
23755,7.342575489091585
23756,3.6208355142224917
23757,4.059902946254988
23758,4.787729444675175
23759,5.473050087824285
23760,7.772189377978408
23761,3.0640207814673706
23762,5.183743170684999
23763,4.884864131910752
23764,7.90532887903218
23765,4.927000499293979
23766,1.98426858549579
23767,6.343988440313862
23768,4.302176772466627
23769,4.868784773155027
23770,2.6915771995708733
23771,6.535162888358004
23772,4.123838058161583
23773,9.770332318059646
23774,7.559384161363148
23775,7.558867159062279
23776,5.552494564827435
23777,8.291792598335977
23778,5.6126333959228605
23779,3.511043809456603
23780,3.0855497843266235
23781,2.906873636294701
23782,3.1714208593154534
23783,6.802407674160967
23784,5.27192031235427
23785,6.992177915382949
23786,7.111665000309306
23787,7.933287640051101
23788,6.898878965580677
23789,6.7208470430573755
23790,3.4529717882163276
23791,3.1185513781733114
23792,7.123254211333056
23793,6.32268430008448
23794,6.6815607418827785
23795,3.419336624314824
23796,5.484238590425669
23797,7.140715883121764
23798,5.887052569806811
23799,7.5118123989237695
23800,2.660106797347309
23801,6.907906112984837
23802,6.4117983694924225
23803,4.872557774447339
23804,5.010641881198323
23805,6.381873672827456
23806,5.98482563184565
23807,7.439593320885241
23808,3.1450341200725243
23809,1.2359308934144044
23810,3.738294995884073
23811,4.811346925905626
23812,2.7628894364751773
23813,2.0959826983448124
23814,6.669129021946283
23815,5.739636243100915
23816,3.761596865288265
23817,4.050667715404914
23818,5.7702131512142625
23819,8.675194976359506
23820,8.945790816582832
23821,7.936520393013896
23822,5.717478234345671
23823,6.93973603588993
23824,7.932566689328082
23825,6.491831917914633
23826,6.008378840866796
23827,4.064752196664218
23828,7.444280658563921
23829,4.469661874918019
23830,6.614843633619156
23831,0.36164405711108955
23832,3.47422230909751
23833,1.7308728291317714
23834,8.156200760323326
23835,2.5894619555181304
23836,5.809443738310243
23837,5.586676396509607
23838,3.331229191168534
23839,5.168298783591881
23840,2.544760032862117
23841,4.998580738177476
23842,6.309889742562932
23843,7.326154077061229
23844,2.184560748626439
23845,4.1626908043971
23846,3.731039460689579
23847,8.938212430819528
23848,3.806989561814
23849,7.584811085656932
23850,7.49891803922025
23851,5.0637522517467675
23852,7.431937351202274
23853,8.838675172020498
23854,3.844584748341269
23855,6.799175878545978
23856,7.305499512720635
23857,6.0715524952167605
23858,2.9861152989510003
23859,9.217392720564638
23860,4.752120082329477
23861,8.35379278566829
23862,7.7293987819556955
23863,8.240301109000155
23864,2.3468094988414365
23865,7.282239568208204
23866,4.106983811156091
23867,4.180239503816568
23868,3.8357977134955896
23869,5.649749981846658
23870,4.586082760903979
23871,10.0
23872,6.140654173452865
23873,4.610271439582162
23874,4.114088140706802
23875,6.568629394238456
23876,9.458254022569331
23877,6.662687751245156
23878,7.381161653925945
23879,5.134089461925273
23880,6.466119592755799
23881,1.1014942256809108
23882,7.800962689740442
23883,2.3323839957802113
23884,5.286363546379001
23885,3.9521450412632335
23886,7.251186637158315
23887,6.287937356522121
23888,5.852392807716481
23889,4.906818084196146
23890,8.696884207252058
23891,6.913918589647584
23892,5.959145859518523
23893,6.0905855494451595
23894,3.268472260091498
23895,4.260585052981923
23896,3.2365428849107634
23897,6.733274827187401
23898,7.3892664013039395
23899,2.829813157735871
23900,2.5240943916759457
23901,6.79413542121342
23902,5.330984096355568
23903,6.7533372116206145
23904,6.531310445567476
23905,8.165942100627385
23906,7.5861449851186435
23907,6.856499294275361
23908,3.6860122812825984
23909,7.157808501731541
23910,7.271877962667004
23911,6.2387841597968405
23912,7.394328710320998
23913,6.0500890448766755
23914,5.79159383327238
23915,8.467331628024752
23916,5.392239863780706
23917,2.9881772487425216
23918,4.922125777374193
23919,4.052232864357417
23920,8.740372085005076
23921,7.4779380490462275
23922,1.1560723828108381
23923,5.244963116033221
23924,6.658660803394373
23925,3.978852053268957
23926,6.9205718051048155
23927,8.160891569171149
23928,1.1556756769702736
23929,5.008929666757481
23930,4.118543769266733
23931,3.3138372047918665
23932,5.07331503553006
23933,6.1221355551590015
23934,6.0153801003666505
23935,5.774677671333248
23936,3.7876035534691317
23937,5.461743069527653
23938,4.730414503686565
23939,2.5302138953336866
23940,5.86424582223847
23941,5.306069007953104
23942,3.6576326235993246
23943,8.453390743997108
23944,7.2723534061464745
23945,5.812776887847696
23946,8.354802841555177
23947,5.013872765049196
23948,4.242117619773574
23949,4.885705332471673
23950,6.697280688212274
23951,5.053686524092012
23952,6.93135680975535
23953,5.549080344293499
23954,7.907790670077103
23955,2.0768555338970733
23956,2.6106578322375458
23957,3.9884758648414693
23958,8.125822340919393
23959,9.98379867498057
23960,4.99592890271205
23961,6.308135909016073
23962,4.9646568301017275
23963,4.226380703656198
23964,5.818303141243716
23965,4.463058378340958
23966,1.686202803139376
23967,6.349794296281637
23968,6.7215558718141875
23969,5.787294111688052
23970,4.906036966255774
23971,6.969193567409144
23972,2.8326917952000006
23973,7.5437437030650045
23974,7.271618733301151
23975,8.607568842183161
23976,5.331824502129983
23977,8.341874300632286
23978,7.323371432717514
23979,8.337609220806959
23980,3.806911378123103
23981,8.667179129196139
23982,7.154026462509836
23983,5.125654133252267
23984,5.030108721659984
23985,7.978009687709789
23986,6.182901755315901
23987,7.076389185785199
23988,6.214470367062356
23989,4.993108484008438
23990,3.945263877754445
23991,6.323434498083899
23992,4.15182537372219
23993,8.708964275645261
23994,5.203072042789066
23995,6.36938691521482
23996,3.387458024629681
23997,3.6946923934940106
23998,5.385481118186028
23999,5.056686122170244
24000,3.112644014509803
